gene	uniprot_id	position	residue	is_psite	disorder_score	disorder_state	plddt	structural_state	sasa	rsa	sasa_location
MRX6	P48564	12	Y	False	0.94	Disordered	27.9	Very low	221.0	86.67	Exposed
MRX6	P48564	27	T	False	0.93	Disordered	29.9	Very low	128.0	78.53	Exposed
MRX6	P48564	30	S	False	0.946	Disordered	25.0	Very low	104.0	72.73	Exposed
MRX6	P48564	35	S	False	0.978	Disordered	35.8	Very low	129.0	90.21	Exposed
MRX6	P48564	53	S	False	0.979	Disordered	33.2	Very low	96.0	67.13	Exposed
MRX6	P48564	54	S	False	0.964	Disordered	39.8	Very low	125.0	87.41	Exposed
MRX6	P48564	62	S	False	0.953	Disordered	33.1	Very low	108.0	75.52	Exposed
MRX6	P48564	68	Y	False	0.952	Disordered	31.9	Very low	195.0	76.47	Exposed
MRX6	P48564	72	T	False	0.949	Disordered	31.5	Very low	121.0	74.23	Exposed
MRX6	P48564	79	S	False	0.965	Disordered	35.1	Very low	82.0	57.34	Exposed
MRX6	P48564	83	S	False	0.974	Disordered	32.1	Very low	94.0	65.73	Exposed
MRX6	P48564	92	T	False	0.988	Disordered	32.7	Very low	133.0	81.6	Exposed
MRX6	P48564	96	Y	True	0.99	Disordered	31.4	Very low	209.0	81.96	Exposed
MRX6	P48564	98	S	False	1.0	Disordered	32.2	Very low	121.0	84.62	Exposed
MRX6	P48564	100	S	False	0.977	Disordered	34.0	Very low	95.0	66.43	Exposed
MRX6	P48564	103	S	False	0.98	Disordered	38.5	Very low	115.0	80.42	Exposed
MRX6	P48564	105	S	False	0.955	Disordered	43.4	Very low	77.0	53.85	Exposed
MRX6	P48564	116	S	False	0.993	Disordered	51.6	Low	37.0	25.87	Exposed
MRX6	P48564	117	T	False	0.996	Disordered	56.8	Low	63.0	38.65	Exposed
MRX6	P48564	119	Y	False	0.999	Disordered	57.6	Low	179.0	70.2	Exposed
MRX6	P48564	121	S	False	0.992	Disordered	61.0	Low	58.0	40.56	Exposed
MRX6	P48564	127	T	False	0.981	Disordered	50.5	Low	75.0	46.01	Exposed
MRX6	P48564	134	Y	False	0.956	Disordered	35.2	Very low	246.0	96.47	Exposed
MRX6	P48564	142	S	False	0.946	Disordered	37.8	Very low	63.0	44.06	Exposed
MRX6	P48564	146	S	False	0.946	Disordered	43.4	Very low	91.0	63.64	Exposed
MRX6	P48564	170	S	False	0.808	Disordered	30.7	Very low	98.0	68.53	Exposed
MRX6	P48564	188	T	False	0.685	Disordered	49.6	Very low	118.0	72.39	Exposed
MRX6	P48564	189	S	False	0.688	Disordered	44.2	Very low	93.0	65.03	Exposed
MRX6	P48564	193	S	False	0.747	Disordered	35.8	Very low	117.0	81.82	Exposed
MRX6	P48564	196	S	False	0.768	Disordered	33.4	Very low	112.0	78.32	Exposed
MRX6	P48564	202	S	False	0.75	Disordered	33.1	Very low	114.0	79.72	Exposed
MRX6	P48564	203	S	False	0.747	Disordered	34.0	Very low	95.0	66.43	Exposed
MRX6	P48564	215	S	False	0.674	Disordered	32.2	Very low	100.0	69.93	Exposed
MRX6	P48564	217	S	False	0.659	Disordered	30.2	Very low	90.0	62.94	Exposed
MRX6	P48564	221	Y	False	0.586	Disordered	34.9	Very low	144.0	56.47	Exposed
MRX6	P48564	228	Y	False	0.454	Ordered	59.5	Low	197.0	77.25	Exposed
MRX6	P48564	249	S	False	0.503	Disordered	40.8	Very low	123.0	86.01	Exposed
MRX6	P48564	258	T	False	0.494	Ordered	51.7	Low	150.0	92.02	Exposed
MRX6	P48564	272	T	False	0.359	Ordered	47.0	Very low	77.0	47.24	Exposed
MRX6	P48564	279	Y	False	0.373	Ordered	52.9	Low	143.0	56.08	Exposed
MRX6	P48564	283	S	False	0.414	Ordered	38.2	Very low	102.0	71.33	Exposed
MRX6	P48564	288	S	False	0.508	Disordered	40.6	Very low	85.0	59.44	Exposed
MRX6	P48564	290	Y	False	0.553	Disordered	39.8	Very low	114.0	44.71	Exposed
MRX6	P48564	292	T	False	0.601	Disordered	38.6	Very low	108.0	66.26	Exposed
MRX6	P48564	298	S	False	0.687	Disordered	40.2	Very low	116.0	81.12	Exposed
MRX6	P48564	300	Y	False	0.688	Disordered	40.8	Very low	123.0	48.24	Exposed
MRX6	P48564	301	S	False	0.684	Disordered	45.7	Very low	78.0	54.55	Exposed
MRX6	P48564	302	S	False	0.681	Disordered	54.2	Low	100.0	69.93	Exposed
MRX6	P48564	305	T	False	0.655	Disordered	64.8	Low	63.0	38.65	Exposed
MRX6	P48564	306	S	False	0.642	Disordered	76.0	Confident	44.0	30.77	Exposed
MRX6	P48564	316	S	False	0.477	Ordered	85.5	Confident	60.0	41.96	Exposed
MRX6	P48564	325	Y	False	0.32	Ordered	83.2	Confident	9.0	3.53	Buried
MRX6	P48564	327	Y	False	0.294	Ordered	81.9	Confident	122.0	47.84	Exposed
MRX6	P48564	330	T	False	0.25	Ordered	83.7	Confident	77.0	47.24	Exposed
MRX6	P48564	344	T	False	0.072	Ordered	88.0	Confident	50.0	30.67	Exposed
MRX6	P48564	358	T	False	0.064	Ordered	84.1	Confident	39.0	23.93	Exposed
MRX6	P48564	361	S	False	0.073	Ordered	81.9	Confident	88.0	61.54	Exposed
MRX6	P48564	376	Y	False	0.106	Ordered	81.6	Confident	1.0	0.39	Buried
MRX6	P48564	378	S	False	0.104	Ordered	74.9	Confident	25.0	17.48	Buried
MRX6	P48564	380	S	False	0.099	Ordered	77.8	Confident	53.0	37.06	Exposed
MRX6	P48564	383	T	False	0.087	Ordered	81.1	Confident	19.0	11.66	Buried
MRX6	P48564	390	S	False	0.078	Ordered	87.9	Confident	27.0	18.88	Buried
MRX6	P48564	400	Y	False	0.067	Ordered	87.3	Confident	141.0	55.29	Exposed
MRX6	P48564	403	Y	False	0.1	Ordered	88.1	Confident	20.0	7.84	Buried
MRX6	P48564	404	T	False	0.112	Ordered	87.2	Confident	46.0	28.22	Exposed
MRX6	P48564	405	T	False	0.12	Ordered	85.6	Confident	59.0	36.2	Exposed
MRX6	P48564	408	S	False	0.135	Ordered	83.8	Confident	93.0	65.03	Exposed
MRX6	P48564	409	T	False	0.139	Ordered	85.2	Confident	53.0	32.52	Exposed
MRX6	P48564	411	T	False	0.143	Ordered	79.4	Confident	142.0	87.12	Exposed
MRX6	P48564	413	S	False	0.148	Ordered	87.3	Confident	72.0	50.35	Exposed
MRX6	P48564	416	S	False	0.151	Ordered	85.8	Confident	27.0	18.88	Buried
MRX6	P48564	426	Y	False	0.102	Ordered	92.1	Very high	96.0	37.65	Exposed
MRX6	P48564	435	S	False	0.081	Ordered	87.6	Confident	2.0	1.4	Buried
MRX6	P48564	440	S	False	0.103	Ordered	76.6	Confident	58.0	40.56	Exposed
MRX6	P48564	441	T	False	0.111	Ordered	74.4	Confident	25.0	15.34	Buried
MRX6	P48564	442	Y	False	0.119	Ordered	68.5	Low	86.0	33.73	Exposed
MRX6	P48564	455	S	False	0.108	Ordered	81.8	Confident	14.0	9.79	Buried
MRX6	P48564	468	Y	False	0.137	Ordered	69.1	Low	176.0	69.02	Exposed
MRX6	P48564	469	T	False	0.141	Ordered	68.6	Low	87.0	53.37	Exposed
MRX6	P48564	474	T	False	0.144	Ordered	65.4	Low	28.0	17.18	Buried
MRX6	P48564	479	T	False	0.149	Ordered	58.3	Low	16.0	9.82	Buried
MRX6	P48564	487	S	False	0.145	Ordered	49.8	Very low	73.0	51.05	Exposed
MRX6	P48564	492	Y	False	0.16	Ordered	40.8	Very low	167.0	65.49	Exposed
MRX6	P48564	495	T	False	0.155	Ordered	55.0	Low	86.0	52.76	Exposed
MRX6	P48564	497	S	False	0.155	Ordered	53.7	Low	90.0	62.94	Exposed
MRX6	P48564	501	Y	False	0.149	Ordered	54.8	Low	132.0	51.76	Exposed
MRX6	P48564	502	T	False	0.154	Ordered	53.8	Low	31.0	19.02	Buried
MRX6	P48564	504	Y	False	0.151	Ordered	56.1	Low	153.0	60.0	Exposed
MRX6	P48564	506	T	False	0.168	Ordered	55.5	Low	48.0	29.45	Exposed
MRX6	P48564	510	T	False	0.196	Ordered	78.2	Confident	72.0	44.17	Exposed
MRX6	P48564	515	T	False	0.245	Ordered	80.0	Confident	53.0	32.52	Exposed
MRX6	P48564	522	Y	False	0.186	Ordered	51.5	Low	193.0	75.69	Exposed
MRX6	P48564	523	Y	False	0.153	Ordered	49.0	Very low	192.0	75.29	Exposed
SLS1	P42900	12	T	False	0.941	Disordered	36.2	Very low	72.0	44.17	Exposed
SLS1	P42900	13	Y	False	0.941	Disordered	32.4	Very low	175.0	68.63	Exposed
SLS1	P42900	16	Y	False	0.955	Disordered	34.7	Very low	195.0	76.47	Exposed
SLS1	P42900	17	S	False	0.956	Disordered	31.3	Very low	72.0	50.35	Exposed
SLS1	P42900	18	S	False	0.95	Disordered	29.8	Very low	101.0	70.63	Exposed
SLS1	P42900	19	S	False	0.949	Disordered	29.1	Very low	116.0	81.12	Exposed
SLS1	P42900	22	S	False	0.955	Disordered	29.8	Very low	107.0	74.83	Exposed
SLS1	P42900	23	S	False	0.94	Disordered	30.2	Very low	108.0	75.52	Exposed
SLS1	P42900	43	T	False	0.957	Disordered	32.0	Very low	108.0	66.26	Exposed
SLS1	P42900	45	S	False	0.951	Disordered	34.0	Very low	51.0	35.66	Exposed
SLS1	P42900	60	S	False	0.997	Disordered	28.9	Very low	110.0	76.92	Exposed
SLS1	P42900	64	S	False	0.976	Disordered	27.8	Very low	117.0	81.82	Exposed
SLS1	P42900	68	T	False	0.959	Disordered	29.7	Very low	134.0	82.21	Exposed
SLS1	P42900	77	S	False	0.878	Disordered	32.8	Very low	39.0	27.27	Exposed
SLS1	P42900	87	S	True	0.789	Disordered	58.6	Low	76.0	53.15	Exposed
SLS1	P42900	90	S	False	0.792	Disordered	64.0	Low	46.0	32.17	Exposed
SLS1	P42900	94	S	False	0.785	Disordered	70.8	Confident	41.0	28.67	Exposed
SLS1	P42900	101	T	False	0.65	Disordered	73.6	Confident	152.0	93.25	Exposed
SLS1	P42900	102	S	False	0.613	Disordered	70.6	Confident	72.0	50.35	Exposed
SLS1	P42900	104	S	False	0.56	Disordered	73.0	Confident	69.0	48.25	Exposed
SLS1	P42900	107	S	False	0.495	Ordered	75.0	Confident	69.0	48.25	Exposed
SLS1	P42900	110	Y	False	0.429	Ordered	81.6	Confident	16.0	6.27	Buried
SLS1	P42900	116	S	False	0.297	Ordered	77.7	Confident	30.0	20.98	Exposed
SLS1	P42900	118	T	False	0.276	Ordered	81.1	Confident	44.0	26.99	Exposed
SLS1	P42900	119	S	False	0.267	Ordered	75.3	Confident	84.0	58.74	Exposed
SLS1	P42900	120	S	False	0.256	Ordered	75.4	Confident	72.0	50.35	Exposed
SLS1	P42900	121	Y	False	0.25	Ordered	80.1	Confident	18.0	7.06	Buried
SLS1	P42900	124	Y	False	0.265	Ordered	81.6	Confident	144.0	56.47	Exposed
SLS1	P42900	131	S	False	0.32	Ordered	82.5	Confident	38.0	26.57	Exposed
SLS1	P42900	132	T	False	0.317	Ordered	81.4	Confident	85.0	52.15	Exposed
SLS1	P42900	137	S	False	0.291	Ordered	60.5	Low	26.0	18.18	Buried
SLS1	P42900	138	S	False	0.285	Ordered	59.6	Low	70.0	48.95	Exposed
SLS1	P42900	139	S	False	0.28	Ordered	60.1	Low	74.0	51.75	Exposed
SLS1	P42900	142	T	False	0.265	Ordered	73.1	Confident	72.0	44.17	Exposed
SLS1	P42900	147	S	False	0.23	Ordered	86.2	Confident	59.0	41.26	Exposed
SLS1	P42900	150	S	False	0.202	Ordered	86.6	Confident	0.0	0.0	Buried
SLS1	P42900	152	Y	False	0.201	Ordered	85.5	Confident	45.0	17.65	Buried
SLS1	P42900	164	S	False	0.473	Ordered	52.9	Low	121.0	84.62	Exposed
SLS1	P42900	165	T	False	0.494	Ordered	40.9	Very low	92.0	56.44	Exposed
SLS1	P42900	167	T	False	0.523	Disordered	38.6	Very low	106.0	65.03	Exposed
SLS1	P42900	168	T	False	0.535	Disordered	35.3	Very low	120.0	73.62	Exposed
SLS1	P42900	170	T	False	0.543	Disordered	35.9	Very low	133.0	81.6	Exposed
SLS1	P42900	174	S	False	0.486	Ordered	51.2	Low	93.0	65.03	Exposed
SLS1	P42900	175	T	False	0.47	Ordered	68.4	Low	55.0	33.74	Exposed
SLS1	P42900	176	S	False	0.449	Ordered	75.1	Confident	77.0	53.85	Exposed
SLS1	P42900	178	T	False	0.41	Ordered	82.2	Confident	75.0	46.01	Exposed
SLS1	P42900	183	S	False	0.295	Ordered	77.2	Confident	23.0	16.08	Buried
SLS1	P42900	193	T	False	0.1	Ordered	70.1	Confident	8.0	4.91	Buried
SLS1	P42900	200	T	False	0.059	Ordered	79.8	Confident	63.0	38.65	Exposed
SLS1	P42900	208	T	False	0.086	Ordered	77.7	Confident	79.0	48.47	Exposed
SLS1	P42900	212	S	False	0.1	Ordered	73.8	Confident	37.0	25.87	Exposed
SLS1	P42900	219	T	False	0.094	Ordered	77.8	Confident	25.0	15.34	Buried
SLS1	P42900	223	S	False	0.092	Ordered	80.8	Confident	35.0	24.48	Exposed
SLS1	P42900	225	S	False	0.088	Ordered	82.5	Confident	92.0	64.34	Exposed
SLS1	P42900	229	Y	False	0.081	Ordered	87.3	Confident	125.0	49.02	Exposed
SLS1	P42900	233	S	False	0.078	Ordered	87.9	Confident	23.0	16.08	Buried
SLS1	P42900	239	S	False	0.089	Ordered	86.2	Confident	89.0	62.24	Exposed
SLS1	P42900	242	T	False	0.1	Ordered	91.4	Very high	46.0	28.22	Exposed
SLS1	P42900	249	Y	False	0.122	Ordered	63.2	Low	101.0	39.61	Exposed
SLS1	P42900	250	S	False	0.128	Ordered	59.3	Low	99.0	69.23	Exposed
SLS1	P42900	254	S	False	0.104	Ordered	79.8	Confident	64.0	44.76	Exposed
SLS1	P42900	265	T	False	0.089	Ordered	84.5	Confident	2.0	1.23	Buried
SLS1	P42900	267	T	False	0.09	Ordered	88.4	Confident	0.0	0.0	Buried
SLS1	P42900	271	Y	False	0.086	Ordered	85.2	Confident	101.0	39.61	Exposed
SLS1	P42900	278	Y	False	0.069	Ordered	86.6	Confident	25.0	9.8	Buried
SLS1	P42900	281	S	False	0.059	Ordered	90.0	Very high	0.0	0.0	Buried
SLS1	P42900	284	S	False	0.053	Ordered	85.3	Confident	43.0	30.07	Exposed
SLS1	P42900	285	T	False	0.057	Ordered	87.4	Confident	77.0	47.24	Exposed
SLS1	P42900	289	S	False	0.083	Ordered	87.6	Confident	40.0	27.97	Exposed
SLS1	P42900	301	S	False	0.361	Ordered	68.5	Low	83.0	58.04	Exposed
SLS1	P42900	305	T	False	0.4	Ordered	81.1	Confident	52.0	31.9	Exposed
SLS1	P42900	306	T	False	0.415	Ordered	84.2	Confident	34.0	20.86	Exposed
SLS1	P42900	311	T	False	0.469	Ordered	85.5	Confident	61.0	37.42	Exposed
SLS1	P42900	314	S	False	0.45	Ordered	71.6	Confident	72.0	50.35	Exposed
SLS1	P42900	319	T	False	0.399	Ordered	85.2	Confident	56.0	34.36	Exposed
SLS1	P42900	322	Y	False	0.373	Ordered	88.2	Confident	83.0	32.55	Exposed
SLS1	P42900	327	T	False	0.312	Ordered	69.2	Low	84.0	51.53	Exposed
SLS1	P42900	337	S	False	0.277	Ordered	77.3	Confident	61.0	42.66	Exposed
SLS1	P42900	345	S	False	0.45	Ordered	85.4	Confident	28.0	19.58	Buried
SLS1	P42900	352	T	False	0.681	Disordered	49.0	Very low	138.0	84.66	Exposed
SLS1	P42900	356	T	False	0.795	Disordered	34.2	Very low	81.0	49.69	Exposed
SLS1	P42900	358	T	False	0.821	Disordered	40.6	Very low	116.0	71.17	Exposed
SLS1	P42900	362	T	False	0.839	Disordered	63.0	Low	61.0	37.42	Exposed
SLS1	P42900	366	T	False	0.847	Disordered	81.6	Confident	80.0	49.08	Exposed
SLS1	P42900	371	S	False	0.874	Disordered	85.6	Confident	66.0	46.15	Exposed
SLS1	P42900	375	S	False	0.86	Disordered	85.9	Confident	64.0	44.76	Exposed
SLS1	P42900	376	S	False	0.854	Disordered	85.0	Confident	9.0	6.29	Buried
SLS1	P42900	378	S	False	0.86	Disordered	81.6	Confident	61.0	42.66	Exposed
SLS1	P42900	383	S	False	0.873	Disordered	59.2	Low	107.0	74.83	Exposed
SLS1	P42900	385	S	False	0.878	Disordered	46.9	Very low	51.0	35.66	Exposed
SLS1	P42900	387	S	False	0.863	Disordered	48.3	Very low	104.0	72.73	Exposed
SLS1	P42900	389	S	False	0.857	Disordered	67.4	Low	59.0	41.26	Exposed
SLS1	P42900	391	S	False	0.857	Disordered	79.1	Confident	56.0	39.16	Exposed
SLS1	P42900	393	S	False	0.823	Disordered	83.0	Confident	42.0	29.37	Exposed
SLS1	P42900	395	S	False	0.802	Disordered	91.2	Very high	15.0	10.49	Buried
SLS1	P42900	397	T	False	0.771	Disordered	94.3	Very high	7.0	4.29	Buried
SLS1	P42900	401	S	False	0.663	Disordered	93.1	Very high	2.0	1.4	Buried
SLS1	P42900	404	S	False	0.608	Disordered	88.8	Confident	14.0	9.79	Buried
SLS1	P42900	406	S	False	0.56	Disordered	77.5	Confident	73.0	51.05	Exposed
SLS1	P42900	408	S	False	0.519	Disordered	83.8	Confident	40.0	27.97	Exposed
SLS1	P42900	409	S	False	0.502	Disordered	87.5	Confident	32.0	22.38	Exposed
SLS1	P42900	418	S	False	0.4	Ordered	75.8	Confident	46.0	32.17	Exposed
SLS1	P42900	421	S	False	0.415	Ordered	76.1	Confident	71.0	49.65	Exposed
SLS1	P42900	429	Y	True	0.543	Disordered	65.6	Low	46.0	18.04	Buried
SLS1	P42900	432	S	False	0.552	Disordered	35.8	Very low	120.0	83.92	Exposed
SLS1	P42900	433	S	False	0.549	Disordered	31.9	Very low	83.0	58.04	Exposed
SLS1	P42900	434	S	False	0.548	Disordered	31.8	Very low	133.0	93.01	Exposed
SLS1	P42900	435	S	False	0.543	Disordered	33.0	Very low	100.0	69.93	Exposed
SLS1	P42900	449	T	False	0.307	Ordered	49.1	Very low	86.0	52.76	Exposed
SLS1	P42900	454	S	False	0.323	Ordered	85.7	Confident	33.0	23.08	Exposed
SLS1	P42900	461	T	False	0.428	Ordered	89.4	Confident	1.0	0.61	Buried
SLS1	P42900	466	T	False	0.448	Ordered	61.2	Low	45.0	27.61	Exposed
SLS1	P42900	467	S	False	0.453	Ordered	50.2	Low	83.0	58.04	Exposed
SLS1	P42900	469	S	False	0.44	Ordered	46.2	Very low	127.0	88.81	Exposed
SLS1	P42900	470	S	False	0.432	Ordered	52.1	Low	120.0	83.92	Exposed
SLS1	P42900	471	S	False	0.428	Ordered	65.9	Low	17.0	11.89	Buried
SLS1	P42900	472	S	False	0.42	Ordered	78.1	Confident	21.0	14.69	Buried
SLS1	P42900	489	T	False	0.128	Ordered	83.6	Confident	58.0	35.58	Exposed
SLS1	P42900	490	T	False	0.122	Ordered	82.8	Confident	64.0	39.26	Exposed
SLS1	P42900	491	S	False	0.123	Ordered	84.4	Confident	23.0	16.08	Buried
SLS1	P42900	502	S	False	0.148	Ordered	93.2	Very high	1.0	0.7	Buried
SLS1	P42900	507	T	False	0.163	Ordered	89.9	Confident	0.0	0.0	Buried
SLS1	P42900	512	T	False	0.158	Ordered	88.6	Confident	2.0	1.23	Buried
SLS1	P42900	514	Y	False	0.166	Ordered	93.7	Very high	12.0	4.71	Buried
SLS1	P42900	517	T	False	0.194	Ordered	91.9	Very high	3.0	1.84	Buried
SLS1	P42900	518	S	False	0.215	Ordered	89.4	Confident	1.0	0.7	Buried
SLS1	P42900	520	Y	False	0.216	Ordered	85.5	Confident	5.0	1.96	Buried
SLS1	P42900	531	T	False	0.173	Ordered	75.2	Confident	120.0	73.62	Exposed
SLS1	P42900	538	S	False	0.142	Ordered	80.4	Confident	71.0	49.65	Exposed
SLS1	P42900	550	S	False	0.066	Ordered	75.0	Confident	4.0	2.8	Buried
SLS1	P42900	557	Y	False	0.073	Ordered	58.1	Low	49.0	19.22	Buried
SLS1	P42900	567	S	False	0.105	Ordered	86.1	Confident	40.0	27.97	Exposed
SLS1	P42900	576	Y	False	0.094	Ordered	91.5	Very high	0.0	0.0	Buried
SLS1	P42900	579	T	False	0.085	Ordered	86.2	Confident	6.0	3.68	Buried
SLS1	P42900	583	T	False	0.09	Ordered	87.4	Confident	35.0	21.47	Exposed
SLS1	P42900	593	T	False	0.157	Ordered	65.0	Low	36.0	22.09	Exposed
SLS1	P42900	595	T	False	0.167	Ordered	53.1	Low	71.0	43.56	Exposed
SLS1	P42900	601	Y	False	0.181	Ordered	82.3	Confident	2.0	0.78	Buried
SLS1	P42900	605	Y	False	0.184	Ordered	88.0	Confident	23.0	9.02	Buried
SLS1	P42900	606	S	False	0.184	Ordered	86.8	Confident	1.0	0.7	Buried
SLS1	P42900	609	S	False	0.163	Ordered	86.2	Confident	54.0	37.76	Exposed
SLS1	P42900	617	S	False	0.212	Ordered	84.1	Confident	64.0	44.76	Exposed
SLS1	P42900	618	Y	False	0.222	Ordered	86.8	Confident	28.0	10.98	Buried
SLS1	P42900	629	S	False	0.265	Ordered	71.2	Confident	115.0	80.42	Exposed
SLS1	P42900	631	T	False	0.305	Ordered	71.3	Confident	21.0	12.88	Buried
SLS1	P42900	632	S	False	0.316	Ordered	80.5	Confident	60.0	41.96	Exposed
SLS1	P42900	635	T	False	0.341	Ordered	84.8	Confident	59.0	36.2	Exposed
SLS1	P42900	642	S	False	0.189	Ordered	82.4	Confident	79.0	55.24	Exposed
MRP4	P32902	14	S	False	0.968	Disordered	34.2	Very low	49.0	34.27	Exposed
MRP4	P32902	20	S	False	0.936	Disordered	33.9	Very low	88.0	61.54	Exposed
MRP4	P32902	22	T	False	0.946	Disordered	35.0	Very low	125.0	76.69	Exposed
MRP4	P32902	27	S	False	0.934	Disordered	34.3	Very low	103.0	72.03	Exposed
MRP4	P32902	28	S	False	0.929	Disordered	30.4	Very low	117.0	81.82	Exposed
MRP4	P32902	30	S	False	0.896	Disordered	33.9	Very low	127.0	88.81	Exposed
MRP4	P32902	35	T	False	0.771	Disordered	33.7	Very low	131.0	80.37	Exposed
MRP4	P32902	51	Y	False	0.235	Ordered	86.5	Confident	136.0	53.33	Exposed
MRP4	P32902	56	S	False	0.246	Ordered	83.6	Confident	68.0	47.55	Exposed
MRP4	P32902	60	S	False	0.301	Ordered	81.3	Confident	65.0	45.45	Exposed
MRP4	P32902	62	S	True	0.323	Ordered	77.2	Confident	95.0	66.43	Exposed
MRP4	P32902	76	S	False	0.418	Ordered	64.5	Low	75.0	52.45	Exposed
MRP4	P32902	83	S	True	0.321	Ordered	80.8	Confident	66.0	46.15	Exposed
MRP4	P32902	94	S	False	0.189	Ordered	83.8	Confident	60.0	41.96	Exposed
MRP4	P32902	100	Y	False	0.258	Ordered	80.0	Confident	126.0	49.41	Exposed
MRP4	P32902	109	S	False	0.53	Disordered	40.5	Very low	119.0	83.22	Exposed
MRP4	P32902	111	T	False	0.601	Disordered	36.2	Very low	123.0	75.46	Exposed
MRP4	P32902	116	S	False	0.738	Disordered	28.9	Very low	127.0	88.81	Exposed
MRP4	P32902	117	S	False	0.759	Disordered	35.8	Very low	96.0	67.13	Exposed
MRP4	P32902	118	T	False	0.779	Disordered	32.9	Very low	153.0	93.87	Exposed
MRP4	P32902	119	T	False	0.788	Disordered	39.2	Very low	118.0	72.39	Exposed
MRP4	P32902	120	T	False	0.797	Disordered	37.8	Very low	147.0	90.18	Exposed
MRP4	P32902	124	T	False	0.773	Disordered	48.9	Very low	101.0	61.96	Exposed
MRP4	P32902	126	T	False	0.752	Disordered	61.9	Low	128.0	78.53	Exposed
MRP4	P32902	129	Y	False	0.704	Disordered	91.0	Very high	131.0	51.37	Exposed
MRP4	P32902	135	S	False	0.514	Disordered	94.7	Very high	30.0	20.98	Exposed
MRP4	P32902	141	Y	False	0.337	Ordered	96.2	Very high	122.0	47.84	Exposed
MRP4	P32902	142	S	False	0.31	Ordered	96.1	Very high	29.0	20.28	Exposed
MRP4	P32902	143	S	False	0.292	Ordered	96.9	Very high	100.0	69.93	Exposed
MRP4	P32902	154	S	False	0.097	Ordered	96.8	Very high	58.0	40.56	Exposed
MRP4	P32902	157	T	False	0.087	Ordered	96.5	Very high	67.0	41.1	Exposed
MRP4	P32902	163	T	False	0.091	Ordered	95.4	Very high	136.0	83.44	Exposed
MRP4	P32902	165	S	False	0.094	Ordered	95.8	Very high	94.0	65.73	Exposed
MRP4	P32902	168	Y	False	0.088	Ordered	96.8	Very high	95.0	37.25	Exposed
MRP4	P32902	169	Y	False	0.089	Ordered	97.0	Very high	78.0	30.59	Exposed
MRP4	P32902	176	Y	False	0.1	Ordered	96.8	Very high	181.0	70.98	Exposed
MRP4	P32902	184	T	False	0.145	Ordered	97.4	Very high	64.0	39.26	Exposed
MRP4	P32902	187	S	False	0.181	Ordered	96.9	Very high	27.0	18.88	Buried
MRP4	P32902	190	S	False	0.195	Ordered	97.1	Very high	67.0	46.85	Exposed
MRP4	P32902	198	S	False	0.177	Ordered	96.8	Very high	42.0	29.37	Exposed
MRP4	P32902	199	T	False	0.174	Ordered	96.2	Very high	45.0	27.61	Exposed
MRP4	P32902	200	S	False	0.169	Ordered	96.5	Very high	105.0	73.43	Exposed
MRP4	P32902	204	S	False	0.133	Ordered	95.6	Very high	84.0	58.74	Exposed
MRP4	P32902	205	S	False	0.126	Ordered	96.8	Very high	56.0	39.16	Exposed
MRP4	P32902	206	T	False	0.119	Ordered	96.6	Very high	1.0	0.61	Buried
MRP4	P32902	208	S	False	0.097	Ordered	97.1	Very high	72.0	50.35	Exposed
MRP4	P32902	209	Y	False	0.084	Ordered	97.4	Very high	26.0	10.2	Buried
MRP4	P32902	211	Y	False	0.066	Ordered	98.0	Very high	177.0	69.41	Exposed
MRP4	P32902	214	Y	False	0.054	Ordered	97.7	Very high	145.0	56.86	Exposed
MRP4	P32902	225	T	False	0.023	Ordered	98.2	Very high	0.0	0.0	Buried
MRP4	P32902	227	S	False	0.024	Ordered	97.9	Very high	60.0	41.96	Exposed
MRP4	P32902	228	Y	False	0.025	Ordered	98.4	Very high	49.0	19.22	Buried
MRP4	P32902	240	S	False	0.051	Ordered	96.7	Very high	2.0	1.4	Buried
MRP4	P32902	242	S	False	0.058	Ordered	95.2	Very high	83.0	58.04	Exposed
MRP4	P32902	251	T	False	0.111	Ordered	96.2	Very high	35.0	21.47	Exposed
MRP4	P32902	266	T	False	0.133	Ordered	92.4	Very high	8.0	4.91	Buried
MRP4	P32902	269	Y	False	0.147	Ordered	97.1	Very high	24.0	9.41	Buried
MRP4	P32902	270	Y	False	0.154	Ordered	97.9	Very high	17.0	6.67	Buried
MRP4	P32902	272	S	False	0.17	Ordered	96.4	Very high	25.0	17.48	Buried
MRP4	P32902	273	T	False	0.173	Ordered	94.6	Very high	46.0	28.22	Exposed
MRP4	P32902	279	T	False	0.211	Ordered	94.6	Very high	12.0	7.36	Buried
MRP4	P32902	281	T	False	0.235	Ordered	94.7	Very high	74.0	45.4	Exposed
MRP4	P32902	283	S	False	0.279	Ordered	93.3	Very high	15.0	10.49	Buried
MRP4	P32902	284	T	False	0.298	Ordered	91.9	Very high	73.0	44.79	Exposed
MRP4	P32902	287	S	False	0.377	Ordered	89.7	Confident	19.0	13.29	Buried
MRP4	P32902	297	S	False	0.543	Disordered	88.2	Confident	55.0	38.46	Exposed
MRP4	P32902	302	T	False	0.62	Disordered	86.6	Confident	71.0	43.56	Exposed
MRP4	P32902	307	S	True	0.65	Disordered	91.7	Very high	54.0	37.76	Exposed
MRP4	P32902	311	T	False	0.552	Disordered	89.8	Confident	40.0	24.54	Exposed
MRP4	P32902	312	S	False	0.537	Disordered	89.4	Confident	68.0	47.55	Exposed
MRP4	P32902	326	T	False	0.106	Ordered	95.2	Very high	45.0	27.61	Exposed
MRP4	P32902	338	S	False	0.064	Ordered	95.9	Very high	16.0	11.19	Buried
MRP4	P32902	342	T	False	0.089	Ordered	98.4	Very high	1.0	0.61	Buried
MRP4	P32902	348	T	False	0.124	Ordered	96.9	Very high	3.0	1.84	Buried
MRP4	P32902	350	S	False	0.134	Ordered	96.2	Very high	0.0	0.0	Buried
MRP4	P32902	353	S	False	0.148	Ordered	96.4	Very high	102.0	71.33	Exposed
MRP4	P32902	356	T	False	0.161	Ordered	97.6	Very high	76.0	46.63	Exposed
MRP4	P32902	357	Y	False	0.161	Ordered	98.3	Very high	71.0	27.84	Exposed
MRP4	P32902	365	S	False	0.131	Ordered	95.4	Very high	40.0	27.97	Exposed
MRP4	P32902	368	S	False	0.129	Ordered	97.3	Very high	0.0	0.0	Buried
MNP1	P53163	2	S	False	0.93	Disordered	47.7	Very low	112.0	78.32	Exposed
MNP1	P53163	10	S	True	0.923	Disordered	56.2	Low	124.0	86.71	Exposed
MNP1	P53163	11	S	True	0.928	Disordered	38.7	Very low	105.0	73.43	Exposed
MNP1	P53163	12	S	False	0.932	Disordered	41.1	Very low	104.0	72.73	Exposed
MNP1	P53163	17	T	False	0.902	Disordered	45.3	Very low	129.0	79.14	Exposed
MNP1	P53163	20	T	False	0.887	Disordered	46.3	Very low	126.0	77.3	Exposed
MNP1	P53163	25	S	True	0.877	Disordered	47.2	Very low	127.0	88.81	Exposed
MNP1	P53163	28	T	False	0.879	Disordered	46.3	Very low	127.0	77.91	Exposed
MNP1	P53163	30	T	False	0.876	Disordered	52.6	Low	104.0	63.8	Exposed
MNP1	P53163	31	T	False	0.871	Disordered	56.3	Low	121.0	74.23	Exposed
MNP1	P53163	35	S	False	0.892	Disordered	38.4	Very low	80.0	55.94	Exposed
MNP1	P53163	36	T	False	0.887	Disordered	41.0	Very low	113.0	69.33	Exposed
MNP1	P53163	37	T	False	0.877	Disordered	37.8	Very low	120.0	73.62	Exposed
MNP1	P53163	38	T	False	0.867	Disordered	44.7	Very low	136.0	83.44	Exposed
MNP1	P53163	39	T	False	0.851	Disordered	38.1	Very low	131.0	80.37	Exposed
MNP1	P53163	42	S	False	0.791	Disordered	45.1	Very low	77.0	53.85	Exposed
MNP1	P53163	55	S	False	0.385	Ordered	91.7	Very high	62.0	43.36	Exposed
MNP1	P53163	62	S	False	0.186	Ordered	87.8	Confident	91.0	63.64	Exposed
MNP1	P53163	65	T	False	0.152	Ordered	91.4	Very high	76.0	46.63	Exposed
MNP1	P53163	69	T	False	0.138	Ordered	92.9	Very high	30.0	18.4	Buried
MNP1	P53163	70	S	False	0.139	Ordered	91.1	Very high	56.0	39.16	Exposed
MNP1	P53163	71	S	False	0.136	Ordered	93.9	Very high	65.0	45.45	Exposed
MNP1	P53163	78	T	False	0.259	Ordered	87.9	Confident	105.0	64.42	Exposed
MNP1	P53163	86	S	False	0.564	Disordered	60.5	Low	97.0	67.83	Exposed
MNP1	P53163	106	S	False	0.937	Disordered	29.6	Very low	113.0	79.02	Exposed
MNP1	P53163	107	S	False	0.939	Disordered	30.3	Very low	97.0	67.83	Exposed
MNP1	P53163	108	T	False	0.938	Disordered	31.9	Very low	134.0	82.21	Exposed
MNP1	P53163	113	S	False	0.874	Disordered	35.1	Very low	134.0	93.71	Exposed
MNP1	P53163	125	T	False	0.463	Ordered	57.4	Low	82.0	50.31	Exposed
MNP1	P53163	128	T	False	0.361	Ordered	79.6	Confident	31.0	19.02	Buried
MNP1	P53163	133	S	False	0.18	Ordered	81.9	Confident	60.0	41.96	Exposed
MNP1	P53163	136	T	False	0.11	Ordered	82.6	Confident	114.0	69.94	Exposed
MNP1	P53163	138	T	False	0.093	Ordered	85.5	Confident	22.0	13.5	Buried
MNP1	P53163	153	S	False	0.068	Ordered	89.5	Confident	55.0	38.46	Exposed
MNP1	P53163	183	T	False	0.259	Ordered	85.9	Confident	58.0	35.58	Exposed
MNP1	P53163	192	S	False	0.207	Ordered	83.8	Confident	43.0	30.07	Exposed
MDJ1	P35191	9	S	False	0.979	Disordered	40.9	Very low	108.0	75.52	Exposed
MDJ1	P35191	12	S	False	0.994	Disordered	37.5	Very low	126.0	88.11	Exposed
MDJ1	P35191	22	S	False	0.949	Disordered	38.2	Very low	84.0	58.74	Exposed
MDJ1	P35191	30	Y	False	0.95	Disordered	40.4	Very low	214.0	83.92	Exposed
MDJ1	P35191	38	S	True	0.919	Disordered	38.6	Very low	117.0	81.82	Exposed
MDJ1	P35191	46	S	False	0.937	Disordered	50.0	Low	87.0	60.84	Exposed
MDJ1	P35191	47	S	False	0.926	Disordered	48.2	Very low	109.0	76.22	Exposed
MDJ1	P35191	50	T	False	0.928	Disordered	49.2	Very low	123.0	75.46	Exposed
MDJ1	P35191	51	S	False	0.909	Disordered	44.3	Very low	108.0	75.52	Exposed
MDJ1	P35191	63	Y	False	0.629	Disordered	91.5	Very high	0.0	0.0	Buried
MDJ1	P35191	65	T	False	0.562	Disordered	88.9	Confident	34.0	20.86	Exposed
MDJ1	P35191	71	S	False	0.385	Ordered	86.1	Confident	104.0	72.73	Exposed
MDJ1	P35191	73	T	False	0.348	Ordered	89.1	Confident	73.0	44.79	Exposed
MDJ1	P35191	81	Y	False	0.267	Ordered	93.3	Very high	35.0	13.73	Buried
MDJ1	P35191	82	Y	False	0.253	Ordered	91.6	Very high	140.0	54.9	Exposed
MDJ1	P35191	88	Y	False	0.247	Ordered	89.7	Confident	57.0	22.35	Exposed
MDJ1	P35191	109	Y	False	0.249	Ordered	92.4	Very high	49.0	19.22	Buried
MDJ1	P35191	113	S	False	0.284	Ordered	88.2	Confident	63.0	44.06	Exposed
MDJ1	P35191	116	T	False	0.342	Ordered	87.6	Confident	81.0	49.69	Exposed
MDJ1	P35191	121	Y	False	0.58	Disordered	86.3	Confident	6.0	2.35	Buried
MDJ1	P35191	142	S	False	0.974	Disordered	36.3	Very low	128.0	89.51	Exposed
MDJ1	P35191	144	S	False	0.974	Disordered	38.8	Very low	114.0	79.72	Exposed
MDJ1	P35191	148	S	False	0.998	Disordered	31.9	Very low	102.0	71.33	Exposed
MDJ1	P35191	154	S	False	0.971	Disordered	37.6	Very low	117.0	81.82	Exposed
MDJ1	P35191	157	T	False	0.973	Disordered	37.2	Very low	146.0	89.57	Exposed
MDJ1	P35191	158	S	False	0.963	Disordered	35.6	Very low	116.0	81.12	Exposed
MDJ1	P35191	162	S	False	0.95	Disordered	37.2	Very low	103.0	72.03	Exposed
MDJ1	P35191	184	S	False	0.891	Disordered	37.0	Very low	131.0	91.61	Exposed
MDJ1	P35191	188	S	False	0.791	Disordered	38.1	Very low	109.0	76.22	Exposed
MDJ1	P35191	190	S	False	0.714	Disordered	40.3	Very low	100.0	69.93	Exposed
MDJ1	P35191	191	S	True	0.673	Disordered	46.1	Very low	101.0	70.63	Exposed
MDJ1	P35191	192	S	False	0.635	Disordered	48.6	Very low	56.0	39.16	Exposed
MDJ1	P35191	197	Y	False	0.4	Ordered	89.9	Confident	84.0	32.94	Exposed
MDJ1	P35191	209	S	False	0.094	Ordered	94.4	Very high	44.0	30.77	Exposed
MDJ1	P35191	217	S	False	0.048	Ordered	92.1	Very high	25.0	17.48	Buried
MDJ1	P35191	225	S	False	0.071	Ordered	94.4	Very high	66.0	46.15	Exposed
MDJ1	P35191	231	S	False	0.102	Ordered	90.7	Very high	78.0	54.55	Exposed
MDJ1	P35191	232	T	False	0.105	Ordered	91.7	Very high	52.0	31.9	Exposed
MDJ1	P35191	234	S	False	0.108	Ordered	87.8	Confident	80.0	55.94	Exposed
MDJ1	P35191	236	T	False	0.113	Ordered	89.0	Confident	20.0	12.27	Buried
MDJ1	P35191	242	T	False	0.109	Ordered	86.3	Confident	42.0	25.77	Exposed
MDJ1	P35191	246	S	False	0.106	Ordered	90.3	Very high	74.0	51.75	Exposed
MDJ1	P35191	248	S	False	0.091	Ordered	91.4	Very high	93.0	65.03	Exposed
MDJ1	P35191	249	T	False	0.086	Ordered	91.6	Very high	64.0	39.26	Exposed
MDJ1	P35191	253	T	False	0.074	Ordered	89.4	Confident	97.0	59.51	Exposed
MDJ1	P35191	255	T	False	0.067	Ordered	93.4	Very high	43.0	26.38	Exposed
MDJ1	P35191	256	T	False	0.067	Ordered	91.7	Very high	17.0	10.43	Buried
MDJ1	P35191	267	S	False	0.07	Ordered	92.3	Very high	35.0	24.48	Exposed
MDJ1	P35191	268	T	False	0.071	Ordered	93.1	Very high	102.0	62.58	Exposed
MDJ1	P35191	271	T	False	0.077	Ordered	91.1	Very high	55.0	33.74	Exposed
MDJ1	P35191	277	T	False	0.088	Ordered	88.8	Confident	43.0	26.38	Exposed
MDJ1	P35191	286	T	False	0.076	Ordered	91.6	Very high	98.0	60.12	Exposed
MDJ1	P35191	300	T	True	0.058	Ordered	93.6	Very high	89.0	54.6	Exposed
MDJ1	P35191	302	T	False	0.053	Ordered	95.1	Very high	78.0	47.85	Exposed
MDJ1	P35191	322	S	False	0.067	Ordered	94.5	Very high	15.0	10.49	Buried
MDJ1	P35191	323	Y	False	0.061	Ordered	93.8	Very high	37.0	14.51	Buried
MDJ1	P35191	335	S	False	0.042	Ordered	83.4	Confident	51.0	35.66	Exposed
MDJ1	P35191	339	S	False	0.038	Ordered	91.9	Very high	29.0	20.28	Exposed
MDJ1	P35191	356	S	False	0.047	Ordered	92.4	Very high	46.0	32.17	Exposed
MDJ1	P35191	361	Y	False	0.042	Ordered	90.6	Very high	104.0	40.78	Exposed
MDJ1	P35191	365	Y	False	0.033	Ordered	95.2	Very high	17.0	6.67	Buried
MDJ1	P35191	372	T	False	0.034	Ordered	93.4	Very high	77.0	47.24	Exposed
MDJ1	P35191	373	T	False	0.038	Ordered	95.4	Very high	34.0	20.86	Exposed
MDJ1	P35191	379	T	False	0.037	Ordered	95.7	Very high	81.0	49.69	Exposed
MDJ1	P35191	381	T	False	0.039	Ordered	95.1	Very high	65.0	39.88	Exposed
MDJ1	P35191	384	T	False	0.04	Ordered	92.5	Very high	6.0	3.68	Buried
MDJ1	P35191	398	T	False	0.052	Ordered	96.3	Very high	5.0	3.07	Buried
MDJ1	P35191	400	Y	False	0.061	Ordered	95.1	Very high	132.0	51.76	Exposed
MDJ1	P35191	405	S	False	0.083	Ordered	95.1	Very high	52.0	36.36	Exposed
MDJ1	P35191	414	T	False	0.084	Ordered	84.8	Confident	72.0	44.17	Exposed
MDJ1	P35191	415	S	False	0.083	Ordered	81.1	Confident	122.0	85.31	Exposed
MDJ1	P35191	416	T	False	0.087	Ordered	85.5	Confident	118.0	72.39	Exposed
MDJ1	P35191	425	Y	False	0.058	Ordered	95.9	Very high	0.0	0.0	Buried
MDJ1	P35191	434	S	True	0.049	Ordered	85.5	Confident	33.0	23.08	Exposed
MDJ1	P35191	448	T	False	0.264	Ordered	88.9	Confident	84.0	51.53	Exposed
MDJ1	P35191	456	T	False	0.425	Ordered	77.5	Confident	71.0	43.56	Exposed
MDJ1	P35191	461	T	False	0.522	Disordered	37.5	Very low	92.0	56.44	Exposed
MDJ1	P35191	465	T	False	0.581	Disordered	39.3	Very low	118.0	72.39	Exposed
MDJ1	P35191	490	T	False	0.545	Disordered	76.6	Confident	59.0	36.2	Exposed
MDJ1	P35191	499	T	False	0.531	Disordered	85.2	Confident	51.0	31.29	Exposed
MDJ1	P35191	501	T	False	0.576	Disordered	82.0	Confident	43.0	26.38	Exposed
MRPL17	P36528	13	T	True	0.839	Disordered	46.5	Very low	135.0	82.82	Exposed
MRPL17	P36528	15	T	True	0.8	Disordered	45.2	Very low	124.0	76.07	Exposed
MRPL17	P36528	17	T	False	0.751	Disordered	48.6	Very low	130.0	79.75	Exposed
MRPL17	P36528	19	S	True	0.691	Disordered	57.7	Low	77.0	53.85	Exposed
MRPL17	P36528	20	S	False	0.66	Disordered	65.4	Low	129.0	90.21	Exposed
MRPL17	P36528	32	S	False	0.223	Ordered	96.2	Very high	2.0	1.4	Buried
MRPL17	P36528	39	S	False	0.082	Ordered	91.6	Very high	65.0	45.45	Exposed
MRPL17	P36528	48	Y	False	0.057	Ordered	98.2	Very high	132.0	51.76	Exposed
MRPL17	P36528	49	Y	False	0.056	Ordered	97.8	Very high	132.0	51.76	Exposed
MRPL17	P36528	51	Y	False	0.051	Ordered	97.6	Very high	139.0	54.51	Exposed
MRPL17	P36528	53	S	False	0.051	Ordered	94.9	Very high	42.0	29.37	Exposed
MRPL17	P36528	62	T	False	0.077	Ordered	87.2	Confident	41.0	25.15	Exposed
MRPL17	P36528	66	Y	False	0.072	Ordered	90.6	Very high	169.0	66.27	Exposed
MRPL17	P36528	68	Y	False	0.075	Ordered	93.1	Very high	143.0	56.08	Exposed
MRPL17	P36528	73	T	False	0.074	Ordered	95.9	Very high	50.0	30.67	Exposed
MRPL17	P36528	81	S	False	0.127	Ordered	93.2	Very high	95.0	66.43	Exposed
MRPL17	P36528	88	S	False	0.182	Ordered	87.2	Confident	74.0	51.75	Exposed
MRPL17	P36528	109	S	False	0.602	Disordered	86.8	Confident	69.0	48.25	Exposed
MRPL17	P36528	110	T	False	0.634	Disordered	86.8	Confident	68.0	41.72	Exposed
MRPL17	P36528	117	S	False	0.777	Disordered	79.8	Confident	45.0	31.47	Exposed
MRPL17	P36528	120	S	True	0.813	Disordered	57.4	Low	50.0	34.97	Exposed
MRPL17	P36528	121	T	False	0.831	Disordered	56.6	Low	67.0	41.1	Exposed
MRPL17	P36528	125	S	False	0.844	Disordered	53.3	Low	109.0	76.22	Exposed
MRPL17	P36528	132	S	False	0.804	Disordered	66.8	Low	72.0	50.35	Exposed
MRPL17	P36528	147	T	False	0.469	Ordered	93.8	Very high	23.0	14.11	Buried
MRPL17	P36528	152	S	False	0.356	Ordered	96.4	Very high	85.0	59.44	Exposed
MRPL17	P36528	157	S	False	0.266	Ordered	94.4	Very high	26.0	18.18	Buried
MRPL17	P36528	163	S	True	0.175	Ordered	94.5	Very high	25.0	17.48	Buried
MRPL17	P36528	165	T	False	0.155	Ordered	96.0	Very high	12.0	7.36	Buried
MRPL17	P36528	167	Y	False	0.129	Ordered	97.1	Very high	6.0	2.35	Buried
MRPL17	P36528	174	S	False	0.126	Ordered	87.3	Confident	88.0	61.54	Exposed
MRPL17	P36528	176	T	False	0.13	Ordered	93.3	Very high	43.0	26.38	Exposed
MRPL17	P36528	185	S	False	0.136	Ordered	80.8	Confident	99.0	69.23	Exposed
MRPL17	P36528	188	S	False	0.13	Ordered	89.1	Confident	97.0	67.83	Exposed
MRPL17	P36528	203	S	False	0.05	Ordered	86.2	Confident	4.0	2.8	Buried
MRPL17	P36528	208	Y	False	0.064	Ordered	93.9	Very high	150.0	58.82	Exposed
MRPL17	P36528	209	T	False	0.063	Ordered	94.6	Very high	14.0	8.59	Buried
MRPL17	P36528	211	S	False	0.07	Ordered	94.6	Very high	15.0	10.49	Buried
MRPL17	P36528	213	S	False	0.071	Ordered	94.0	Very high	36.0	25.17	Exposed
MRPL17	P36528	215	T	False	0.072	Ordered	93.6	Very high	94.0	57.67	Exposed
MRPL17	P36528	227	T	False	0.058	Ordered	89.8	Confident	24.0	14.72	Buried
MRPL17	P36528	234	S	False	0.04	Ordered	96.1	Very high	0.0	0.0	Buried
MRPL17	P36528	246	S	False	0.055	Ordered	60.3	Low	120.0	83.92	Exposed
MRPL17	P36528	258	T	False	0.084	Ordered	95.4	Very high	17.0	10.43	Buried
MRPL17	P36528	263	S	False	0.112	Ordered	93.2	Very high	48.0	33.57	Exposed
MRPL17	P36528	265	Y	False	0.129	Ordered	93.3	Very high	107.0	41.96	Exposed
MRPL17	P36528	270	Y	False	0.176	Ordered	93.9	Very high	23.0	9.02	Buried
MRPL17	P36528	274	T	False	0.218	Ordered	94.2	Very high	0.0	0.0	Buried
HSP10	P38910	2	S	False	0.676	Disordered	53.5	Low	96.0	67.13	Exposed
HSP10	P38910	3	T	False	0.661	Disordered	69.1	Low	71.0	43.56	Exposed
HSP10	P38910	7	S	False	0.619	Disordered	87.1	Confident	47.0	32.87	Exposed
HSP10	P38910	10	S	True	0.571	Disordered	89.8	Confident	67.0	46.85	Exposed
HSP10	P38910	29	T	True	0.356	Ordered	80.5	Confident	46.0	28.22	Exposed
HSP10	P38910	31	S	True	0.341	Ordered	84.3	Confident	95.0	66.43	Exposed
HSP10	P38910	34	Y	False	0.302	Ordered	82.7	Confident	180.0	70.59	Exposed
HSP10	P38910	56	T	False	0.159	Ordered	95.7	Very high	95.0	58.28	Exposed
HSP10	P38910	81	S	True	0.078	Ordered	96.0	Very high	75.0	52.45	Exposed
HSP10	P38910	82	T	True	0.074	Ordered	93.8	Very high	83.0	50.92	Exposed
CHA1	P25379	2	S	False	0.276	Ordered	60.4	Low	55.0	38.46	Exposed
CHA1	P25379	5	Y	False	0.28	Ordered	96.2	Very high	61.0	23.92	Exposed
CHA1	P25379	8	T	False	0.303	Ordered	97.8	Very high	3.0	1.84	Buried
CHA1	P25379	20	S	False	0.111	Ordered	83.4	Confident	49.0	34.27	Exposed
CHA1	P25379	27	Y	False	0.082	Ordered	97.8	Very high	16.0	6.27	Buried
CHA1	P25379	33	S	True	0.071	Ordered	96.5	Very high	1.0	0.7	Buried
CHA1	P25379	35	S	False	0.069	Ordered	97.4	Very high	1.0	0.7	Buried
CHA1	P25379	38	S	False	0.066	Ordered	98.3	Very high	2.0	1.4	Buried
CHA1	P25379	48	S	False	0.084	Ordered	97.9	Very high	15.0	10.49	Buried
CHA1	P25379	59	S	False	0.152	Ordered	97.7	Very high	56.0	39.16	Exposed
CHA1	P25379	65	S	False	0.139	Ordered	94.6	Very high	1.0	0.7	Buried
CHA1	P25379	66	S	False	0.129	Ordered	92.4	Very high	22.0	15.38	Buried
CHA1	P25379	76	T	False	0.059	Ordered	98.2	Very high	8.0	4.91	Buried
CHA1	P25379	82	S	False	0.034	Ordered	96.8	Very high	113.0	79.02	Exposed
CHA1	P25379	86	T	False	0.036	Ordered	98.6	Very high	2.0	1.23	Buried
CHA1	P25379	91	T	False	0.041	Ordered	93.9	Very high	95.0	58.28	Exposed
CHA1	P25379	93	T	True	0.05	Ordered	91.9	Very high	21.0	12.88	Buried
CHA1	P25379	104	T	False	0.044	Ordered	98.0	Very high	14.0	8.59	Buried
CHA1	P25379	111	S	False	0.033	Ordered	95.9	Very high	26.0	18.18	Buried
CHA1	P25379	114	Y	False	0.027	Ordered	83.9	Confident	130.0	50.98	Exposed
CHA1	P25379	120	T	False	0.034	Ordered	95.4	Very high	71.0	43.56	Exposed
CHA1	P25379	124	T	False	0.042	Ordered	95.6	Very high	68.0	41.72	Exposed
CHA1	P25379	132	S	False	0.046	Ordered	94.2	Very high	79.0	55.24	Exposed
CHA1	P25379	139	Y	False	0.043	Ordered	97.8	Very high	56.0	21.96	Exposed
CHA1	P25379	153	S	False	0.036	Ordered	98.6	Very high	1.0	0.7	Buried
CHA1	P25379	154	S	False	0.035	Ordered	98.2	Very high	13.0	9.09	Buried
CHA1	P25379	165	S	True	0.013	Ordered	97.9	Very high	78.0	54.55	Exposed
CHA1	P25379	169	S	True	0.013	Ordered	97.5	Very high	57.0	39.86	Exposed
CHA1	P25379	179	S	False	0.024	Ordered	98.2	Very high	7.0	4.9	Buried
CHA1	P25379	186	Y	False	0.019	Ordered	98.8	Very high	0.0	0.0	Buried
CHA1	P25379	196	Y	False	0.014	Ordered	98.1	Very high	98.0	38.43	Exposed
CHA1	P25379	209	T	False	0.016	Ordered	97.5	Very high	0.0	0.0	Buried
CHA1	P25379	217	T	False	0.033	Ordered	97.2	Very high	6.0	3.68	Buried
CHA1	P25379	218	S	False	0.029	Ordered	97.4	Very high	0.0	0.0	Buried
CHA1	P25379	231	T	False	0.039	Ordered	91.6	Very high	66.0	40.49	Exposed
CHA1	P25379	232	S	False	0.039	Ordered	92.8	Very high	10.0	6.99	Buried
CHA1	P25379	235	T	False	0.042	Ordered	88.8	Confident	97.0	59.51	Exposed
CHA1	P25379	236	S	False	0.044	Ordered	90.4	Very high	28.0	19.58	Buried
CHA1	P25379	239	T	False	0.039	Ordered	89.8	Confident	28.0	17.18	Buried
CHA1	P25379	243	S	False	0.041	Ordered	97.0	Very high	2.0	1.4	Buried
CHA1	P25379	246	T	False	0.038	Ordered	98.5	Very high	0.0	0.0	Buried
CHA1	P25379	249	Y	False	0.037	Ordered	98.6	Very high	20.0	7.84	Buried
CHA1	P25379	253	Y	False	0.036	Ordered	98.1	Very high	20.0	7.84	Buried
CHA1	P25379	255	T	False	0.031	Ordered	97.9	Very high	20.0	12.27	Buried
CHA1	P25379	257	S	True	0.025	Ordered	98.1	Very high	30.0	20.98	Exposed
CHA1	P25379	268	T	False	0.016	Ordered	97.1	Very high	8.0	4.91	Buried
CHA1	P25379	272	Y	False	0.011	Ordered	96.1	Very high	1.0	0.39	Buried
CHA1	P25379	273	T	False	0.01	Ordered	95.7	Very high	12.0	7.36	Buried
CHA1	P25379	292	Y	False	0.014	Ordered	95.4	Very high	27.0	10.59	Buried
CHA1	P25379	294	T	False	0.018	Ordered	94.0	Very high	20.0	12.27	Buried
CHA1	P25379	303	S	True	0.014	Ordered	93.4	Very high	68.0	47.55	Exposed
CHA1	P25379	319	S	False	0.053	Ordered	93.4	Very high	14.0	9.79	Buried
CHA1	P25379	320	S	False	0.054	Ordered	90.8	Very high	17.0	11.89	Buried
CHA1	P25379	322	T	False	0.058	Ordered	94.8	Very high	45.0	27.61	Exposed
CHA1	P25379	332	S	False	0.072	Ordered	91.9	Very high	53.0	37.06	Exposed
CHA1	P25379	338	T	False	0.071	Ordered	56.9	Low	101.0	61.96	Exposed
CHA1	P25379	359	S	False	0.078	Ordered	34.5	Very low	119.0	83.22	Exposed
MDH3	P32419	10	S	True	0.071	Ordered	97.0	Very high	23.0	16.08	Buried
MDH3	P32419	18	S	False	0.03	Ordered	98.8	Very high	0.0	0.0	Buried
MDH3	P32419	24	S	False	0.016	Ordered	96.6	Very high	3.0	2.1	Buried
MDH3	P32419	26	Y	False	0.01	Ordered	96.9	Very high	32.0	12.55	Buried
MDH3	P32419	28	S	False	0.009	Ordered	97.8	Very high	41.0	28.67	Exposed
MDH3	P32419	33	Y	False	0.017	Ordered	98.8	Very high	22.0	8.63	Buried
MDH3	P32419	46	S	True	0.052	Ordered	97.6	Very high	52.0	36.36	Exposed
MDH3	P32419	50	T	False	0.058	Ordered	97.1	Very high	41.0	25.15	Exposed
MDH3	P32419	52	S	False	0.052	Ordered	95.6	Very high	8.0	5.59	Buried
MDH3	P32419	53	S	False	0.047	Ordered	97.5	Very high	60.0	41.96	Exposed
MDH3	P32419	57	Y	False	0.055	Ordered	98.1	Very high	41.0	16.08	Buried
MDH3	P32419	61	S	False	0.044	Ordered	96.4	Very high	31.0	21.68	Exposed
MDH3	P32419	65	T	False	0.042	Ordered	98.4	Very high	0.0	0.0	Buried
MDH3	P32419	67	S	False	0.043	Ordered	98.1	Very high	37.0	25.87	Exposed
MDH3	P32419	85	T	False	0.064	Ordered	90.4	Very high	72.0	44.17	Exposed
MDH3	P32419	99	S	False	0.023	Ordered	97.7	Very high	77.0	53.85	Exposed
MDH3	P32419	102	T	False	0.02	Ordered	98.4	Very high	9.0	5.52	Buried
MDH3	P32419	117	S	False	0.012	Ordered	97.2	Very high	5.0	3.5	Buried
MDH3	P32419	122	S	False	0.014	Ordered	98.4	Very high	1.0	0.7	Buried
MDH3	P32419	130	T	False	0.022	Ordered	98.5	Very high	0.0	0.0	Buried
MDH3	P32419	146	T	False	0.019	Ordered	98.5	Very high	4.0	2.45	Buried
MDH3	P32419	155	T	False	0.027	Ordered	98.2	Very high	45.0	27.61	Exposed
MDH3	P32419	160	Y	False	0.077	Ordered	97.2	Very high	29.0	11.37	Buried
MDH3	P32419	175	T	False	0.105	Ordered	94.6	Very high	93.0	57.06	Exposed
MDH3	P32419	176	T	False	0.109	Ordered	95.6	Very high	45.0	27.61	Exposed
MDH3	P32419	182	T	False	0.097	Ordered	97.9	Very high	0.0	0.0	Buried
MDH3	P32419	188	S	False	0.053	Ordered	95.9	Very high	46.0	32.17	Exposed
MDH3	P32419	191	T	False	0.039	Ordered	98.6	Very high	1.0	0.61	Buried
MDH3	P32419	197	T	False	0.023	Ordered	96.0	Very high	59.0	36.2	Exposed
MDH3	P32419	200	S	False	0.015	Ordered	93.1	Very high	66.0	46.15	Exposed
MDH3	P32419	209	Y	False	0.008	Ordered	94.7	Very high	13.0	5.1	Buried
MDH3	P32419	232	S	False	0.027	Ordered	87.8	Confident	65.0	45.45	Exposed
MDH3	P32419	234	T	False	0.026	Ordered	95.1	Very high	29.0	17.79	Buried
MDH3	P32419	236	S	False	0.029	Ordered	97.7	Very high	37.0	25.87	Exposed
MDH3	P32419	251	S	False	0.046	Ordered	97.8	Very high	10.0	6.99	Buried
MDH3	P32419	259	T	False	0.062	Ordered	94.8	Very high	3.0	1.84	Buried
MDH3	P32419	261	S	False	0.068	Ordered	92.6	Very high	22.0	15.38	Buried
MDH3	P32419	263	S	False	0.071	Ordered	98.5	Very high	4.0	2.8	Buried
MDH3	P32419	267	Y	False	0.071	Ordered	98.7	Very high	30.0	11.76	Buried
MDH3	P32419	285	S	False	0.045	Ordered	95.3	Very high	80.0	55.94	Exposed
MDH3	P32419	288	Y	False	0.052	Ordered	98.8	Very high	0.0	0.0	Buried
MDH3	P32419	290	S	False	0.049	Ordered	98.8	Very high	1.0	0.7	Buried
MDH3	P32419	299	S	True	0.043	Ordered	98.5	Very high	17.0	11.89	Buried
MDH3	P32419	302	S	False	0.055	Ordered	98.5	Very high	19.0	13.29	Buried
MDH3	P32419	305	T	False	0.061	Ordered	98.1	Very high	5.0	3.07	Buried
MDH3	P32419	306	S	False	0.059	Ordered	97.4	Very high	41.0	28.67	Exposed
MDH3	P32419	312	S	False	0.058	Ordered	95.4	Very high	44.0	30.77	Exposed
MDH3	P32419	321	T	False	0.079	Ordered	98.0	Very high	46.0	28.22	Exposed
MDH3	P32419	335	S	True	0.22	Ordered	96.1	Very high	34.0	23.78	Exposed
MDH3	P32419	340	S	True	0.161	Ordered	79.2	Confident	23.0	16.08	Buried
MDH3	P32419	341	S	True	0.126	Ordered	67.9	Low	117.0	81.82	Exposed
MIP1	P15801	2	T	False	0.981	Disordered	35.2	Very low	134.0	82.21	Exposed
MIP1	P15801	8	S	False	0.981	Disordered	32.9	Very low	118.0	82.52	Exposed
MIP1	P15801	30	S	False	0.927	Disordered	30.8	Very low	107.0	74.83	Exposed
MIP1	P15801	31	T	False	0.93	Disordered	40.2	Very low	88.0	53.99	Exposed
MIP1	P15801	35	T	False	0.886	Disordered	53.8	Low	114.0	69.94	Exposed
MIP1	P15801	48	Y	False	0.756	Disordered	95.0	Very high	22.0	8.63	Buried
MIP1	P15801	52	S	False	0.711	Disordered	92.9	Very high	24.0	16.78	Buried
MIP1	P15801	60	S	False	0.655	Disordered	68.4	Low	121.0	84.62	Exposed
MIP1	P15801	70	S	False	0.481	Ordered	63.9	Low	39.0	27.27	Exposed
MIP1	P15801	77	S	False	0.455	Ordered	89.3	Confident	1.0	0.7	Buried
MIP1	P15801	80	S	False	0.427	Ordered	87.9	Confident	6.0	4.2	Buried
MIP1	P15801	91	T	False	0.396	Ordered	84.8	Confident	36.0	22.09	Exposed
MIP1	P15801	94	T	False	0.386	Ordered	90.6	Very high	59.0	36.2	Exposed
MIP1	P15801	98	S	False	0.352	Ordered	91.3	Very high	52.0	36.36	Exposed
MIP1	P15801	108	S	False	0.232	Ordered	93.0	Very high	28.0	19.58	Buried
MIP1	P15801	121	S	False	0.14	Ordered	96.6	Very high	0.0	0.0	Buried
MIP1	P15801	124	Y	False	0.128	Ordered	98.1	Very high	13.0	5.1	Buried
MIP1	P15801	126	S	False	0.126	Ordered	97.2	Very high	49.0	34.27	Exposed
MIP1	P15801	133	T	False	0.107	Ordered	91.9	Very high	103.0	63.19	Exposed
MIP1	P15801	151	Y	False	0.107	Ordered	97.8	Very high	11.0	4.31	Buried
MIP1	P15801	162	Y	False	0.079	Ordered	96.6	Very high	86.0	33.73	Exposed
MIP1	P15801	174	T	False	0.054	Ordered	95.8	Very high	0.0	0.0	Buried
MIP1	P15801	176	Y	False	0.055	Ordered	92.4	Very high	107.0	41.96	Exposed
MIP1	P15801	179	S	False	0.044	Ordered	93.2	Very high	21.0	14.69	Buried
MIP1	P15801	181	Y	False	0.047	Ordered	97.1	Very high	27.0	10.59	Buried
MIP1	P15801	183	T	False	0.039	Ordered	96.4	Very high	4.0	2.45	Buried
MIP1	P15801	186	T	False	0.052	Ordered	98.1	Very high	0.0	0.0	Buried
MIP1	P15801	189	S	False	0.064	Ordered	96.9	Very high	0.0	0.0	Buried
MIP1	P15801	190	S	False	0.067	Ordered	95.8	Very high	64.0	44.76	Exposed
MIP1	P15801	191	T	False	0.074	Ordered	95.5	Very high	58.0	35.58	Exposed
MIP1	P15801	194	Y	False	0.084	Ordered	98.4	Very high	0.0	0.0	Buried
MIP1	P15801	198	S	False	0.094	Ordered	97.2	Very high	1.0	0.7	Buried
MIP1	P15801	215	T	False	0.105	Ordered	95.6	Very high	0.0	0.0	Buried
MIP1	P15801	229	Y	False	0.035	Ordered	96.2	Very high	44.0	17.25	Buried
MIP1	P15801	238	Y	False	0.047	Ordered	95.8	Very high	1.0	0.39	Buried
MIP1	P15801	243	S	False	0.042	Ordered	93.9	Very high	8.0	5.59	Buried
MIP1	P15801	250	T	False	0.075	Ordered	98.2	Very high	1.0	0.61	Buried
MIP1	P15801	252	S	False	0.11	Ordered	97.9	Very high	0.0	0.0	Buried
MIP1	P15801	257	S	False	0.188	Ordered	96.0	Very high	0.0	0.0	Buried
MIP1	P15801	262	S	False	0.311	Ordered	84.9	Confident	103.0	72.03	Exposed
MIP1	P15801	281	S	False	0.603	Disordered	63.0	Low	60.0	41.96	Exposed
MIP1	P15801	288	S	False	0.411	Ordered	46.3	Very low	46.0	32.17	Exposed
MIP1	P15801	292	Y	False	0.295	Ordered	53.7	Low	142.0	55.69	Exposed
MIP1	P15801	300	S	False	0.144	Ordered	92.6	Very high	2.0	1.4	Buried
MIP1	P15801	304	S	False	0.104	Ordered	94.9	Very high	35.0	24.48	Exposed
MIP1	P15801	320	T	False	0.147	Ordered	85.9	Confident	77.0	47.24	Exposed
MIP1	P15801	327	S	False	0.137	Ordered	91.8	Very high	27.0	18.88	Buried
MIP1	P15801	328	T	False	0.135	Ordered	91.8	Very high	114.0	69.94	Exposed
MIP1	P15801	331	S	False	0.117	Ordered	92.1	Very high	47.0	32.87	Exposed
MIP1	P15801	332	T	False	0.118	Ordered	92.9	Very high	35.0	21.47	Exposed
MIP1	P15801	343	Y	False	0.08	Ordered	94.8	Very high	23.0	9.02	Buried
MIP1	P15801	346	T	False	0.08	Ordered	95.9	Very high	46.0	28.22	Exposed
MIP1	P15801	349	T	False	0.085	Ordered	97.1	Very high	25.0	15.34	Buried
MIP1	P15801	351	T	False	0.085	Ordered	98.0	Very high	1.0	0.61	Buried
MIP1	P15801	352	S	False	0.087	Ordered	98.0	Very high	0.0	0.0	Buried
MIP1	P15801	371	S	False	0.084	Ordered	97.0	Very high	0.0	0.0	Buried
MIP1	P15801	377	S	False	0.093	Ordered	95.6	Very high	3.0	2.1	Buried
MIP1	P15801	379	S	False	0.099	Ordered	94.8	Very high	15.0	10.49	Buried
MIP1	P15801	385	T	False	0.123	Ordered	95.7	Very high	2.0	1.23	Buried
MIP1	P15801	393	Y	False	0.145	Ordered	96.0	Very high	9.0	3.53	Buried
MIP1	P15801	396	S	False	0.142	Ordered	94.1	Very high	56.0	39.16	Exposed
MIP1	P15801	397	S	False	0.147	Ordered	95.4	Very high	0.0	0.0	Buried
MIP1	P15801	399	S	False	0.145	Ordered	95.9	Very high	59.0	41.26	Exposed
MIP1	P15801	401	Y	False	0.145	Ordered	93.4	Very high	37.0	14.51	Buried
MIP1	P15801	404	S	False	0.139	Ordered	90.4	Very high	9.0	6.29	Buried
MIP1	P15801	410	S	False	0.092	Ordered	90.8	Very high	76.0	53.15	Exposed
MIP1	P15801	429	Y	False	0.108	Ordered	79.0	Confident	29.0	11.37	Buried
MIP1	P15801	436	S	False	0.148	Ordered	82.3	Confident	6.0	4.2	Buried
MIP1	P15801	441	T	False	0.174	Ordered	83.4	Confident	80.0	49.08	Exposed
MIP1	P15801	442	T	False	0.183	Ordered	81.6	Confident	83.0	50.92	Exposed
MIP1	P15801	448	T	False	0.199	Ordered	78.2	Confident	62.0	38.04	Exposed
MIP1	P15801	466	Y	False	0.194	Ordered	88.2	Confident	23.0	9.02	Buried
MIP1	P15801	472	S	False	0.146	Ordered	81.4	Confident	47.0	32.87	Exposed
MIP1	P15801	475	T	False	0.124	Ordered	80.4	Confident	29.0	17.79	Buried
MIP1	P15801	481	T	False	0.114	Ordered	83.2	Confident	62.0	38.04	Exposed
MIP1	P15801	484	S	False	0.098	Ordered	87.7	Confident	40.0	27.97	Exposed
MIP1	P15801	494	S	False	0.046	Ordered	89.6	Confident	10.0	6.99	Buried
MIP1	P15801	498	S	False	0.046	Ordered	86.9	Confident	21.0	14.69	Buried
MIP1	P15801	503	S	False	0.065	Ordered	83.6	Confident	1.0	0.7	Buried
MIP1	P15801	506	S	False	0.077	Ordered	82.1	Confident	0.0	0.0	Buried
MIP1	P15801	519	T	False	0.172	Ordered	80.1	Confident	78.0	47.85	Exposed
MIP1	P15801	520	Y	False	0.186	Ordered	79.3	Confident	14.0	5.49	Buried
MIP1	P15801	525	Y	False	0.22	Ordered	78.9	Confident	15.0	5.88	Buried
MIP1	P15801	530	S	False	0.234	Ordered	56.7	Low	60.0	41.96	Exposed
MIP1	P15801	532	S	False	0.226	Ordered	55.6	Low	28.0	19.58	Buried
MIP1	P15801	540	T	False	0.182	Ordered	51.5	Low	82.0	50.31	Exposed
MIP1	P15801	548	T	False	0.145	Ordered	55.0	Low	100.0	61.35	Exposed
MIP1	P15801	561	T	False	0.112	Ordered	73.9	Confident	123.0	75.46	Exposed
MIP1	P15801	565	T	False	0.105	Ordered	85.8	Confident	91.0	55.83	Exposed
MIP1	P15801	569	T	False	0.088	Ordered	75.2	Confident	50.0	30.67	Exposed
MIP1	P15801	571	S	False	0.074	Ordered	73.7	Confident	58.0	40.56	Exposed
MIP1	P15801	572	Y	False	0.078	Ordered	78.6	Confident	3.0	1.18	Buried
MIP1	P15801	583	S	False	0.075	Ordered	85.9	Confident	22.0	15.38	Buried
MIP1	P15801	585	S	False	0.085	Ordered	82.8	Confident	31.0	21.68	Exposed
MIP1	P15801	596	S	False	0.12	Ordered	81.6	Confident	33.0	23.08	Exposed
MIP1	P15801	597	S	False	0.114	Ordered	84.3	Confident	20.0	13.99	Buried
MIP1	P15801	599	S	False	0.112	Ordered	84.9	Confident	28.0	19.58	Buried
MIP1	P15801	600	Y	False	0.112	Ordered	88.0	Confident	13.0	5.1	Buried
MIP1	P15801	603	S	False	0.103	Ordered	87.4	Confident	56.0	39.16	Exposed
MIP1	P15801	610	S	False	0.112	Ordered	93.3	Very high	67.0	46.85	Exposed
MIP1	P15801	616	S	False	0.16	Ordered	91.2	Very high	8.0	5.59	Buried
MIP1	P15801	625	S	False	0.289	Ordered	83.1	Confident	4.0	2.8	Buried
MIP1	P15801	627	S	False	0.299	Ordered	75.2	Confident	20.0	13.99	Buried
MIP1	P15801	630	S	False	0.302	Ordered	59.2	Low	44.0	30.77	Exposed
MIP1	P15801	631	S	False	0.295	Ordered	57.3	Low	109.0	76.22	Exposed
MIP1	P15801	637	T	False	0.282	Ordered	65.5	Low	22.0	13.5	Buried
MIP1	P15801	652	T	True	0.153	Ordered	94.2	Very high	40.0	24.54	Exposed
MIP1	P15801	654	T	True	0.148	Ordered	93.0	Very high	10.0	6.13	Buried
MIP1	P15801	664	T	False	0.198	Ordered	88.2	Confident	73.0	44.79	Exposed
MIP1	P15801	666	S	False	0.217	Ordered	86.4	Confident	28.0	19.58	Buried
MIP1	P15801	675	S	False	0.24	Ordered	93.5	Very high	0.0	0.0	Buried
MIP1	P15801	679	T	False	0.211	Ordered	95.2	Very high	3.0	1.84	Buried
MIP1	P15801	687	Y	False	0.129	Ordered	95.4	Very high	23.0	9.02	Buried
MIP1	P15801	696	S	False	0.073	Ordered	81.8	Confident	48.0	33.57	Exposed
MIP1	P15801	703	S	False	0.051	Ordered	92.9	Very high	3.0	2.1	Buried
MIP1	P15801	708	S	False	0.034	Ordered	91.9	Very high	5.0	3.5	Buried
MIP1	P15801	716	T	False	0.071	Ordered	92.7	Very high	2.0	1.23	Buried
MIP1	P15801	726	T	False	0.134	Ordered	82.2	Confident	53.0	32.52	Exposed
MIP1	P15801	731	T	False	0.136	Ordered	83.4	Confident	1.0	0.61	Buried
MIP1	P15801	735	T	False	0.142	Ordered	85.4	Confident	26.0	15.95	Buried
MIP1	P15801	737	T	False	0.141	Ordered	86.6	Confident	1.0	0.61	Buried
MIP1	P15801	744	S	False	0.098	Ordered	83.4	Confident	55.0	38.46	Exposed
MIP1	P15801	753	Y	False	0.089	Ordered	76.9	Confident	86.0	33.73	Exposed
MIP1	P15801	757	Y	False	0.08	Ordered	71.9	Confident	50.0	19.61	Buried
MIP1	P15801	765	S	False	0.133	Ordered	83.3	Confident	14.0	9.79	Buried
MIP1	P15801	774	S	False	0.185	Ordered	73.4	Confident	71.0	49.65	Exposed
MIP1	P15801	776	T	False	0.208	Ordered	77.1	Confident	38.0	23.31	Exposed
MIP1	P15801	780	T	False	0.263	Ordered	82.4	Confident	0.0	0.0	Buried
MIP1	P15801	788	Y	False	0.338	Ordered	89.9	Confident	24.0	9.41	Buried
MIP1	P15801	791	T	True	0.367	Ordered	89.1	Confident	7.0	4.29	Buried
MIP1	P15801	795	T	True	0.383	Ordered	90.1	Very high	72.0	44.17	Exposed
MIP1	P15801	798	S	False	0.371	Ordered	76.5	Confident	30.0	20.98	Exposed
MIP1	P15801	806	Y	False	0.264	Ordered	92.9	Very high	12.0	4.71	Buried
MIP1	P15801	809	S	False	0.265	Ordered	89.2	Confident	15.0	10.49	Buried
MIP1	P15801	811	S	False	0.271	Ordered	92.6	Very high	1.0	0.7	Buried
MIP1	P15801	819	S	False	0.256	Ordered	88.1	Confident	46.0	32.17	Exposed
MIP1	P15801	825	T	False	0.229	Ordered	89.2	Confident	77.0	47.24	Exposed
MIP1	P15801	828	T	False	0.206	Ordered	96.4	Very high	0.0	0.0	Buried
MIP1	P15801	836	T	True	0.198	Ordered	95.0	Very high	1.0	0.61	Buried
MIP1	P15801	837	Y	False	0.186	Ordered	93.9	Very high	60.0	23.53	Exposed
MIP1	P15801	838	S	False	0.182	Ordered	91.2	Very high	0.0	0.0	Buried
MIP1	P15801	848	S	False	0.122	Ordered	72.5	Confident	50.0	34.97	Exposed
MIP1	P15801	852	S	False	0.105	Ordered	87.8	Confident	20.0	13.99	Buried
MIP1	P15801	860	S	False	0.071	Ordered	95.1	Very high	0.0	0.0	Buried
MIP1	P15801	861	S	False	0.06	Ordered	95.8	Very high	1.0	0.7	Buried
MIP1	P15801	865	Y	False	0.048	Ordered	97.7	Very high	1.0	0.39	Buried
MIP1	P15801	872	S	False	0.027	Ordered	97.7	Very high	0.0	0.0	Buried
MIP1	P15801	875	Y	False	0.017	Ordered	97.6	Very high	0.0	0.0	Buried
MIP1	P15801	880	Y	False	0.021	Ordered	96.6	Very high	21.0	8.24	Buried
MIP1	P15801	889	S	False	0.025	Ordered	94.2	Very high	11.0	7.69	Buried
MIP1	P15801	899	S	False	0.029	Ordered	95.4	Very high	12.0	8.39	Buried
MIP1	P15801	904	Y	False	0.021	Ordered	98.1	Very high	35.0	13.73	Buried
MIP1	P15801	913	S	False	0.047	Ordered	97.7	Very high	0.0	0.0	Buried
MIP1	P15801	917	T	False	0.077	Ordered	97.7	Very high	0.0	0.0	Buried
MIP1	P15801	938	S	False	0.191	Ordered	93.1	Very high	65.0	45.45	Exposed
MIP1	P15801	944	S	False	0.275	Ordered	96.2	Very high	59.0	41.26	Exposed
MIP1	P15801	956	T	False	0.466	Ordered	93.1	Very high	5.0	3.07	Buried
MIP1	P15801	958	S	False	0.516	Disordered	91.8	Very high	20.0	13.99	Buried
MIP1	P15801	961	T	False	0.561	Disordered	92.3	Very high	105.0	64.42	Exposed
MIP1	P15801	978	S	False	0.691	Disordered	87.5	Confident	98.0	68.53	Exposed
MIP1	P15801	980	S	False	0.697	Disordered	92.8	Very high	1.0	0.7	Buried
MIP1	P15801	991	S	False	0.721	Disordered	91.6	Very high	81.0	56.64	Exposed
MIP1	P15801	994	S	False	0.701	Disordered	91.3	Very high	62.0	43.36	Exposed
MIP1	P15801	996	Y	False	0.694	Disordered	94.1	Very high	46.0	18.04	Buried
MIP1	P15801	998	Y	False	0.697	Disordered	93.9	Very high	67.0	26.27	Exposed
MIP1	P15801	1000	Y	False	0.667	Disordered	93.8	Very high	161.0	63.14	Exposed
MIP1	P15801	1008	Y	False	0.483	Ordered	78.8	Confident	30.0	11.76	Buried
MIP1	P15801	1011	S	False	0.423	Ordered	75.7	Confident	82.0	57.34	Exposed
MIP1	P15801	1012	Y	False	0.391	Ordered	78.3	Confident	97.0	38.04	Exposed
MIP1	P15801	1013	T	False	0.361	Ordered	77.9	Confident	69.0	42.33	Exposed
MIP1	P15801	1019	Y	False	0.313	Ordered	83.8	Confident	27.0	10.59	Buried
MIP1	P15801	1027	S	False	0.239	Ordered	84.4	Confident	48.0	33.57	Exposed
MIP1	P15801	1039	Y	False	0.322	Ordered	86.1	Confident	33.0	12.94	Buried
MIP1	P15801	1044	T	False	0.337	Ordered	77.4	Confident	58.0	35.58	Exposed
MIP1	P15801	1045	S	False	0.358	Ordered	78.1	Confident	58.0	40.56	Exposed
MIP1	P15801	1048	Y	False	0.378	Ordered	70.1	Confident	145.0	56.86	Exposed
MIP1	P15801	1054	T	False	0.372	Ordered	47.4	Very low	84.0	51.53	Exposed
MIP1	P15801	1057	Y	False	0.383	Ordered	50.3	Low	57.0	22.35	Exposed
MIP1	P15801	1058	S	False	0.416	Ordered	57.0	Low	49.0	34.27	Exposed
MIP1	P15801	1062	Y	False	0.442	Ordered	69.8	Low	61.0	23.92	Exposed
MIP1	P15801	1072	T	False	0.522	Disordered	65.3	Low	90.0	55.21	Exposed
MIP1	P15801	1079	S	False	0.623	Disordered	47.2	Very low	119.0	83.22	Exposed
MIP1	P15801	1085	T	False	0.716	Disordered	41.5	Very low	78.0	47.85	Exposed
MIP1	P15801	1103	Y	False	0.798	Disordered	32.9	Very low	141.0	55.29	Exposed
MIP1	P15801	1105	T	False	0.821	Disordered	35.7	Very low	77.0	47.24	Exposed
MIP1	P15801	1113	S	True	0.847	Disordered	33.6	Very low	111.0	77.62	Exposed
MIP1	P15801	1140	T	False	0.747	Disordered	29.1	Very low	126.0	77.3	Exposed
MIP1	P15801	1145	T	False	0.646	Disordered	30.9	Very low	63.0	38.65	Exposed
MIP1	P15801	1146	T	False	0.622	Disordered	34.0	Very low	69.0	42.33	Exposed
MIP1	P15801	1152	Y	False	0.557	Disordered	31.4	Very low	154.0	60.39	Exposed
MIP1	P15801	1156	Y	False	0.396	Ordered	35.9	Very low	164.0	64.31	Exposed
MIP1	P15801	1166	Y	False	0.209	Ordered	71.2	Confident	152.0	59.61	Exposed
MIP1	P15801	1175	Y	False	0.16	Ordered	77.0	Confident	97.0	38.04	Exposed
MIP1	P15801	1176	T	False	0.168	Ordered	72.8	Confident	41.0	25.15	Exposed
MIP1	P15801	1179	T	False	0.201	Ordered	67.9	Low	22.0	13.5	Buried
MIP1	P15801	1200	S	False	0.787	Disordered	31.6	Very low	106.0	74.13	Exposed
MIP1	P15801	1202	Y	False	0.831	Disordered	27.4	Very low	216.0	84.71	Exposed
MIP1	P15801	1207	S	False	0.93	Disordered	26.0	Very low	106.0	74.13	Exposed
MIP1	P15801	1211	T	False	0.976	Disordered	23.0	Very low	144.0	88.34	Exposed
MIP1	P15801	1213	S	False	0.98	Disordered	27.1	Very low	105.0	73.43	Exposed
MIP1	P15801	1214	S	False	0.98	Disordered	27.6	Very low	105.0	73.43	Exposed
MIP1	P15801	1215	S	True	0.98	Disordered	26.3	Very low	109.0	76.22	Exposed
MIP1	P15801	1220	T	False	0.992	Disordered	23.8	Very low	147.0	90.18	Exposed
MIP1	P15801	1226	S	False	0.989	Disordered	25.0	Very low	104.0	72.73	Exposed
MIP1	P15801	1234	S	False	0.965	Disordered	22.5	Very low	110.0	76.92	Exposed
MIP1	P15801	1235	S	False	0.966	Disordered	20.7	Very low	108.0	75.52	Exposed
MIP1	P15801	1236	T	False	0.955	Disordered	26.7	Very low	148.0	90.8	Exposed
MIP1	P15801	1237	T	False	0.957	Disordered	19.9	Very low	128.0	78.53	Exposed
MIP1	P15801	1249	T	False	0.939	Disordered	23.6	Very low	99.0	60.74	Exposed
MIP1	P15801	1251	S	False	0.921	Disordered	21.1	Very low	98.0	68.53	Exposed
MIP1	P15801	1254	Y	False	0.973	Disordered	27.4	Very low	283.0	110.98	Exposed
YHM2	Q04013	3	S	True	0.887	Disordered	43.0	Very low	106.0	74.13	Exposed
YHM2	Q04013	4	T	False	0.859	Disordered	44.0	Very low	131.0	80.37	Exposed
YHM2	Q04013	5	T	False	0.855	Disordered	42.5	Very low	119.0	73.01	Exposed
YHM2	Q04013	7	T	False	0.84	Disordered	42.8	Very low	122.0	74.85	Exposed
YHM2	Q04013	19	S	False	0.394	Ordered	79.3	Confident	36.0	25.17	Exposed
YHM2	Q04013	21	S	False	0.298	Ordered	81.6	Confident	1.0	0.7	Buried
YHM2	Q04013	32	S	False	0.059	Ordered	90.5	Very high	60.0	41.96	Exposed
YHM2	Q04013	35	T	False	0.048	Ordered	92.3	Very high	52.0	31.9	Exposed
YHM2	Q04013	36	T	False	0.045	Ordered	90.5	Very high	50.0	30.67	Exposed
YHM2	Q04013	46	T	True	0.035	Ordered	91.8	Very high	0.0	0.0	Buried
YHM2	Q04013	47	T	False	0.036	Ordered	91.8	Very high	3.0	1.84	Buried
YHM2	Q04013	55	T	True	0.029	Ordered	90.8	Very high	64.0	39.26	Exposed
YHM2	Q04013	59	S	False	0.03	Ordered	92.5	Very high	0.0	0.0	Buried
YHM2	Q04013	65	S	False	0.02	Ordered	90.4	Very high	91.0	63.64	Exposed
YHM2	Q04013	72	Y	False	0.019	Ordered	91.9	Very high	28.0	10.98	Buried
YHM2	Q04013	73	Y	False	0.019	Ordered	92.2	Very high	75.0	29.41	Exposed
YHM2	Q04013	85	S	False	0.01	Ordered	91.6	Very high	44.0	30.77	Exposed
YHM2	Q04013	86	T	False	0.008	Ordered	91.8	Very high	48.0	29.45	Exposed
YHM2	Q04013	95	S	True	0.02	Ordered	92.7	Very high	20.0	13.99	Buried
YHM2	Q04013	100	Y	False	0.031	Ordered	92.7	Very high	75.0	29.41	Exposed
YHM2	Q04013	104	S	False	0.039	Ordered	91.5	Very high	62.0	43.36	Exposed
YHM2	Q04013	112	S	False	0.052	Ordered	89.7	Confident	0.0	0.0	Buried
YHM2	Q04013	119	T	False	0.042	Ordered	94.9	Very high	50.0	30.67	Exposed
YHM2	Q04013	123	T	False	0.028	Ordered	95.6	Very high	39.0	23.93	Exposed
YHM2	Q04013	126	Y	False	0.025	Ordered	94.2	Very high	98.0	38.43	Exposed
YHM2	Q04013	128	T	False	0.021	Ordered	92.2	Very high	6.0	3.68	Buried
YHM2	Q04013	133	T	False	0.056	Ordered	91.0	Very high	1.0	0.61	Buried
YHM2	Q04013	137	T	False	0.14	Ordered	90.9	Very high	2.0	1.23	Buried
YHM2	Q04013	141	T	False	0.176	Ordered	84.8	Confident	12.0	7.36	Buried
YHM2	Q04013	145	S	True	0.184	Ordered	47.5	Very low	78.0	54.55	Exposed
YHM2	Q04013	147	S	True	0.177	Ordered	45.9	Very low	127.0	88.81	Exposed
YHM2	Q04013	154	S	False	0.175	Ordered	85.0	Confident	69.0	48.25	Exposed
YHM2	Q04013	155	S	False	0.175	Ordered	86.3	Confident	24.0	16.78	Buried
YHM2	Q04013	157	S	False	0.161	Ordered	88.4	Confident	32.0	22.38	Exposed
YHM2	Q04013	163	Y	False	0.096	Ordered	92.8	Very high	127.0	49.8	Exposed
YHM2	Q04013	184	T	False	0.056	Ordered	89.2	Confident	26.0	15.95	Buried
YHM2	Q04013	188	S	False	0.059	Ordered	81.9	Confident	21.0	14.69	Buried
YHM2	Q04013	193	S	False	0.067	Ordered	69.8	Low	51.0	35.66	Exposed
YHM2	Q04013	204	T	False	0.125	Ordered	57.0	Low	66.0	40.49	Exposed
YHM2	Q04013	207	T	True	0.138	Ordered	53.5	Low	126.0	77.3	Exposed
YHM2	Q04013	222	S	False	0.118	Ordered	68.1	Low	24.0	16.78	Buried
YHM2	Q04013	229	S	False	0.077	Ordered	74.6	Confident	41.0	28.67	Exposed
YHM2	Q04013	244	S	False	0.166	Ordered	85.2	Confident	1.0	0.7	Buried
YHM2	Q04013	256	T	False	0.17	Ordered	90.1	Very high	69.0	42.33	Exposed
YHM2	Q04013	260	T	False	0.148	Ordered	91.7	Very high	0.0	0.0	Buried
YHM2	Q04013	263	Y	False	0.115	Ordered	92.0	Very high	21.0	8.24	Buried
YHM2	Q04013	265	Y	False	0.094	Ordered	93.4	Very high	116.0	45.49	Exposed
YHM2	Q04013	267	S	False	0.076	Ordered	89.6	Confident	62.0	43.36	Exposed
YHM2	Q04013	274	Y	False	0.048	Ordered	92.1	Very high	98.0	38.43	Exposed
YHM2	Q04013	278	T	False	0.043	Ordered	87.4	Confident	85.0	52.15	Exposed
YHM2	Q04013	288	T	False	0.037	Ordered	81.4	Confident	40.0	24.54	Exposed
YHM2	Q04013	306	T	False	0.246	Ordered	79.7	Confident	46.0	28.22	Exposed
YHM2	Q04013	309	T	False	0.29	Ordered	71.1	Confident	122.0	74.85	Exposed
ABF2	Q02486	3	S	False	0.814	Disordered	40.3	Very low	115.0	80.42	Exposed
ABF2	Q02486	4	Y	False	0.812	Disordered	41.0	Very low	186.0	72.94	Exposed
ABF2	Q02486	5	S	False	0.817	Disordered	43.6	Very low	111.0	77.62	Exposed
ABF2	Q02486	8	T	False	0.836	Disordered	43.6	Very low	132.0	80.98	Exposed
ABF2	Q02486	10	S	False	0.824	Disordered	39.1	Very low	98.0	68.53	Exposed
ABF2	Q02486	14	S	False	0.8	Disordered	49.8	Very low	102.0	71.33	Exposed
ABF2	Q02486	15	S	False	0.787	Disordered	48.4	Very low	95.0	66.43	Exposed
ABF2	Q02486	23	S	False	0.693	Disordered	61.4	Low	48.0	33.57	Exposed
ABF2	Q02486	24	T	False	0.683	Disordered	57.0	Low	104.0	63.8	Exposed
ABF2	Q02486	29	S	False	0.651	Disordered	83.8	Confident	46.0	32.17	Exposed
ABF2	Q02486	32	T	False	0.649	Disordered	89.1	Confident	63.0	38.65	Exposed
ABF2	Q02486	47	T	False	0.425	Ordered	94.8	Very high	65.0	39.88	Exposed
ABF2	Q02486	48	S	False	0.404	Ordered	96.2	Very high	30.0	20.98	Exposed
ABF2	Q02486	50	Y	False	0.36	Ordered	95.6	Very high	45.0	17.65	Buried
ABF2	Q02486	53	Y	False	0.298	Ordered	95.6	Very high	9.0	3.53	Buried
ABF2	Q02486	59	S	True	0.227	Ordered	93.3	Very high	75.0	52.45	Exposed
ABF2	Q02486	67	T	True	0.172	Ordered	92.7	Very high	132.0	80.98	Exposed
ABF2	Q02486	74	S	True	0.139	Ordered	92.4	Very high	41.0	28.67	Exposed
ABF2	Q02486	92	Y	False	0.035	Ordered	97.4	Very high	6.0	2.35	Buried
ABF2	Q02486	94	S	False	0.038	Ordered	97.4	Very high	45.0	31.47	Exposed
ABF2	Q02486	100	Y	False	0.066	Ordered	98.0	Very high	109.0	42.75	Exposed
ABF2	Q02486	101	S	True	0.076	Ordered	97.9	Very high	53.0	37.06	Exposed
ABF2	Q02486	103	Y	False	0.104	Ordered	98.2	Very high	33.0	12.94	Buried
ABF2	Q02486	126	Y	False	0.212	Ordered	95.4	Very high	19.0	7.45	Buried
ABF2	Q02486	132	S	True	0.185	Ordered	94.2	Very high	82.0	57.34	Exposed
ABF2	Q02486	142	S	True	0.135	Ordered	94.2	Very high	67.0	46.85	Exposed
ABF2	Q02486	156	S	True	0.078	Ordered	94.6	Very high	103.0	72.03	Exposed
ABF2	Q02486	160	S	True	0.065	Ordered	95.7	Very high	85.0	59.44	Exposed
ABF2	Q02486	165	Y	False	0.052	Ordered	96.3	Very high	29.0	11.37	Buried
ABF2	Q02486	169	Y	False	0.087	Ordered	97.1	Very high	73.0	28.63	Exposed
ABF2	Q02486	176	Y	False	0.173	Ordered	94.2	Very high	27.0	10.59	Buried
ABF2	Q02486	180	Y	False	0.214	Ordered	90.5	Very high	71.0	27.84	Exposed
NDI1	P32340	3	S	False	0.968	Disordered	35.6	Very low	93.0	65.03	Exposed
NDI1	P32340	7	Y	False	0.96	Disordered	35.7	Very low	205.0	80.39	Exposed
NDI1	P32340	8	S	False	0.972	Disordered	30.8	Very low	94.0	65.73	Exposed
NDI1	P32340	14	T	False	0.981	Disordered	29.4	Very low	118.0	72.39	Exposed
NDI1	P32340	15	S	False	0.98	Disordered	31.8	Very low	124.0	86.71	Exposed
NDI1	P32340	16	T	False	0.987	Disordered	34.4	Very low	114.0	69.94	Exposed
NDI1	P32340	18	T	False	0.995	Disordered	32.7	Very low	108.0	66.26	Exposed
NDI1	P32340	24	S	False	0.96	Disordered	27.0	Very low	120.0	83.92	Exposed
NDI1	P32340	25	T	False	0.967	Disordered	31.4	Very low	135.0	82.82	Exposed
NDI1	P32340	27	S	True	0.964	Disordered	29.5	Very low	113.0	79.02	Exposed
NDI1	P32340	28	T	True	0.958	Disordered	28.6	Very low	138.0	84.66	Exposed
NDI1	P32340	33	S	True	0.871	Disordered	35.5	Very low	104.0	72.73	Exposed
NDI1	P32340	38	T	False	0.75	Disordered	31.7	Very low	119.0	73.01	Exposed
NDI1	P32340	39	S	True	0.703	Disordered	25.1	Very low	72.0	50.35	Exposed
NDI1	P32340	42	T	True	0.623	Disordered	44.3	Very low	116.0	71.17	Exposed
NDI1	P32340	51	S	False	0.27	Ordered	79.8	Confident	50.0	34.97	Exposed
NDI1	P32340	61	S	False	0.11	Ordered	98.6	Very high	4.0	2.8	Buried
NDI1	P32340	67	S	False	0.055	Ordered	98.8	Very high	0.0	0.0	Buried
NDI1	P32340	74	T	False	0.053	Ordered	96.7	Very high	2.0	1.23	Buried
NDI1	P32340	77	Y	True	0.054	Ordered	94.8	Very high	3.0	1.18	Buried
NDI1	P32340	80	S	False	0.062	Ordered	97.1	Very high	11.0	7.69	Buried
NDI1	P32340	83	S	True	0.068	Ordered	98.1	Very high	8.0	5.59	Buried
NDI1	P32340	86	S	False	0.08	Ordered	97.2	Very high	46.0	32.17	Exposed
NDI1	P32340	87	Y	False	0.083	Ordered	98.5	Very high	47.0	18.43	Buried
NDI1	P32340	91	T	False	0.087	Ordered	98.4	Very high	46.0	28.22	Exposed
NDI1	P32340	96	S	False	0.078	Ordered	98.8	Very high	3.0	2.1	Buried
NDI1	P32340	101	T	False	0.064	Ordered	98.7	Very high	7.0	4.29	Buried
NDI1	P32340	106	S	False	0.056	Ordered	98.8	Very high	0.0	0.0	Buried
NDI1	P32340	123	T	False	0.06	Ordered	95.4	Very high	7.0	4.29	Buried
NDI1	P32340	124	Y	False	0.054	Ordered	96.5	Very high	9.0	3.53	Buried
NDI1	P32340	125	Y	False	0.049	Ordered	96.6	Very high	3.0	1.18	Buried
NDI1	P32340	130	T	False	0.047	Ordered	97.5	Very high	60.0	36.81	Exposed
NDI1	P32340	131	S	False	0.046	Ordered	98.5	Very high	22.0	15.38	Buried
NDI1	P32340	138	T	False	0.043	Ordered	97.3	Very high	3.0	1.84	Buried
NDI1	P32340	140	T	False	0.048	Ordered	97.8	Very high	18.0	11.04	Buried
NDI1	P32340	143	S	False	0.051	Ordered	84.9	Confident	70.0	48.95	Exposed
NDI1	P32340	145	S	False	0.052	Ordered	86.8	Confident	60.0	41.96	Exposed
NDI1	P32340	148	S	False	0.052	Ordered	88.2	Confident	41.0	28.67	Exposed
NDI1	P32340	151	Y	False	0.044	Ordered	84.8	Confident	123.0	48.24	Exposed
NDI1	P32340	169	Y	False	0.048	Ordered	95.3	Very high	5.0	1.96	Buried
NDI1	P32340	171	Y	False	0.049	Ordered	95.9	Very high	1.0	0.39	Buried
NDI1	P32340	174	S	False	0.047	Ordered	98.9	Very high	0.0	0.0	Buried
NDI1	P32340	182	T	False	0.037	Ordered	97.9	Very high	27.0	16.56	Buried
NDI1	P32340	189	T	False	0.033	Ordered	98.0	Very high	96.0	58.9	Exposed
NDI1	P32340	191	Y	False	0.033	Ordered	98.8	Very high	99.0	38.82	Exposed
NDI1	P32340	201	S	False	0.031	Ordered	98.8	Very high	0.0	0.0	Buried
NDI1	P32340	207	T	False	0.047	Ordered	98.9	Very high	35.0	21.47	Exposed
NDI1	P32340	230	S	False	0.105	Ordered	98.9	Very high	7.0	4.9	Buried
NDI1	P32340	239	T	True	0.061	Ordered	98.2	Very high	59.0	36.2	Exposed
NDI1	P32340	250	Y	False	0.038	Ordered	98.9	Very high	13.0	5.1	Buried
NDI1	P32340	286	S	False	0.024	Ordered	98.3	Very high	1.0	0.7	Buried
NDI1	P32340	287	S	False	0.024	Ordered	98.2	Very high	56.0	39.16	Exposed
NDI1	P32340	288	Y	False	0.026	Ordered	98.5	Very high	76.0	29.8	Exposed
NDI1	P32340	291	S	False	0.027	Ordered	98.6	Very high	57.0	39.86	Exposed
NDI1	P32340	296	T	False	0.034	Ordered	98.5	Very high	13.0	7.98	Buried
NDI1	P32340	297	S	False	0.031	Ordered	98.5	Very high	54.0	37.76	Exposed
NDI1	P32340	304	T	False	0.047	Ordered	98.8	Very high	2.0	1.23	Buried
NDI1	P32340	318	T	False	0.176	Ordered	98.8	Very high	17.0	10.43	Buried
NDI1	P32340	326	T	False	0.166	Ordered	98.4	Very high	61.0	37.42	Exposed
NDI1	P32340	329	T	False	0.15	Ordered	98.7	Very high	71.0	43.56	Exposed
NDI1	P32340	332	Y	False	0.112	Ordered	98.9	Very high	4.0	1.57	Buried
NDI1	P32340	334	T	False	0.081	Ordered	98.9	Very high	2.0	1.23	Buried
NDI1	P32340	339	T	False	0.041	Ordered	93.4	Very high	40.0	24.54	Exposed
NDI1	P32340	348	T	False	0.056	Ordered	98.4	Very high	53.0	32.52	Exposed
NDI1	P32340	359	S	False	0.071	Ordered	97.7	Very high	101.0	70.63	Exposed
NDI1	P32340	360	S	False	0.072	Ordered	97.4	Very high	19.0	13.29	Buried
NDI1	P32340	375	S	False	0.031	Ordered	94.7	Very high	12.0	8.39	Buried
NDI1	P32340	392	T	False	0.031	Ordered	97.2	Very high	52.0	31.9	Exposed
NDI1	P32340	402	Y	False	0.022	Ordered	98.8	Very high	34.0	13.33	Buried
NDI1	P32340	421	S	False	0.083	Ordered	54.5	Low	86.0	60.14	Exposed
NDI1	P32340	422	S	False	0.087	Ordered	59.5	Low	97.0	67.83	Exposed
NDI1	P32340	441	Y	False	0.039	Ordered	98.3	Very high	41.0	16.08	Buried
NDI1	P32340	449	Y	False	0.056	Ordered	98.8	Very high	11.0	4.31	Buried
NDI1	P32340	452	S	False	0.073	Ordered	97.6	Very high	39.0	27.27	Exposed
NDI1	P32340	458	T	False	0.119	Ordered	98.2	Very high	14.0	8.59	Buried
NDI1	P32340	461	S	False	0.129	Ordered	96.1	Very high	51.0	35.66	Exposed
NDI1	P32340	465	T	False	0.124	Ordered	97.7	Very high	76.0	46.63	Exposed
NDI1	P32340	467	Y	False	0.122	Ordered	97.8	Very high	57.0	22.35	Exposed
NDI1	P32340	468	T	False	0.132	Ordered	96.9	Very high	63.0	38.65	Exposed
NDI1	P32340	474	T	False	0.115	Ordered	98.4	Very high	2.0	1.23	Buried
NDI1	P32340	476	Y	False	0.102	Ordered	98.4	Very high	118.0	46.27	Exposed
NDI1	P32340	482	Y	False	0.069	Ordered	97.7	Very high	14.0	5.49	Buried
NDI1	P32340	484	S	False	0.062	Ordered	97.6	Very high	70.0	48.95	Exposed
NDI1	P32340	488	S	False	0.058	Ordered	97.1	Very high	5.0	3.5	Buried
NDI1	P32340	491	S	False	0.058	Ordered	98.4	Very high	4.0	2.8	Buried
PDB1	P32473	3	S	False	0.979	Disordered	42.8	Very low	86.0	60.14	Exposed
PDB1	P32473	7	T	False	0.961	Disordered	47.6	Very low	133.0	81.6	Exposed
PDB1	P32473	8	S	False	0.918	Disordered	49.3	Very low	119.0	83.22	Exposed
PDB1	P32473	19	T	False	0.893	Disordered	42.3	Very low	135.0	82.82	Exposed
PDB1	P32473	20	S	False	0.849	Disordered	47.4	Very low	102.0	71.33	Exposed
PDB1	P32473	25	S	False	0.817	Disordered	44.4	Very low	102.0	71.33	Exposed
PDB1	P32473	34	S	False	0.486	Ordered	53.3	Low	74.0	51.75	Exposed
PDB1	P32473	35	S	False	0.452	Ordered	53.8	Low	87.0	60.84	Exposed
PDB1	P32473	36	T	False	0.425	Ordered	66.9	Low	73.0	44.79	Exposed
PDB1	P32473	38	T	False	0.381	Ordered	95.9	Very high	104.0	63.8	Exposed
PDB1	P32473	40	T	False	0.312	Ordered	98.5	Very high	20.0	12.27	Buried
PDB1	P32473	47	S	False	0.126	Ordered	98.4	Very high	25.0	17.48	Buried
PDB1	P32473	69	Y	False	0.042	Ordered	97.1	Very high	136.0	53.33	Exposed
PDB1	P32473	73	Y	False	0.042	Ordered	97.3	Very high	65.0	25.49	Exposed
PDB1	P32473	76	S	False	0.039	Ordered	98.6	Very high	1.0	0.7	Buried
PDB1	P32473	91	T	False	0.024	Ordered	98.5	Very high	23.0	14.11	Buried
PDB1	P32473	94	T	False	0.019	Ordered	98.1	Very high	66.0	40.49	Exposed
PDB1	P32473	96	Y	False	0.026	Ordered	98.6	Very high	115.0	45.1	Exposed
PDB1	P32473	99	T	False	0.023	Ordered	98.9	Very high	0.0	0.0	Buried
PDB1	P32473	118	S	False	0.013	Ordered	98.4	Very high	10.0	6.99	Buried
PDB1	P32473	122	S	False	0.01	Ordered	98.7	Very high	0.0	0.0	Buried
PDB1	P32473	132	S	False	0.03	Ordered	98.7	Very high	33.0	23.08	Exposed
PDB1	P32473	136	T	False	0.04	Ordered	98.3	Very high	22.0	13.5	Buried
PDB1	P32473	138	Y	False	0.041	Ordered	98.5	Very high	210.0	82.35	Exposed
PDB1	P32473	140	S	True	0.044	Ordered	97.8	Very high	36.0	25.17	Exposed
PDB1	P32473	143	T	False	0.052	Ordered	96.3	Very high	121.0	74.23	Exposed
PDB1	P32473	165	S	False	0.113	Ordered	97.8	Very high	4.0	2.8	Buried
PDB1	P32473	169	S	False	0.085	Ordered	98.8	Very high	0.0	0.0	Buried
PDB1	P32473	172	Y	False	0.074	Ordered	98.8	Very high	1.0	0.39	Buried
PDB1	P32473	174	S	False	0.07	Ordered	98.1	Very high	78.0	54.55	Exposed
PDB1	P32473	184	Y	False	0.025	Ordered	98.6	Very high	19.0	7.45	Buried
PDB1	P32473	185	S	True	0.023	Ordered	98.5	Very high	8.0	5.59	Buried
PDB1	P32473	212	Y	False	0.036	Ordered	98.5	Very high	2.0	0.78	Buried
PDB1	P32473	215	S	False	0.032	Ordered	98.1	Very high	74.0	51.75	Exposed
PDB1	P32473	219	S	False	0.044	Ordered	94.4	Very high	47.0	32.87	Exposed
PDB1	P32473	224	S	True	0.049	Ordered	96.8	Very high	47.0	32.87	Exposed
PDB1	P32473	228	T	False	0.049	Ordered	98.5	Very high	57.0	34.97	Exposed
PDB1	P32473	231	Y	False	0.048	Ordered	98.2	Very high	33.0	12.94	Buried
PDB1	P32473	240	T	True	0.032	Ordered	98.6	Very high	83.0	50.92	Exposed
PDB1	P32473	243	S	False	0.027	Ordered	98.9	Very high	0.0	0.0	Buried
PDB1	P32473	246	T	False	0.031	Ordered	98.9	Very high	1.0	0.61	Buried
PDB1	P32473	247	Y	False	0.029	Ordered	98.8	Very high	3.0	1.18	Buried
PDB1	P32473	248	T	False	0.025	Ordered	98.3	Very high	7.0	4.29	Buried
PDB1	P32473	254	S	False	0.016	Ordered	98.8	Very high	0.0	0.0	Buried
PDB1	P32473	265	Y	False	0.021	Ordered	97.5	Very high	93.0	36.47	Exposed
PDB1	P32473	268	S	False	0.025	Ordered	98.6	Very high	22.0	15.38	Buried
PDB1	P32473	276	S	True	0.026	Ordered	98.8	Very high	0.0	0.0	Buried
PDB1	P32473	282	T	True	0.035	Ordered	98.2	Very high	35.0	21.47	Exposed
PDB1	P32473	288	T	False	0.035	Ordered	98.3	Very high	2.0	1.23	Buried
PDB1	P32473	292	T	False	0.037	Ordered	98.6	Very high	2.0	1.23	Buried
PDB1	P32473	297	T	False	0.04	Ordered	98.9	Very high	2.0	1.23	Buried
PDB1	P32473	300	S	False	0.046	Ordered	96.9	Very high	21.0	14.69	Buried
PDB1	P32473	301	T	False	0.043	Ordered	96.1	Very high	3.0	1.84	Buried
PDB1	P32473	304	S	False	0.034	Ordered	98.0	Very high	67.0	46.85	Exposed
PDB1	P32473	318	S	False	0.05	Ordered	98.4	Very high	22.0	15.38	Buried
PDB1	P32473	323	Y	False	0.068	Ordered	98.6	Very high	107.0	41.96	Exposed
PDB1	P32473	332	T	True	0.077	Ordered	98.6	Very high	32.0	19.63	Buried
PDB1	P32473	338	T	True	0.079	Ordered	97.4	Very high	10.0	6.13	Buried
PDB1	P32473	340	Y	True	0.08	Ordered	97.7	Very high	176.0	69.02	Exposed
PDB1	P32473	352	T	True	0.044	Ordered	98.4	Very high	11.0	6.75	Buried
PDB1	P32473	354	T	False	0.041	Ordered	97.7	Very high	64.0	39.26	Exposed
PDB1	P32473	364	S	False	0.038	Ordered	96.7	Very high	111.0	77.62	Exposed
LPD1	P09624	6	S	True	0.869	Disordered	36.3	Very low	103.0	72.03	Exposed
LPD1	P09624	15	S	False	0.845	Disordered	33.2	Very low	105.0	73.43	Exposed
LPD1	P09624	16	S	False	0.815	Disordered	35.8	Very low	92.0	64.34	Exposed
LPD1	P09624	17	T	False	0.812	Disordered	34.1	Very low	118.0	72.39	Exposed
LPD1	P09624	20	T	False	0.768	Disordered	52.2	Low	97.0	59.51	Exposed
LPD1	P09624	22	T	False	0.719	Disordered	62.1	Low	68.0	41.72	Exposed
LPD1	P09624	26	S	False	0.406	Ordered	94.6	Very high	84.0	58.74	Exposed
LPD1	P09624	39	Y	False	0.044	Ordered	98.8	Very high	42.0	16.47	Buried
LPD1	P09624	52	T	True	0.014	Ordered	98.8	Very high	1.0	0.61	Buried
LPD1	P09624	64	T	True	0.023	Ordered	98.6	Very high	33.0	20.25	Exposed
LPD1	P09624	73	S	True	0.025	Ordered	98.3	Very high	7.0	4.9	Buried
LPD1	P09624	80	S	False	0.027	Ordered	98.5	Very high	0.0	0.0	Buried
LPD1	P09624	88	T	False	0.039	Ordered	91.9	Very high	73.0	44.79	Exposed
LPD1	P09624	120	T	False	0.032	Ordered	97.9	Very high	9.0	5.52	Buried
LPD1	P09624	133	T	False	0.038	Ordered	98.4	Very high	48.0	29.45	Exposed
LPD1	P09624	134	Y	False	0.039	Ordered	98.0	Very high	49.0	19.22	Buried
LPD1	P09624	135	Y	False	0.035	Ordered	98.2	Very high	11.0	4.31	Buried
LPD1	P09624	140	S	True	0.035	Ordered	98.6	Very high	25.0	17.48	Buried
LPD1	P09624	145	T	False	0.036	Ordered	97.2	Very high	53.0	32.52	Exposed
LPD1	P09624	150	T	False	0.035	Ordered	97.4	Very high	35.0	21.47	Exposed
LPD1	P09624	158	T	True	0.019	Ordered	96.8	Very high	29.0	17.79	Buried
LPD1	P09624	174	T	False	0.028	Ordered	98.8	Very high	31.0	19.02	Buried
LPD1	P09624	176	S	True	0.03	Ordered	98.7	Very high	9.0	6.29	Buried
LPD1	P09624	179	T	False	0.032	Ordered	96.8	Very high	38.0	23.31	Exposed
LPD1	P09624	193	S	False	0.03	Ordered	98.4	Very high	2.0	1.4	Buried
LPD1	P09624	194	S	False	0.027	Ordered	97.7	Very high	11.0	7.69	Buried
LPD1	P09624	195	T	False	0.027	Ordered	97.8	Very high	53.0	32.52	Exposed
LPD1	P09624	199	S	True	0.022	Ordered	97.1	Very high	63.0	44.06	Exposed
LPD1	P09624	208	T	False	0.033	Ordered	98.8	Very high	4.0	2.45	Buried
LPD1	P09624	221	S	False	0.019	Ordered	98.7	Very high	1.0	0.7	Buried
LPD1	P09624	223	Y	False	0.019	Ordered	98.5	Very high	1.0	0.39	Buried
LPD1	P09624	224	S	False	0.016	Ordered	98.4	Very high	19.0	13.29	Buried
LPD1	P09624	228	S	False	0.019	Ordered	98.4	Very high	6.0	4.2	Buried
LPD1	P09624	231	T	False	0.023	Ordered	98.8	Very high	22.0	13.5	Buried
LPD1	P09624	242	S	False	0.032	Ordered	92.6	Very high	72.0	50.35	Exposed
LPD1	P09624	251	T	False	0.03	Ordered	98.5	Very high	3.0	1.84	Buried
LPD1	P09624	265	S	False	0.04	Ordered	97.9	Very high	13.0	9.09	Buried
LPD1	P09624	266	T	False	0.046	Ordered	98.4	Very high	10.0	6.13	Buried
LPD1	P09624	270	S	False	0.045	Ordered	97.2	Very high	34.0	23.78	Exposed
LPD1	P09624	287	T	False	0.067	Ordered	96.5	Very high	53.0	32.52	Exposed
LPD1	P09624	289	T	False	0.06	Ordered	95.9	Very high	91.0	55.83	Exposed
LPD1	P09624	309	Y	False	0.014	Ordered	98.2	Very high	52.0	20.39	Exposed
LPD1	P09624	336	S	True	0.009	Ordered	97.9	Very high	11.0	7.69	Buried
LPD1	P09624	348	T	True	0.014	Ordered	98.5	Very high	5.0	3.07	Buried
LPD1	P09624	370	T	False	0.031	Ordered	96.5	Very high	80.0	49.08	Exposed
LPD1	P09624	377	Y	False	0.022	Ordered	96.6	Very high	70.0	27.45	Exposed
LPD1	P09624	382	S	False	0.016	Ordered	98.6	Very high	16.0	11.19	Buried
LPD1	P09624	385	Y	False	0.013	Ordered	98.3	Very high	84.0	32.94	Exposed
LPD1	P09624	386	S	False	0.013	Ordered	97.5	Very high	6.0	4.2	Buried
LPD1	P09624	396	T	False	0.017	Ordered	98.4	Very high	11.0	6.75	Buried
LPD1	P09624	407	Y	False	0.027	Ordered	98.6	Very high	39.0	15.29	Buried
LPD1	P09624	418	S	True	0.057	Ordered	97.2	Very high	38.0	26.57	Exposed
LPD1	P09624	422	T	False	0.046	Ordered	96.2	Very high	93.0	57.06	Exposed
LPD1	P09624	426	T	False	0.054	Ordered	97.6	Very high	53.0	32.52	Exposed
LPD1	P09624	436	S	False	0.025	Ordered	97.9	Very high	23.0	16.08	Buried
LPD1	P09624	438	T	False	0.02	Ordered	98.0	Very high	92.0	56.44	Exposed
LPD1	P09624	464	Y	False	0.018	Ordered	97.4	Very high	194.0	76.08	Exposed
LPD1	P09624	467	S	False	0.016	Ordered	98.4	Very high	17.0	11.89	Buried
LPD1	P09624	480	T	False	0.016	Ordered	98.4	Very high	40.0	24.54	Exposed
LPD1	P09624	482	S	False	0.021	Ordered	98.0	Very high	37.0	25.87	Exposed
LPD1	P09624	493	Y	False	0.033	Ordered	92.0	Very high	51.0	20.0	Buried
PIM1	P36775	4	T	False	0.915	Disordered	46.7	Very low	88.0	53.99	Exposed
PIM1	P36775	6	T	False	0.933	Disordered	46.2	Very low	71.0	43.56	Exposed
PIM1	P36775	7	T	False	0.939	Disordered	52.2	Low	86.0	52.76	Exposed
PIM1	P36775	9	T	False	0.941	Disordered	52.4	Low	83.0	50.92	Exposed
PIM1	P36775	11	S	False	0.956	Disordered	57.9	Low	56.0	39.16	Exposed
PIM1	P36775	12	T	False	0.958	Disordered	59.7	Low	84.0	51.53	Exposed
PIM1	P36775	16	T	False	0.965	Disordered	56.9	Low	70.0	42.94	Exposed
PIM1	P36775	17	T	False	0.966	Disordered	60.7	Low	64.0	39.26	Exposed
PIM1	P36775	22	Y	False	0.953	Disordered	61.0	Low	155.0	60.78	Exposed
PIM1	P36775	23	Y	False	0.963	Disordered	51.8	Low	168.0	65.88	Exposed
PIM1	P36775	25	S	False	0.937	Disordered	52.1	Low	56.0	39.16	Exposed
PIM1	P36775	29	T	False	0.905	Disordered	40.1	Very low	94.0	57.67	Exposed
PIM1	P36775	33	S	False	0.843	Disordered	33.1	Very low	83.0	58.04	Exposed
PIM1	P36775	39	S	False	0.756	Disordered	32.6	Very low	104.0	72.73	Exposed
PIM1	P36775	40	T	False	0.749	Disordered	32.9	Very low	138.0	84.66	Exposed
PIM1	P36775	42	T	False	0.714	Disordered	37.1	Very low	100.0	61.35	Exposed
PIM1	P36775	52	S	False	0.455	Ordered	44.1	Very low	69.0	48.25	Exposed
PIM1	P36775	57	S	False	0.378	Ordered	56.8	Low	30.0	20.98	Exposed
PIM1	P36775	59	T	False	0.353	Ordered	62.4	Low	106.0	65.03	Exposed
PIM1	P36775	72	Y	False	0.237	Ordered	68.8	Low	106.0	41.57	Exposed
PIM1	P36775	90	T	False	0.535	Disordered	42.2	Very low	89.0	54.6	Exposed
PIM1	P36775	92	S	False	0.58	Disordered	27.8	Very low	99.0	69.23	Exposed
PIM1	P36775	95	S	False	0.673	Disordered	22.6	Very low	112.0	78.32	Exposed
PIM1	P36775	102	S	False	0.898	Disordered	18.9	Very low	99.0	69.23	Exposed
PIM1	P36775	103	T	False	0.911	Disordered	19.4	Very low	118.0	72.39	Exposed
PIM1	P36775	104	S	False	0.918	Disordered	18.2	Very low	100.0	69.93	Exposed
PIM1	P36775	120	T	True	0.96	Disordered	20.0	Very low	121.0	74.23	Exposed
PIM1	P36775	127	T	False	0.967	Disordered	23.9	Very low	141.0	86.5	Exposed
PIM1	P36775	142	S	True	0.983	Disordered	19.9	Very low	92.0	64.34	Exposed
PIM1	P36775	145	S	False	0.986	Disordered	19.5	Very low	77.0	53.85	Exposed
PIM1	P36775	147	S	False	0.987	Disordered	19.4	Very low	97.0	67.83	Exposed
PIM1	P36775	148	S	False	0.99	Disordered	20.6	Very low	114.0	79.72	Exposed
PIM1	P36775	150	S	False	0.991	Disordered	19.1	Very low	127.0	88.81	Exposed
PIM1	P36775	155	S	False	1.0	Disordered	19.4	Very low	125.0	87.41	Exposed
PIM1	P36775	156	S	False	0.996	Disordered	23.6	Very low	120.0	83.92	Exposed
PIM1	P36775	157	S	False	0.993	Disordered	20.2	Very low	107.0	74.83	Exposed
PIM1	P36775	158	S	False	0.988	Disordered	20.8	Very low	106.0	74.13	Exposed
PIM1	P36775	160	S	False	0.979	Disordered	20.7	Very low	109.0	76.22	Exposed
PIM1	P36775	162	S	False	0.972	Disordered	23.3	Very low	103.0	72.03	Exposed
PIM1	P36775	166	S	False	0.896	Disordered	24.8	Very low	91.0	63.64	Exposed
PIM1	P36775	167	S	False	0.871	Disordered	29.0	Very low	112.0	78.32	Exposed
PIM1	P36775	179	Y	False	0.525	Disordered	66.3	Low	22.0	8.63	Buried
PIM1	P36775	197	Y	False	0.125	Ordered	86.1	Confident	142.0	55.69	Exposed
PIM1	P36775	203	S	False	0.085	Ordered	84.1	Confident	67.0	46.85	Exposed
PIM1	P36775	221	Y	False	0.204	Ordered	88.0	Confident	19.0	7.45	Buried
PIM1	P36775	230	S	False	0.258	Ordered	68.8	Low	38.0	26.57	Exposed
PIM1	P36775	234	T	False	0.248	Ordered	79.2	Confident	67.0	41.1	Exposed
PIM1	P36775	238	T	False	0.242	Ordered	78.6	Confident	94.0	57.67	Exposed
PIM1	P36775	244	Y	False	0.212	Ordered	89.1	Confident	57.0	22.35	Exposed
PIM1	P36775	253	T	False	0.257	Ordered	85.2	Confident	69.0	42.33	Exposed
PIM1	P36775	254	S	False	0.259	Ordered	85.6	Confident	28.0	19.58	Buried
PIM1	P36775	258	S	False	0.281	Ordered	80.1	Confident	48.0	33.57	Exposed
PIM1	P36775	263	T	False	0.294	Ordered	63.3	Low	94.0	57.67	Exposed
PIM1	P36775	265	T	False	0.297	Ordered	74.1	Confident	71.0	43.56	Exposed
PIM1	P36775	267	T	False	0.308	Ordered	86.1	Confident	8.0	4.91	Buried
PIM1	P36775	269	T	False	0.317	Ordered	88.6	Confident	37.0	22.7	Exposed
PIM1	P36775	273	Y	False	0.342	Ordered	90.8	Very high	65.0	25.49	Exposed
PIM1	P36775	293	S	False	0.837	Disordered	32.8	Very low	73.0	51.05	Exposed
PIM1	P36775	300	T	True	0.94	Disordered	19.1	Very low	133.0	81.6	Exposed
PIM1	P36775	302	T	False	0.954	Disordered	19.2	Very low	116.0	71.17	Exposed
PIM1	P36775	304	T	False	0.96	Disordered	18.6	Very low	121.0	74.23	Exposed
PIM1	P36775	305	T	False	0.966	Disordered	19.2	Very low	120.0	73.62	Exposed
PIM1	P36775	318	S	False	0.958	Disordered	19.2	Very low	100.0	69.93	Exposed
PIM1	P36775	319	T	False	0.955	Disordered	19.4	Very low	128.0	78.53	Exposed
PIM1	P36775	320	S	False	0.949	Disordered	18.0	Very low	102.0	71.33	Exposed
PIM1	P36775	323	T	False	0.944	Disordered	18.6	Very low	132.0	80.98	Exposed
PIM1	P36775	337	S	False	0.94	Disordered	24.9	Very low	121.0	84.62	Exposed
PIM1	P36775	348	T	False	0.913	Disordered	19.6	Very low	144.0	88.34	Exposed
PIM1	P36775	352	S	False	0.855	Disordered	17.8	Very low	106.0	74.13	Exposed
PIM1	P36775	367	T	False	0.548	Disordered	62.1	Low	2.0	1.23	Buried
PIM1	P36775	373	Y	False	0.442	Ordered	73.7	Confident	71.0	27.84	Exposed
PIM1	P36775	376	S	False	0.428	Ordered	82.1	Confident	2.0	1.4	Buried
PIM1	P36775	392	S	False	0.255	Ordered	83.3	Confident	15.0	10.49	Buried
PIM1	P36775	399	T	False	0.167	Ordered	87.4	Confident	0.0	0.0	Buried
PIM1	P36775	400	S	False	0.148	Ordered	88.5	Confident	57.0	39.86	Exposed
PIM1	P36775	410	S	False	0.071	Ordered	83.7	Confident	28.0	19.58	Buried
PIM1	P36775	414	T	False	0.082	Ordered	82.1	Confident	108.0	66.26	Exposed
PIM1	P36775	422	T	False	0.148	Ordered	76.1	Confident	101.0	61.96	Exposed
PIM1	P36775	424	S	False	0.162	Ordered	69.8	Low	39.0	27.27	Exposed
PIM1	P36775	426	S	False	0.17	Ordered	67.5	Low	47.0	32.87	Exposed
PIM1	P36775	429	S	False	0.185	Ordered	57.6	Low	92.0	64.34	Exposed
PIM1	P36775	431	T	False	0.189	Ordered	46.9	Very low	137.0	84.05	Exposed
PIM1	P36775	432	T	False	0.196	Ordered	53.9	Low	63.0	38.65	Exposed
PIM1	P36775	449	S	False	0.21	Ordered	84.1	Confident	1.0	0.7	Buried
PIM1	P36775	461	S	False	0.165	Ordered	90.8	Very high	42.0	29.37	Exposed
PIM1	P36775	462	S	False	0.155	Ordered	91.3	Very high	11.0	7.69	Buried
PIM1	P36775	472	S	False	0.108	Ordered	92.5	Very high	0.0	0.0	Buried
PIM1	P36775	490	S	False	0.149	Ordered	83.6	Confident	67.0	46.85	Exposed
PIM1	P36775	495	T	False	0.146	Ordered	88.6	Confident	80.0	49.08	Exposed
PIM1	P36775	504	Y	False	0.149	Ordered	84.8	Confident	164.0	64.31	Exposed
PIM1	P36775	505	Y	False	0.143	Ordered	86.6	Confident	145.0	56.86	Exposed
PIM1	P36775	529	T	False	0.158	Ordered	88.0	Confident	56.0	34.36	Exposed
PIM1	P36775	530	Y	False	0.155	Ordered	91.3	Very high	6.0	2.35	Buried
PIM1	P36775	536	S	False	0.112	Ordered	85.0	Confident	67.0	46.85	Exposed
PIM1	P36775	542	S	False	0.091	Ordered	86.9	Confident	69.0	48.25	Exposed
PIM1	P36775	552	T	False	0.1	Ordered	90.6	Very high	86.0	52.76	Exposed
PIM1	P36775	555	S	False	0.092	Ordered	85.1	Confident	50.0	34.97	Exposed
PIM1	P36775	556	T	False	0.09	Ordered	85.9	Confident	111.0	68.1	Exposed
PIM1	P36775	559	T	False	0.084	Ordered	82.3	Confident	52.0	31.9	Exposed
PIM1	P36775	560	S	False	0.079	Ordered	79.6	Confident	90.0	62.94	Exposed
PIM1	P36775	562	S	False	0.079	Ordered	81.9	Confident	105.0	73.43	Exposed
PIM1	P36775	570	Y	False	0.109	Ordered	92.7	Very high	9.0	3.53	Buried
PIM1	P36775	575	T	False	0.151	Ordered	91.0	Very high	9.0	5.52	Buried
PIM1	P36775	576	S	False	0.159	Ordered	90.7	Very high	30.0	20.98	Exposed
PIM1	P36775	583	S	False	0.194	Ordered	87.8	Confident	19.0	13.29	Buried
PIM1	P36775	587	Y	False	0.203	Ordered	83.3	Confident	38.0	14.9	Buried
PIM1	P36775	588	S	False	0.205	Ordered	85.9	Confident	34.0	23.78	Exposed
PIM1	P36775	601	Y	False	0.107	Ordered	89.1	Confident	64.0	25.1	Exposed
PIM1	P36775	639	T	False	0.099	Ordered	91.3	Very high	39.0	23.93	Exposed
PIM1	P36775	640	S	False	0.103	Ordered	91.7	Very high	58.0	40.56	Exposed
PIM1	P36775	644	S	False	0.096	Ordered	92.8	Very high	1.0	0.7	Buried
PIM1	P36775	657	S	True	0.11	Ordered	92.3	Very high	52.0	36.36	Exposed
PIM1	P36775	662	T	False	0.089	Ordered	85.7	Confident	71.0	43.56	Exposed
PIM1	P36775	673	T	False	0.071	Ordered	84.1	Confident	113.0	69.33	Exposed
PIM1	P36775	674	Y	False	0.067	Ordered	87.9	Confident	152.0	59.61	Exposed
PIM1	P36775	691	T	False	0.041	Ordered	92.1	Very high	15.0	9.2	Buried
PIM1	P36775	714	S	False	0.113	Ordered	86.6	Confident	6.0	4.2	Buried
PIM1	P36775	728	S	False	0.068	Ordered	89.2	Confident	65.0	45.45	Exposed
PIM1	P36775	733	Y	False	0.06	Ordered	93.7	Very high	10.0	3.92	Buried
PIM1	P36775	741	S	False	0.032	Ordered	86.0	Confident	34.0	23.78	Exposed
PIM1	P36775	748	T	False	0.037	Ordered	94.5	Very high	1.0	0.61	Buried
PIM1	P36775	751	S	False	0.041	Ordered	86.6	Confident	7.0	4.9	Buried
PIM1	P36775	754	T	False	0.042	Ordered	85.8	Confident	51.0	31.29	Exposed
PIM1	P36775	769	T	False	0.029	Ordered	82.7	Confident	23.0	14.11	Buried
PIM1	P36775	771	Y	False	0.03	Ordered	86.1	Confident	23.0	9.02	Buried
PIM1	P36775	783	Y	False	0.243	Ordered	91.5	Very high	59.0	23.14	Exposed
PIM1	P36775	787	S	True	0.312	Ordered	91.2	Very high	55.0	38.46	Exposed
PIM1	P36775	791	S	False	0.348	Ordered	88.4	Confident	84.0	58.74	Exposed
PIM1	P36775	797	S	False	0.318	Ordered	71.4	Confident	7.0	4.9	Buried
PIM1	P36775	802	T	False	0.262	Ordered	89.6	Confident	50.0	30.67	Exposed
PIM1	P36775	807	T	False	0.156	Ordered	89.6	Confident	62.0	38.04	Exposed
PIM1	P36775	812	Y	False	0.09	Ordered	84.6	Confident	73.0	28.63	Exposed
PIM1	P36775	813	Y	False	0.078	Ordered	86.8	Confident	14.0	5.49	Buried
PIM1	P36775	817	S	False	0.054	Ordered	82.0	Confident	8.0	5.59	Buried
PIM1	P36775	830	Y	False	0.154	Ordered	92.2	Very high	0.0	0.0	Buried
PIM1	P36775	842	S	True	0.573	Disordered	62.3	Low	71.0	49.65	Exposed
PIM1	P36775	846	S	True	0.709	Disordered	32.6	Very low	84.0	58.74	Exposed
PIM1	P36775	848	T	False	0.783	Disordered	28.8	Very low	128.0	78.53	Exposed
PIM1	P36775	849	S	True	0.817	Disordered	23.9	Very low	122.0	85.31	Exposed
PIM1	P36775	850	S	True	0.848	Disordered	21.8	Very low	98.0	68.53	Exposed
PIM1	P36775	853	S	False	0.919	Disordered	21.5	Very low	100.0	69.93	Exposed
PIM1	P36775	858	S	False	0.975	Disordered	16.2	Very low	109.0	76.22	Exposed
PIM1	P36775	860	S	True	0.985	Disordered	15.3	Very low	104.0	72.73	Exposed
PIM1	P36775	861	S	False	0.986	Disordered	18.2	Very low	101.0	70.63	Exposed
PIM1	P36775	871	S	False	0.992	Disordered	19.1	Very low	99.0	69.23	Exposed
PIM1	P36775	872	S	False	0.989	Disordered	18.8	Very low	116.0	81.12	Exposed
PIM1	P36775	873	S	False	0.988	Disordered	23.5	Very low	107.0	74.83	Exposed
PIM1	P36775	876	T	False	0.978	Disordered	22.9	Very low	124.0	76.07	Exposed
PIM1	P36775	881	S	False	0.907	Disordered	33.1	Very low	109.0	76.22	Exposed
PIM1	P36775	884	T	False	0.816	Disordered	34.2	Very low	105.0	64.42	Exposed
PIM1	P36775	885	S	False	0.78	Disordered	41.6	Very low	97.0	67.83	Exposed
PIM1	P36775	893	T	False	0.562	Disordered	50.3	Low	23.0	14.11	Buried
PIM1	P36775	894	S	False	0.531	Disordered	49.4	Very low	63.0	44.06	Exposed
PIM1	P36775	900	S	False	0.363	Ordered	81.6	Confident	83.0	58.04	Exposed
PIM1	P36775	902	S	True	0.312	Ordered	85.7	Confident	35.0	24.48	Exposed
PIM1	P36775	909	Y	False	0.217	Ordered	87.6	Confident	11.0	4.31	Buried
PIM1	P36775	915	Y	False	0.157	Ordered	79.6	Confident	83.0	32.55	Exposed
PIM1	P36775	916	T	False	0.151	Ordered	70.7	Confident	117.0	71.78	Exposed
PIM1	P36775	917	T	False	0.147	Ordered	66.1	Low	72.0	44.17	Exposed
PIM1	P36775	921	Y	False	0.118	Ordered	76.3	Confident	64.0	25.1	Exposed
PIM1	P36775	923	T	False	0.106	Ordered	81.4	Confident	106.0	65.03	Exposed
PIM1	P36775	924	T	False	0.101	Ordered	87.4	Confident	2.0	1.23	Buried
PIM1	P36775	935	T	False	0.053	Ordered	77.1	Confident	53.0	32.52	Exposed
PIM1	P36775	941	S	False	0.041	Ordered	86.6	Confident	22.0	15.38	Buried
PIM1	P36775	943	Y	False	0.048	Ordered	91.2	Very high	21.0	8.24	Buried
PIM1	P36775	946	S	False	0.059	Ordered	95.3	Very high	1.0	0.7	Buried
PIM1	P36775	959	T	False	0.104	Ordered	91.5	Very high	59.0	36.2	Exposed
PIM1	P36775	963	T	False	0.106	Ordered	91.3	Very high	56.0	34.36	Exposed
PIM1	P36775	973	S	False	0.062	Ordered	94.3	Very high	11.0	7.69	Buried
PIM1	P36775	974	S	False	0.058	Ordered	94.9	Very high	0.0	0.0	Buried
PIM1	P36775	978	Y	False	0.045	Ordered	96.1	Very high	21.0	8.24	Buried
PIM1	P36775	979	S	False	0.04	Ordered	94.7	Very high	64.0	44.76	Exposed
PIM1	P36775	984	Y	False	0.016	Ordered	94.1	Very high	10.0	3.92	Buried
PIM1	P36775	999	S	False	0.126	Ordered	92.8	Very high	7.0	4.9	Buried
PIM1	P36775	1009	T	False	0.233	Ordered	66.7	Low	81.0	49.69	Exposed
PIM1	P36775	1015	S	False	0.223	Ordered	88.5	Confident	22.0	15.38	Buried
PIM1	P36775	1019	T	False	0.176	Ordered	95.3	Very high	2.0	1.23	Buried
PIM1	P36775	1022	T	False	0.148	Ordered	96.6	Very high	0.0	0.0	Buried
PIM1	P36775	1023	S	False	0.14	Ordered	96.1	Very high	0.0	0.0	Buried
PIM1	P36775	1026	S	False	0.109	Ordered	95.4	Very high	0.0	0.0	Buried
PIM1	P36775	1032	S	False	0.078	Ordered	91.9	Very high	48.0	33.57	Exposed
PIM1	P36775	1036	T	False	0.074	Ordered	90.2	Very high	20.0	12.27	Buried
PIM1	P36775	1040	T	False	0.078	Ordered	94.0	Very high	0.0	0.0	Buried
PIM1	P36775	1044	T	False	0.079	Ordered	95.5	Very high	30.0	18.4	Buried
PIM1	P36775	1046	T	False	0.082	Ordered	92.6	Very high	98.0	60.12	Exposed
PIM1	P36775	1065	S	False	0.152	Ordered	81.8	Confident	5.0	3.5	Buried
PIM1	P36775	1069	T	False	0.177	Ordered	94.6	Very high	12.0	7.36	Buried
PIM1	P36775	1099	Y	False	0.065	Ordered	96.2	Very high	0.0	0.0	Buried
PIM1	P36775	1112	T	False	0.108	Ordered	82.2	Confident	84.0	51.53	Exposed
PIM1	P36775	1117	S	False	0.162	Ordered	87.0	Confident	50.0	34.97	Exposed
ILV6	P25605	4	S	False	0.934	Disordered	46.0	Very low	95.0	66.43	Exposed
ILV6	P25605	8	S	False	0.951	Disordered	39.5	Very low	119.0	83.22	Exposed
ILV6	P25605	16	S	True	0.944	Disordered	46.8	Very low	102.0	71.33	Exposed
ILV6	P25605	17	S	False	0.963	Disordered	44.3	Very low	100.0	69.93	Exposed
ILV6	P25605	20	T	False	0.961	Disordered	37.9	Very low	107.0	65.64	Exposed
ILV6	P25605	25	S	False	0.918	Disordered	53.3	Low	97.0	67.83	Exposed
ILV6	P25605	26	S	True	0.905	Disordered	56.2	Low	125.0	87.41	Exposed
ILV6	P25605	27	S	False	0.901	Disordered	62.4	Low	46.0	32.17	Exposed
ILV6	P25605	28	S	False	0.891	Disordered	62.9	Low	124.0	86.71	Exposed
ILV6	P25605	29	T	False	0.89	Disordered	68.9	Low	77.0	47.24	Exposed
ILV6	P25605	30	S	True	0.865	Disordered	74.1	Confident	79.0	55.24	Exposed
ILV6	P25605	34	Y	False	0.876	Disordered	73.8	Confident	153.0	60.0	Exposed
ILV6	P25605	42	T	False	0.862	Disordered	72.4	Confident	132.0	80.98	Exposed
ILV6	P25605	48	T	False	0.837	Disordered	90.3	Very high	107.0	65.64	Exposed
ILV6	P25605	51	T	False	0.81	Disordered	93.4	Very high	110.0	67.48	Exposed
ILV6	P25605	53	S	False	0.769	Disordered	94.0	Very high	118.0	82.52	Exposed
ILV6	P25605	58	S	False	0.714	Disordered	97.1	Very high	31.0	21.68	Exposed
ILV6	P25605	61	S	False	0.688	Disordered	97.2	Very high	68.0	47.55	Exposed
ILV6	P25605	62	S	False	0.677	Disordered	97.1	Very high	46.0	32.17	Exposed
ILV6	P25605	65	Y	False	0.586	Disordered	95.4	Very high	189.0	74.12	Exposed
ILV6	P25605	67	T	False	0.532	Disordered	94.5	Very high	87.0	53.37	Exposed
ILV6	P25605	71	S	False	0.411	Ordered	74.4	Confident	90.0	62.94	Exposed
ILV6	P25605	92	S	True	0.076	Ordered	95.8	Very high	87.0	60.84	Exposed
ILV6	P25605	95	S	True	0.072	Ordered	95.6	Very high	40.0	27.97	Exposed
ILV6	P25605	97	T	True	0.068	Ordered	94.8	Very high	20.0	12.27	Buried
ILV6	P25605	107	S	True	0.04	Ordered	96.2	Very high	23.0	16.08	Buried
ILV6	P25605	113	T	True	0.041	Ordered	96.3	Very high	35.0	21.47	Exposed
ILV6	P25605	119	S	False	0.043	Ordered	97.1	Very high	3.0	2.1	Buried
ILV6	P25605	122	T	False	0.054	Ordered	97.6	Very high	1.0	0.61	Buried
ILV6	P25605	146	Y	False	0.024	Ordered	96.7	Very high	146.0	57.25	Exposed
ILV6	P25605	151	Y	False	0.019	Ordered	96.1	Very high	26.0	10.2	Buried
ILV6	P25605	152	T	False	0.019	Ordered	93.0	Very high	27.0	16.56	Buried
ILV6	P25605	154	S	False	0.018	Ordered	93.5	Very high	60.0	41.96	Exposed
ILV6	P25605	167	S	False	0.023	Ordered	98.4	Very high	1.0	0.7	Buried
ILV6	P25605	171	T	False	0.04	Ordered	96.5	Very high	63.0	38.65	Exposed
ILV6	P25605	173	Y	False	0.064	Ordered	97.1	Very high	75.0	29.41	Exposed
ILV6	P25605	183	T	False	0.154	Ordered	87.7	Confident	42.0	25.77	Exposed
ILV6	P25605	184	S	False	0.159	Ordered	84.6	Confident	107.0	74.83	Exposed
ILV6	P25605	185	T	False	0.161	Ordered	84.4	Confident	116.0	71.17	Exposed
ILV6	P25605	192	S	False	0.17	Ordered	81.7	Confident	9.0	6.29	Buried
ILV6	P25605	212	S	True	0.083	Ordered	97.6	Very high	73.0	51.05	Exposed
ILV6	P25605	226	T	False	0.091	Ordered	98.4	Very high	34.0	20.86	Exposed
ILV6	P25605	229	T	False	0.094	Ordered	98.4	Very high	0.0	0.0	Buried
ILV6	P25605	240	S	False	0.081	Ordered	97.8	Very high	61.0	42.66	Exposed
ILV6	P25605	242	T	False	0.073	Ordered	97.7	Very high	57.0	34.97	Exposed
ILV6	P25605	243	S	False	0.068	Ordered	98.0	Very high	9.0	6.29	Buried
ILV6	P25605	249	S	False	0.072	Ordered	98.1	Very high	65.0	45.45	Exposed
ILV6	P25605	253	T	False	0.056	Ordered	95.2	Very high	99.0	60.74	Exposed
ILV6	P25605	256	S	True	0.061	Ordered	97.2	Very high	51.0	35.66	Exposed
ILV6	P25605	273	S	True	0.322	Ordered	97.2	Very high	43.0	30.07	Exposed
ILV6	P25605	281	T	True	0.612	Disordered	95.0	Very high	116.0	71.17	Exposed
ILV6	P25605	285	T	False	0.717	Disordered	92.2	Very high	84.0	51.53	Exposed
ILV6	P25605	286	S	False	0.747	Disordered	88.4	Confident	89.0	62.24	Exposed
ILV6	P25605	287	T	False	0.772	Disordered	88.5	Confident	110.0	67.48	Exposed
ILV6	P25605	298	S	False	0.869	Disordered	73.5	Confident	74.0	51.75	Exposed
ILV6	P25605	304	S	False	0.845	Disordered	76.3	Confident	95.0	66.43	Exposed
IDP1	P21954	2	S	False	0.835	Disordered	36.2	Very low	98.0	68.53	Exposed
IDP1	P21954	5	S	False	0.839	Disordered	45.6	Very low	108.0	75.52	Exposed
IDP1	P21954	10	S	True	0.843	Disordered	38.1	Very low	109.0	76.22	Exposed
IDP1	P21954	11	T	False	0.831	Disordered	39.1	Very low	122.0	74.85	Exposed
IDP1	P21954	12	S	False	0.812	Disordered	39.6	Very low	103.0	72.03	Exposed
IDP1	P21954	18	S	False	0.635	Disordered	91.6	Very high	100.0	69.93	Exposed
IDP1	P21954	35	T	False	0.094	Ordered	96.8	Very high	0.0	0.0	Buried
IDP1	P21954	50	Y	False	0.021	Ordered	97.8	Very high	13.0	5.1	Buried
IDP1	P21954	57	Y	False	0.041	Ordered	98.8	Very high	102.0	40.0	Exposed
IDP1	P21954	58	Y	False	0.04	Ordered	98.8	Very high	53.0	20.78	Exposed
IDP1	P21954	61	S	False	0.042	Ordered	98.2	Very high	4.0	2.8	Buried
IDP1	P21954	64	S	False	0.046	Ordered	98.3	Very high	25.0	17.48	Buried
IDP1	P21954	68	T	True	0.045	Ordered	98.2	Very high	53.0	32.52	Exposed
IDP1	P21954	69	S	True	0.046	Ordered	97.8	Very high	79.0	55.24	Exposed
IDP1	P21954	73	T	False	0.046	Ordered	98.4	Very high	0.0	0.0	Buried
IDP1	P21954	83	Y	False	0.027	Ordered	98.4	Very high	56.0	21.96	Exposed
IDP1	P21954	91	T	True	0.02	Ordered	97.4	Very high	14.0	8.59	Buried
IDP1	P21954	93	T	True	0.019	Ordered	94.8	Very high	70.0	42.94	Exposed
IDP1	P21954	110	S	True	0.041	Ordered	93.4	Very high	35.0	24.48	Exposed
IDP1	P21954	114	T	True	0.039	Ordered	93.4	Very high	25.0	15.34	Buried
IDP1	P21954	122	T	False	0.031	Ordered	97.2	Very high	0.0	0.0	Buried
IDP1	P21954	155	Y	False	0.047	Ordered	89.9	Confident	88.0	34.51	Exposed
IDP1	P21954	158	T	False	0.049	Ordered	94.8	Very high	109.0	66.87	Exposed
IDP1	P21954	160	T	False	0.049	Ordered	97.6	Very high	85.0	52.15	Exposed
IDP1	P21954	167	S	False	0.073	Ordered	98.6	Very high	79.0	55.24	Exposed
IDP1	P21954	172	Y	False	0.082	Ordered	98.6	Very high	106.0	41.57	Exposed
IDP1	P21954	175	S	False	0.087	Ordered	97.2	Very high	135.0	94.41	Exposed
IDP1	P21954	178	T	False	0.079	Ordered	96.1	Very high	122.0	74.85	Exposed
IDP1	P21954	179	T	False	0.083	Ordered	96.9	Very high	109.0	66.87	Exposed
IDP1	P21954	184	T	False	0.074	Ordered	98.4	Very high	90.0	55.21	Exposed
IDP1	P21954	188	Y	False	0.052	Ordered	98.7	Very high	128.0	50.2	Exposed
IDP1	P21954	190	Y	False	0.045	Ordered	98.6	Very high	28.0	10.98	Buried
IDP1	P21954	193	S	False	0.033	Ordered	98.5	Very high	100.0	69.93	Exposed
IDP1	P21954	200	Y	True	0.02	Ordered	98.0	Very high	103.0	40.39	Exposed
IDP1	P21954	202	T	True	0.021	Ordered	97.2	Very high	57.0	34.97	Exposed
IDP1	P21954	205	S	True	0.014	Ordered	95.4	Very high	17.0	11.89	Buried
IDP1	P21954	212	S	False	0.014	Ordered	96.2	Very high	6.0	4.2	Buried
IDP1	P21954	213	S	False	0.014	Ordered	97.8	Very high	0.0	0.0	Buried
IDP1	P21954	227	S	False	0.032	Ordered	98.8	Very high	0.0	0.0	Buried
IDP1	P21954	228	T	False	0.039	Ordered	98.8	Very high	0.0	0.0	Buried
IDP1	P21954	231	T	False	0.036	Ordered	96.9	Very high	76.0	46.63	Exposed
IDP1	P21954	236	Y	False	0.036	Ordered	98.8	Very high	56.0	21.96	Exposed
IDP1	P21954	248	Y	False	0.024	Ordered	98.8	Very high	26.0	10.2	Buried
IDP1	P21954	252	Y	False	0.023	Ordered	98.5	Very high	6.0	2.35	Buried
IDP1	P21954	254	S	False	0.015	Ordered	98.4	Very high	80.0	55.94	Exposed
IDP1	P21954	263	Y	False	0.013	Ordered	98.8	Very high	21.0	8.24	Buried
IDP1	P21954	278	S	True	0.026	Ordered	98.4	Very high	25.0	17.48	Buried
IDP1	P21954	289	Y	False	0.043	Ordered	97.3	Very high	116.0	45.49	Exposed
IDP1	P21954	295	S	False	0.034	Ordered	95.9	Very high	0.0	0.0	Buried
IDP1	P21954	304	S	False	0.031	Ordered	91.8	Very high	13.0	9.09	Buried
IDP1	P21954	309	T	False	0.034	Ordered	97.4	Very high	12.0	7.36	Buried
IDP1	P21954	310	S	False	0.034	Ordered	97.0	Very high	2.0	1.4	Buried
IDP1	P21954	314	T	False	0.031	Ordered	93.1	Very high	11.0	6.75	Buried
IDP1	P21954	319	T	True	0.037	Ordered	97.2	Very high	12.0	7.36	Buried
IDP1	P21954	322	S	False	0.046	Ordered	98.5	Very high	3.0	2.1	Buried
IDP1	P21954	328	T	False	0.068	Ordered	80.0	Confident	13.0	7.98	Buried
IDP1	P21954	330	T	False	0.082	Ordered	92.3	Very high	47.0	28.83	Exposed
IDP1	P21954	333	Y	False	0.099	Ordered	96.6	Very high	57.0	22.35	Exposed
IDP1	P21954	336	Y	False	0.081	Ordered	97.2	Very high	96.0	37.65	Exposed
IDP1	P21954	342	T	False	0.082	Ordered	97.2	Very high	9.0	5.52	Buried
IDP1	P21954	343	S	False	0.085	Ordered	97.1	Very high	9.0	6.29	Buried
IDP1	P21954	344	T	False	0.087	Ordered	96.0	Very high	4.0	2.45	Buried
IDP1	P21954	346	S	False	0.079	Ordered	97.6	Very high	0.0	0.0	Buried
IDP1	P21954	349	S	False	0.074	Ordered	97.8	Very high	0.0	0.0	Buried
IDP1	P21954	354	S	False	0.06	Ordered	98.7	Very high	0.0	0.0	Buried
IDP1	P21954	366	T	False	0.023	Ordered	97.6	Very high	25.0	15.34	Buried
IDP1	P21954	378	S	False	0.027	Ordered	98.4	Very high	42.0	29.37	Exposed
IDP1	P21954	380	T	False	0.024	Ordered	98.8	Very high	0.0	0.0	Buried
IDP1	P21954	383	T	False	0.023	Ordered	98.8	Very high	0.0	0.0	Buried
IDP1	P21954	391	T	False	0.057	Ordered	97.6	Very high	0.0	0.0	Buried
IDP1	P21954	404	S	False	0.048	Ordered	97.4	Very high	102.0	71.33	Exposed
IDP1	P21954	406	Y	False	0.053	Ordered	98.4	Very high	24.0	9.41	Buried
IDP1	P21954	408	T	False	0.055	Ordered	98.4	Very high	22.0	13.5	Buried
IDP1	P21954	409	T	False	0.061	Ordered	97.7	Very high	1.0	0.61	Buried
IDP1	P21954	426	S	False	0.092	Ordered	82.7	Confident	66.0	46.15	Exposed
RIM1	P32445	5	T	False	0.853	Disordered	66.9	Low	139.0	85.28	Exposed
RIM1	P32445	13	T	False	0.728	Disordered	64.4	Low	119.0	73.01	Exposed
RIM1	P32445	14	T	True	0.71	Disordered	63.9	Low	126.0	77.3	Exposed
RIM1	P32445	20	S	False	0.574	Disordered	96.0	Very high	70.0	48.95	Exposed
RIM1	P32445	23	S	True	0.496	Ordered	98.1	Very high	58.0	40.56	Exposed
RIM1	P32445	30	S	True	0.299	Ordered	95.1	Very high	37.0	25.87	Exposed
RIM1	P32445	33	T	True	0.247	Ordered	97.4	Very high	65.0	39.88	Exposed
RIM1	P32445	36	T	True	0.216	Ordered	96.6	Very high	94.0	57.67	Exposed
RIM1	P32445	37	S	True	0.211	Ordered	93.4	Very high	43.0	30.07	Exposed
RIM1	P32445	43	Y	False	0.19	Ordered	98.0	Very high	46.0	18.04	Buried
RIM1	P32445	46	Y	False	0.179	Ordered	98.4	Very high	5.0	1.96	Buried
RIM1	P32445	47	S	True	0.178	Ordered	98.2	Very high	9.0	6.29	Buried
RIM1	P32445	50	S	True	0.161	Ordered	97.6	Very high	15.0	10.49	Buried
RIM1	P32445	58	T	False	0.135	Ordered	97.1	Very high	58.0	35.58	Exposed
RIM1	P32445	61	Y	False	0.116	Ordered	98.1	Very high	47.0	18.43	Buried
RIM1	P32445	64	T	False	0.1	Ordered	98.3	Very high	23.0	14.11	Buried
RIM1	P32445	75	T	False	0.031	Ordered	96.1	Very high	54.0	33.13	Exposed
RIM1	P32445	77	Y	False	0.025	Ordered	96.5	Very high	134.0	52.55	Exposed
RIM1	P32445	85	Y	False	0.036	Ordered	98.6	Very high	66.0	25.88	Exposed
RIM1	P32445	93	Y	False	0.116	Ordered	95.2	Very high	139.0	54.51	Exposed
RIM1	P32445	101	S	False	0.145	Ordered	95.2	Very high	39.0	27.27	Exposed
RIM1	P32445	104	T	False	0.185	Ordered	95.6	Very high	91.0	55.83	Exposed
RIM1	P32445	105	T	True	0.204	Ordered	95.1	Very high	68.0	41.72	Exposed
RIM1	P32445	107	S	True	0.249	Ordered	96.7	Very high	33.0	23.08	Exposed
RIM1	P32445	133	S	True	0.839	Disordered	55.6	Low	83.0	58.04	Exposed
RIM1	P32445	134	S	True	0.852	Disordered	52.7	Low	98.0	68.53	Exposed
RPO41	P13433	6	Y	False	0.95	Disordered	38.9	Very low	234.0	91.76	Exposed
RPO41	P13433	8	S	False	0.952	Disordered	35.3	Very low	101.0	70.63	Exposed
RPO41	P13433	12	T	False	0.972	Disordered	28.2	Very low	135.0	82.82	Exposed
RPO41	P13433	13	S	False	0.961	Disordered	31.2	Very low	122.0	85.31	Exposed
RPO41	P13433	21	S	False	0.987	Disordered	27.2	Very low	95.0	66.43	Exposed
RPO41	P13433	22	S	False	0.978	Disordered	28.8	Very low	119.0	83.22	Exposed
RPO41	P13433	25	S	False	0.976	Disordered	28.4	Very low	120.0	83.92	Exposed
RPO41	P13433	31	S	False	0.998	Disordered	33.2	Very low	104.0	72.73	Exposed
RPO41	P13433	34	S	False	1.0	Disordered	31.4	Very low	112.0	78.32	Exposed
RPO41	P13433	35	T	False	0.998	Disordered	29.8	Very low	138.0	84.66	Exposed
RPO41	P13433	36	S	False	0.981	Disordered	32.0	Very low	103.0	72.03	Exposed
RPO41	P13433	37	T	False	0.987	Disordered	28.1	Very low	133.0	81.6	Exposed
RPO41	P13433	41	S	False	0.962	Disordered	31.6	Very low	90.0	62.94	Exposed
RPO41	P13433	47	T	False	0.953	Disordered	34.3	Very low	130.0	79.75	Exposed
RPO41	P13433	49	S	False	0.956	Disordered	37.0	Very low	125.0	87.41	Exposed
RPO41	P13433	50	S	False	0.951	Disordered	33.2	Very low	111.0	77.62	Exposed
RPO41	P13433	52	T	False	0.963	Disordered	37.7	Very low	133.0	81.6	Exposed
RPO41	P13433	53	S	False	0.959	Disordered	37.8	Very low	101.0	70.63	Exposed
RPO41	P13433	54	S	False	0.969	Disordered	35.8	Very low	103.0	72.03	Exposed
RPO41	P13433	55	T	False	0.975	Disordered	34.8	Very low	124.0	76.07	Exposed
RPO41	P13433	56	T	False	0.965	Disordered	35.8	Very low	121.0	74.23	Exposed
RPO41	P13433	57	S	False	0.951	Disordered	35.7	Very low	119.0	83.22	Exposed
RPO41	P13433	61	S	False	0.95	Disordered	29.3	Very low	101.0	70.63	Exposed
RPO41	P13433	62	S	False	0.936	Disordered	29.8	Very low	98.0	68.53	Exposed
RPO41	P13433	77	S	False	0.68	Disordered	32.2	Very low	109.0	76.22	Exposed
RPO41	P13433	78	S	False	0.674	Disordered	27.9	Very low	97.0	67.83	Exposed
RPO41	P13433	80	S	False	0.642	Disordered	27.8	Very low	111.0	77.62	Exposed
RPO41	P13433	81	Y	False	0.62	Disordered	27.1	Very low	216.0	84.71	Exposed
RPO41	P13433	87	S	True	0.552	Disordered	30.3	Very low	97.0	67.83	Exposed
RPO41	P13433	97	S	False	0.428	Ordered	37.5	Very low	84.0	58.74	Exposed
RPO41	P13433	100	S	False	0.382	Ordered	43.2	Very low	81.0	56.64	Exposed
RPO41	P13433	103	T	False	0.334	Ordered	52.2	Low	60.0	36.81	Exposed
RPO41	P13433	104	S	False	0.322	Ordered	54.4	Low	46.0	32.17	Exposed
RPO41	P13433	106	T	False	0.291	Ordered	64.3	Low	68.0	41.72	Exposed
RPO41	P13433	108	T	False	0.261	Ordered	63.9	Low	64.0	39.26	Exposed
RPO41	P13433	116	S	False	0.107	Ordered	82.8	Confident	61.0	42.66	Exposed
RPO41	P13433	124	S	False	0.061	Ordered	83.4	Confident	75.0	52.45	Exposed
RPO41	P13433	132	S	False	0.055	Ordered	85.9	Confident	60.0	41.96	Exposed
RPO41	P13433	136	S	False	0.071	Ordered	83.9	Confident	46.0	32.17	Exposed
RPO41	P13433	138	Y	False	0.075	Ordered	83.1	Confident	36.0	14.12	Buried
RPO41	P13433	151	Y	False	0.122	Ordered	90.2	Very high	0.0	0.0	Buried
RPO41	P13433	154	Y	False	0.138	Ordered	91.0	Very high	11.0	4.31	Buried
RPO41	P13433	157	S	False	0.141	Ordered	85.0	Confident	24.0	16.78	Buried
RPO41	P13433	159	S	False	0.14	Ordered	81.7	Confident	6.0	4.2	Buried
RPO41	P13433	175	T	False	0.167	Ordered	82.2	Confident	70.0	42.94	Exposed
RPO41	P13433	180	T	False	0.148	Ordered	77.2	Confident	94.0	57.67	Exposed
RPO41	P13433	181	S	False	0.146	Ordered	77.3	Confident	40.0	27.97	Exposed
RPO41	P13433	187	Y	False	0.123	Ordered	84.8	Confident	88.0	34.51	Exposed
RPO41	P13433	191	T	False	0.104	Ordered	87.4	Confident	3.0	1.84	Buried
RPO41	P13433	204	S	False	0.087	Ordered	53.4	Low	104.0	72.73	Exposed
RPO41	P13433	205	T	False	0.09	Ordered	49.3	Very low	97.0	59.51	Exposed
RPO41	P13433	206	T	False	0.092	Ordered	48.5	Very low	75.0	46.01	Exposed
RPO41	P13433	207	S	False	0.095	Ordered	50.5	Low	92.0	64.34	Exposed
RPO41	P13433	208	S	False	0.098	Ordered	53.4	Low	79.0	55.24	Exposed
RPO41	P13433	216	S	False	0.073	Ordered	79.2	Confident	47.0	32.87	Exposed
RPO41	P13433	218	Y	False	0.063	Ordered	83.8	Confident	8.0	3.14	Buried
RPO41	P13433	222	S	False	0.054	Ordered	79.7	Confident	35.0	24.48	Exposed
RPO41	P13433	231	S	False	0.049	Ordered	75.4	Confident	67.0	46.85	Exposed
RPO41	P13433	237	T	False	0.053	Ordered	79.3	Confident	54.0	33.13	Exposed
RPO41	P13433	239	S	False	0.068	Ordered	75.6	Confident	70.0	48.95	Exposed
RPO41	P13433	252	T	False	0.266	Ordered	73.3	Confident	69.0	42.33	Exposed
RPO41	P13433	254	S	False	0.315	Ordered	68.8	Low	61.0	42.66	Exposed
RPO41	P13433	259	S	False	0.463	Ordered	67.8	Low	82.0	57.34	Exposed
RPO41	P13433	266	S	False	0.688	Disordered	59.8	Low	75.0	52.45	Exposed
RPO41	P13433	268	T	False	0.724	Disordered	49.8	Very low	84.0	51.53	Exposed
RPO41	P13433	270	S	True	0.773	Disordered	30.4	Very low	85.0	59.44	Exposed
RPO41	P13433	272	T	False	0.799	Disordered	28.9	Very low	117.0	71.78	Exposed
RPO41	P13433	292	S	True	0.99	Disordered	27.4	Very low	95.0	66.43	Exposed
RPO41	P13433	298	S	False	0.988	Disordered	26.4	Very low	112.0	78.32	Exposed
RPO41	P13433	301	S	True	0.948	Disordered	28.5	Very low	104.0	72.73	Exposed
RPO41	P13433	302	S	True	0.936	Disordered	28.6	Very low	98.0	68.53	Exposed
RPO41	P13433	304	S	True	0.889	Disordered	30.6	Very low	93.0	65.03	Exposed
RPO41	P13433	309	S	False	0.776	Disordered	32.4	Very low	91.0	63.64	Exposed
RPO41	P13433	317	S	False	0.547	Disordered	26.5	Very low	91.0	63.64	Exposed
RPO41	P13433	321	S	False	0.403	Ordered	28.0	Very low	94.0	65.73	Exposed
RPO41	P13433	322	T	False	0.378	Ordered	32.2	Very low	138.0	84.66	Exposed
RPO41	P13433	326	S	False	0.288	Ordered	36.2	Very low	88.0	61.54	Exposed
RPO41	P13433	337	T	False	0.116	Ordered	32.2	Very low	34.0	20.86	Exposed
RPO41	P13433	346	T	False	0.134	Ordered	37.2	Very low	30.0	18.4	Buried
RPO41	P13433	351	S	False	0.15	Ordered	40.8	Very low	90.0	62.94	Exposed
RPO41	P13433	353	T	False	0.167	Ordered	48.3	Very low	51.0	31.29	Exposed
RPO41	P13433	361	S	False	0.26	Ordered	56.7	Low	75.0	52.45	Exposed
RPO41	P13433	377	T	False	0.511	Disordered	29.8	Very low	100.0	61.35	Exposed
RPO41	P13433	385	S	False	0.503	Disordered	53.3	Low	67.0	46.85	Exposed
RPO41	P13433	392	Y	False	0.316	Ordered	92.5	Very high	7.0	2.75	Buried
RPO41	P13433	394	S	False	0.267	Ordered	90.4	Very high	56.0	39.16	Exposed
RPO41	P13433	397	T	False	0.196	Ordered	89.8	Confident	62.0	38.04	Exposed
RPO41	P13433	406	S	False	0.121	Ordered	90.0	Very high	58.0	40.56	Exposed
RPO41	P13433	424	T	False	0.15	Ordered	70.9	Confident	5.0	3.07	Buried
RPO41	P13433	445	S	False	0.18	Ordered	48.9	Very low	70.0	48.95	Exposed
RPO41	P13433	458	Y	False	0.086	Ordered	94.5	Very high	14.0	5.49	Buried
RPO41	P13433	474	S	False	0.151	Ordered	85.6	Confident	52.0	36.36	Exposed
RPO41	P13433	477	S	False	0.18	Ordered	75.1	Confident	88.0	61.54	Exposed
RPO41	P13433	481	S	False	0.191	Ordered	48.0	Very low	114.0	79.72	Exposed
RPO41	P13433	491	T	False	0.186	Ordered	74.7	Confident	81.0	49.69	Exposed
RPO41	P13433	496	Y	True	0.149	Ordered	90.0	Very high	16.0	6.27	Buried
RPO41	P13433	499	Y	True	0.124	Ordered	91.1	Very high	60.0	23.53	Exposed
RPO41	P13433	501	T	True	0.107	Ordered	88.3	Confident	45.0	27.61	Exposed
RPO41	P13433	512	T	False	0.067	Ordered	94.8	Very high	0.0	0.0	Buried
RPO41	P13433	521	S	True	0.066	Ordered	84.2	Confident	32.0	22.38	Exposed
RPO41	P13433	522	T	False	0.067	Ordered	85.2	Confident	30.0	18.4	Buried
RPO41	P13433	531	T	False	0.077	Ordered	95.9	Very high	0.0	0.0	Buried
RPO41	P13433	537	S	False	0.075	Ordered	92.1	Very high	34.0	23.78	Exposed
RPO41	P13433	548	S	False	0.215	Ordered	77.4	Confident	28.0	19.58	Buried
RPO41	P13433	554	S	False	0.294	Ordered	77.2	Confident	37.0	25.87	Exposed
RPO41	P13433	556	S	False	0.305	Ordered	77.4	Confident	66.0	46.15	Exposed
RPO41	P13433	566	S	False	0.289	Ordered	58.1	Low	49.0	34.27	Exposed
RPO41	P13433	578	S	False	0.189	Ordered	62.5	Low	32.0	22.38	Exposed
RPO41	P13433	582	S	False	0.182	Ordered	60.1	Low	16.0	11.19	Buried
RPO41	P13433	583	S	False	0.182	Ordered	64.4	Low	53.0	37.06	Exposed
RPO41	P13433	588	S	True	0.153	Ordered	59.2	Low	45.0	31.47	Exposed
RPO41	P13433	595	S	False	0.123	Ordered	91.6	Very high	43.0	30.07	Exposed
RPO41	P13433	602	S	False	0.121	Ordered	96.0	Very high	0.0	0.0	Buried
RPO41	P13433	606	S	False	0.127	Ordered	95.6	Very high	16.0	11.19	Buried
RPO41	P13433	615	S	False	0.154	Ordered	89.4	Confident	52.0	36.36	Exposed
RPO41	P13433	623	T	False	0.18	Ordered	92.3	Very high	87.0	53.37	Exposed
RPO41	P13433	638	Y	False	0.113	Ordered	94.6	Very high	123.0	48.24	Exposed
RPO41	P13433	640	Y	False	0.097	Ordered	91.9	Very high	182.0	71.37	Exposed
RPO41	P13433	644	S	False	0.064	Ordered	88.9	Confident	71.0	49.65	Exposed
RPO41	P13433	654	T	False	0.041	Ordered	88.0	Confident	43.0	26.38	Exposed
RPO41	P13433	667	S	False	0.054	Ordered	68.4	Low	0.0	0.0	Buried
RPO41	P13433	687	S	False	0.1	Ordered	86.5	Confident	3.0	2.1	Buried
RPO41	P13433	690	Y	False	0.098	Ordered	90.1	Very high	9.0	3.53	Buried
RPO41	P13433	692	Y	False	0.104	Ordered	78.9	Confident	24.0	9.41	Buried
RPO41	P13433	693	T	False	0.11	Ordered	79.6	Confident	36.0	22.09	Exposed
RPO41	P13433	695	S	False	0.12	Ordered	86.1	Confident	10.0	6.99	Buried
RPO41	P13433	696	T	False	0.121	Ordered	89.3	Confident	59.0	36.2	Exposed
RPO41	P13433	700	T	False	0.119	Ordered	75.5	Confident	44.0	26.99	Exposed
RPO41	P13433	703	S	False	0.103	Ordered	85.0	Confident	11.0	7.69	Buried
RPO41	P13433	709	Y	False	0.108	Ordered	93.8	Very high	65.0	25.49	Exposed
RPO41	P13433	714	S	False	0.087	Ordered	93.5	Very high	17.0	11.89	Buried
RPO41	P13433	723	Y	False	0.069	Ordered	97.2	Very high	9.0	3.53	Buried
RPO41	P13433	732	T	True	0.044	Ordered	97.7	Very high	2.0	1.23	Buried
RPO41	P13433	735	T	False	0.04	Ordered	97.6	Very high	0.0	0.0	Buried
RPO41	P13433	745	S	False	0.064	Ordered	91.0	Very high	8.0	5.59	Buried
RPO41	P13433	774	S	False	0.254	Ordered	89.6	Confident	21.0	14.69	Buried
RPO41	P13433	777	S	False	0.241	Ordered	89.1	Confident	65.0	45.45	Exposed
RPO41	P13433	788	T	False	0.128	Ordered	87.6	Confident	95.0	58.28	Exposed
RPO41	P13433	794	S	False	0.149	Ordered	86.7	Confident	23.0	16.08	Buried
RPO41	P13433	795	S	False	0.147	Ordered	87.6	Confident	51.0	35.66	Exposed
RPO41	P13433	798	S	False	0.149	Ordered	86.1	Confident	37.0	25.87	Exposed
RPO41	P13433	803	T	False	0.143	Ordered	89.3	Confident	8.0	4.91	Buried
RPO41	P13433	805	Y	False	0.125	Ordered	84.0	Confident	26.0	10.2	Buried
RPO41	P13433	819	Y	False	0.041	Ordered	98.1	Very high	11.0	4.31	Buried
RPO41	P13433	831	Y	False	0.053	Ordered	97.4	Very high	52.0	20.39	Exposed
RPO41	P13433	834	S	False	0.06	Ordered	91.6	Very high	0.0	0.0	Buried
RPO41	P13433	845	S	False	0.052	Ordered	96.4	Very high	1.0	0.7	Buried
RPO41	P13433	860	S	False	0.023	Ordered	96.1	Very high	35.0	24.48	Exposed
RPO41	P13433	870	S	False	0.035	Ordered	97.9	Very high	0.0	0.0	Buried
RPO41	P13433	887	T	False	0.12	Ordered	97.6	Very high	1.0	0.61	Buried
RPO41	P13433	889	S	False	0.137	Ordered	97.4	Very high	86.0	60.14	Exposed
RPO41	P13433	897	S	False	0.163	Ordered	97.4	Very high	0.0	0.0	Buried
RPO41	P13433	903	T	False	0.124	Ordered	93.6	Very high	121.0	74.23	Exposed
RPO41	P13433	909	T	False	0.089	Ordered	96.7	Very high	37.0	22.7	Exposed
RPO41	P13433	910	T	False	0.084	Ordered	96.0	Very high	97.0	59.51	Exposed
RPO41	P13433	920	T	False	0.043	Ordered	98.2	Very high	0.0	0.0	Buried
RPO41	P13433	938	S	False	0.196	Ordered	97.3	Very high	2.0	1.4	Buried
RPO41	P13433	947	T	False	0.227	Ordered	76.0	Confident	38.0	23.31	Exposed
RPO41	P13433	954	Y	False	0.242	Ordered	93.5	Very high	1.0	0.39	Buried
RPO41	P13433	965	T	False	0.254	Ordered	92.8	Very high	45.0	27.61	Exposed
RPO41	P13433	972	S	False	0.203	Ordered	93.4	Very high	29.0	20.28	Exposed
RPO41	P13433	979	Y	False	0.126	Ordered	87.9	Confident	12.0	4.71	Buried
RPO41	P13433	1009	T	False	0.115	Ordered	90.1	Very high	69.0	42.33	Exposed
RPO41	P13433	1016	T	False	0.081	Ordered	89.9	Confident	0.0	0.0	Buried
RPO41	P13433	1019	T	False	0.068	Ordered	83.9	Confident	24.0	14.72	Buried
RPO41	P13433	1022	Y	False	0.063	Ordered	75.1	Confident	50.0	19.61	Buried
RPO41	P13433	1025	T	False	0.06	Ordered	82.1	Confident	87.0	53.37	Exposed
RPO41	P13433	1026	Y	False	0.062	Ordered	85.1	Confident	86.0	33.73	Exposed
RPO41	P13433	1030	T	False	0.065	Ordered	92.1	Very high	8.0	4.91	Buried
RPO41	P13433	1038	S	False	0.097	Ordered	84.4	Confident	57.0	39.86	Exposed
RPO41	P13433	1047	S	False	0.087	Ordered	83.8	Confident	1.0	0.7	Buried
RPO41	P13433	1051	S	False	0.078	Ordered	91.8	Very high	0.0	0.0	Buried
RPO41	P13433	1053	Y	False	0.065	Ordered	92.3	Very high	39.0	15.29	Buried
RPO41	P13433	1055	T	False	0.057	Ordered	93.2	Very high	0.0	0.0	Buried
RPO41	P13433	1060	S	False	0.032	Ordered	89.7	Confident	44.0	30.77	Exposed
RPO41	P13433	1068	S	False	0.037	Ordered	87.1	Confident	12.0	8.39	Buried
RPO41	P13433	1079	S	False	0.074	Ordered	96.3	Very high	0.0	0.0	Buried
RPO41	P13433	1084	S	False	0.099	Ordered	93.1	Very high	0.0	0.0	Buried
RPO41	P13433	1086	S	False	0.117	Ordered	91.4	Very high	0.0	0.0	Buried
RPO41	P13433	1095	S	False	0.137	Ordered	52.6	Low	81.0	56.64	Exposed
RPO41	P13433	1106	S	False	0.14	Ordered	91.7	Very high	10.0	6.99	Buried
RPO41	P13433	1107	S	False	0.146	Ordered	94.3	Very high	1.0	0.7	Buried
RPO41	P13433	1111	T	False	0.151	Ordered	98.1	Very high	39.0	23.93	Exposed
RPO41	P13433	1112	T	False	0.155	Ordered	97.4	Very high	4.0	2.45	Buried
RPO41	P13433	1122	Y	False	0.167	Ordered	93.6	Very high	25.0	9.8	Buried
RPO41	P13433	1126	S	False	0.142	Ordered	85.9	Confident	73.0	51.05	Exposed
RPO41	P13433	1132	T	False	0.144	Ordered	91.8	Very high	22.0	13.5	Buried
RPO41	P13433	1136	T	False	0.149	Ordered	92.3	Very high	64.0	39.26	Exposed
RPO41	P13433	1140	S	False	0.176	Ordered	85.8	Confident	29.0	20.28	Exposed
RPO41	P13433	1164	S	False	0.119	Ordered	96.9	Very high	0.0	0.0	Buried
RPO41	P13433	1168	S	False	0.091	Ordered	97.4	Very high	2.0	1.4	Buried
RPO41	P13433	1173	S	False	0.07	Ordered	97.6	Very high	0.0	0.0	Buried
RPO41	P13433	1186	S	False	0.077	Ordered	94.8	Very high	4.0	2.8	Buried
RPO41	P13433	1190	S	False	0.071	Ordered	93.9	Very high	11.0	7.69	Buried
RPO41	P13433	1191	Y	False	0.069	Ordered	97.6	Very high	0.0	0.0	Buried
RPO41	P13433	1193	T	False	0.064	Ordered	98.3	Very high	0.0	0.0	Buried
RPO41	P13433	1196	S	False	0.061	Ordered	97.4	Very high	24.0	16.78	Buried
RPO41	P13433	1200	T	False	0.054	Ordered	97.8	Very high	57.0	34.97	Exposed
RPO41	P13433	1229	Y	False	0.101	Ordered	94.4	Very high	6.0	2.35	Buried
RPO41	P13433	1232	Y	False	0.115	Ordered	90.6	Very high	26.0	10.2	Buried
RPO41	P13433	1241	S	False	0.124	Ordered	72.9	Confident	73.0	51.05	Exposed
RPO41	P13433	1242	T	False	0.129	Ordered	76.8	Confident	36.0	22.09	Exposed
RPO41	P13433	1256	S	False	0.24	Ordered	83.9	Confident	37.0	25.87	Exposed
RPO41	P13433	1262	S	False	0.247	Ordered	77.6	Confident	98.0	68.53	Exposed
RPO41	P13433	1263	T	False	0.25	Ordered	79.3	Confident	27.0	16.56	Buried
RPO41	P13433	1264	T	False	0.251	Ordered	78.8	Confident	30.0	18.4	Buried
RPO41	P13433	1270	Y	False	0.279	Ordered	80.9	Confident	131.0	51.37	Exposed
RPO41	P13433	1281	S	True	0.335	Ordered	85.6	Confident	16.0	11.19	Buried
RPO41	P13433	1295	T	False	0.313	Ordered	79.9	Confident	6.0	3.68	Buried
RPO41	P13433	1296	T	False	0.316	Ordered	79.5	Confident	4.0	2.45	Buried
RPO41	P13433	1298	S	False	0.344	Ordered	82.0	Confident	20.0	13.99	Buried
RPO41	P13433	1304	T	False	0.417	Ordered	66.2	Low	140.0	85.89	Exposed
RPO41	P13433	1319	S	False	0.521	Disordered	58.6	Low	55.0	38.46	Exposed
RPO41	P13433	1322	S	False	0.481	Ordered	80.1	Confident	54.0	37.76	Exposed
RPO41	P13433	1341	T	False	0.298	Ordered	95.2	Very high	62.0	38.04	Exposed
RPO41	P13433	1346	S	False	0.273	Ordered	94.9	Very high	0.0	0.0	Buried
RPO41	P13433	1348	Y	False	0.223	Ordered	94.6	Very high	12.0	4.71	Buried
RPO41	P13433	1351	S	False	0.118	Ordered	91.8	Very high	15.0	10.49	Buried
IDH1	P28834	5	T	False	0.661	Disordered	38.4	Very low	132.0	80.98	Exposed
IDH1	P28834	10	T	False	0.673	Disordered	31.0	Very low	141.0	86.5	Exposed
IDH1	P28834	13	T	True	0.618	Disordered	31.1	Very low	115.0	70.55	Exposed
IDH1	P28834	20	T	False	0.398	Ordered	60.1	Low	49.0	30.06	Exposed
IDH1	P28834	25	Y	False	0.293	Ordered	80.7	Confident	155.0	60.78	Exposed
IDH1	P28834	30	T	False	0.199	Ordered	96.2	Very high	33.0	20.25	Exposed
IDH1	P28834	32	T	False	0.141	Ordered	97.5	Very high	0.0	0.0	Buried
IDH1	P28834	44	T	False	0.038	Ordered	97.8	Very high	0.0	0.0	Buried
IDH1	P28834	46	S	False	0.035	Ordered	98.5	Very high	4.0	2.8	Buried
IDH1	P28834	49	T	False	0.034	Ordered	98.3	Very high	64.0	39.26	Exposed
IDH1	P28834	62	T	False	0.034	Ordered	96.6	Very high	46.0	28.22	Exposed
IDH1	P28834	68	T	False	0.034	Ordered	61.1	Low	135.0	82.82	Exposed
IDH1	P28834	75	Y	False	0.028	Ordered	89.2	Confident	146.0	57.25	Exposed
IDH1	P28834	80	S	False	0.024	Ordered	95.2	Very high	0.0	0.0	Buried
IDH1	P28834	94	T	False	0.061	Ordered	79.2	Confident	58.0	35.58	Exposed
IDH1	P28834	99	T	False	0.065	Ordered	55.4	Low	135.0	82.82	Exposed
IDH1	P28834	103	S	True	0.061	Ordered	75.4	Confident	32.0	22.38	Exposed
IDH1	P28834	115	Y	False	0.014	Ordered	97.4	Very high	32.0	12.55	Buried
IDH1	P28834	123	S	False	0.016	Ordered	97.7	Very high	24.0	16.78	Buried
IDH1	P28834	129	T	False	0.016	Ordered	95.7	Very high	42.0	25.77	Exposed
IDH1	P28834	143	T	True	0.058	Ordered	94.0	Very high	5.0	3.07	Buried
IDH1	P28834	148	S	True	0.064	Ordered	86.5	Confident	11.0	7.69	Buried
IDH1	P28834	154	S	True	0.067	Ordered	95.8	Very high	57.0	39.86	Exposed
IDH1	P28834	161	S	False	0.048	Ordered	94.0	Very high	70.0	48.95	Exposed
IDH1	P28834	166	T	False	0.034	Ordered	98.1	Very high	47.0	28.83	Exposed
IDH1	P28834	170	T	False	0.023	Ordered	98.5	Very high	0.0	0.0	Buried
IDH1	P28834	184	Y	False	0.023	Ordered	95.6	Very high	101.0	39.61	Exposed
IDH1	P28834	188	S	True	0.021	Ordered	98.4	Very high	23.0	16.08	Buried
IDH1	P28834	190	T	True	0.026	Ordered	98.8	Very high	7.0	4.29	Buried
IDH1	P28834	210	T	True	0.02	Ordered	98.5	Very high	33.0	20.25	Exposed
IDH1	P28834	217	Y	False	0.014	Ordered	98.2	Very high	22.0	8.63	Buried
IDH1	P28834	223	S	False	0.022	Ordered	98.3	Very high	57.0	39.86	Exposed
IDH1	P28834	224	S	False	0.02	Ordered	98.2	Very high	56.0	39.16	Exposed
IDH1	P28834	231	S	False	0.025	Ordered	97.9	Very high	29.0	20.28	Exposed
IDH1	P28834	246	T	False	0.02	Ordered	98.5	Very high	0.0	0.0	Buried
IDH1	P28834	248	S	True	0.019	Ordered	94.9	Very high	1.0	0.7	Buried
IDH1	P28834	250	Y	False	0.019	Ordered	97.6	Very high	10.0	3.92	Buried
IDH1	P28834	252	T	False	0.016	Ordered	94.6	Very high	40.0	24.54	Exposed
IDH1	P28834	277	Y	False	0.025	Ordered	96.1	Very high	54.0	21.18	Exposed
IDH1	P28834	284	S	True	0.026	Ordered	90.8	Very high	6.0	4.2	Buried
IDH1	P28834	300	T	False	0.01	Ordered	98.6	Very high	0.0	0.0	Buried
IDH1	P28834	305	S	False	0.007	Ordered	98.6	Very high	0.0	0.0	Buried
IDH1	P28834	306	S	False	0.006	Ordered	98.7	Very high	0.0	0.0	Buried
IDH1	P28834	307	T	False	0.007	Ordered	98.6	Very high	7.0	4.29	Buried
IDH1	P28834	318	Y	False	0.016	Ordered	97.9	Very high	73.0	28.63	Exposed
IDH1	P28834	320	T	False	0.03	Ordered	98.1	Very high	90.0	55.21	Exposed
IDH1	P28834	323	S	False	0.063	Ordered	98.2	Very high	30.0	20.98	Exposed
IDH1	P28834	329	T	False	0.161	Ordered	98.1	Very high	1.0	0.61	Buried
IDH1	P28834	336	T	False	0.225	Ordered	97.5	Very high	9.0	5.52	Buried
IDH1	P28834	337	T	False	0.232	Ordered	97.7	Very high	0.0	0.0	Buried
IDH1	P28834	343	S	True	0.205	Ordered	96.9	Very high	116.0	81.12	Exposed
IDH1	P28834	344	S	True	0.195	Ordered	97.9	Very high	14.0	9.79	Buried
IDH1	P28834	345	S	True	0.19	Ordered	98.3	Very high	19.0	13.29	Buried
IDH1	P28834	346	T	False	0.192	Ordered	98.5	Very high	4.0	2.45	Buried
IDH1	P28834	347	T	False	0.196	Ordered	98.4	Very high	66.0	40.49	Exposed
IDH1	P28834	350	T	False	0.187	Ordered	98.7	Very high	6.0	3.68	Buried
IDH1	P28834	358	S	False	0.088	Ordered	95.1	Very high	92.0	64.34	Exposed
IDH1	P28834	359	T	False	0.066	Ordered	93.3	Very high	119.0	73.01	Exposed
MGM101	P32787	3	S	False	0.984	Disordered	44.8	Very low	115.0	80.42	Exposed
MGM101	P32787	12	S	False	0.984	Disordered	30.9	Very low	103.0	72.03	Exposed
MGM101	P32787	22	T	False	0.957	Disordered	28.4	Very low	124.0	76.07	Exposed
MGM101	P32787	25	S	False	0.965	Disordered	39.5	Very low	115.0	80.42	Exposed
MGM101	P32787	26	T	True	0.973	Disordered	29.0	Very low	126.0	77.3	Exposed
MGM101	P32787	28	T	False	0.978	Disordered	35.5	Very low	135.0	82.82	Exposed
MGM101	P32787	29	S	True	0.976	Disordered	31.1	Very low	93.0	65.03	Exposed
MGM101	P32787	31	T	False	0.979	Disordered	30.3	Very low	136.0	83.44	Exposed
MGM101	P32787	33	T	False	0.978	Disordered	31.0	Very low	147.0	90.18	Exposed
MGM101	P32787	40	S	True	0.959	Disordered	32.3	Very low	102.0	71.33	Exposed
MGM101	P32787	43	S	True	0.967	Disordered	35.2	Very low	88.0	61.54	Exposed
MGM101	P32787	44	T	False	0.967	Disordered	27.3	Very low	145.0	88.96	Exposed
MGM101	P32787	46	T	False	0.966	Disordered	32.3	Very low	132.0	80.98	Exposed
MGM101	P32787	52	T	False	0.971	Disordered	26.6	Very low	128.0	78.53	Exposed
MGM101	P32787	54	S	True	0.975	Disordered	27.4	Very low	115.0	80.42	Exposed
MGM101	P32787	60	S	False	0.955	Disordered	42.1	Very low	82.0	57.34	Exposed
MGM101	P32787	65	Y	False	0.958	Disordered	50.3	Low	176.0	69.02	Exposed
MGM101	P32787	66	S	True	0.935	Disordered	53.8	Low	50.0	34.97	Exposed
MGM101	P32787	67	S	False	0.938	Disordered	56.6	Low	66.0	46.15	Exposed
MGM101	P32787	71	S	True	0.904	Disordered	65.9	Low	92.0	64.34	Exposed
MGM101	P32787	76	T	True	0.846	Disordered	79.9	Confident	99.0	60.74	Exposed
MGM101	P32787	80	T	True	0.78	Disordered	60.5	Low	120.0	73.62	Exposed
MGM101	P32787	82	S	True	0.729	Disordered	45.5	Very low	87.0	60.84	Exposed
MGM101	P32787	83	T	True	0.701	Disordered	45.0	Very low	148.0	90.8	Exposed
MGM101	P32787	87	S	True	0.6	Disordered	41.7	Very low	111.0	77.62	Exposed
MGM101	P32787	91	S	True	0.484	Ordered	42.6	Very low	107.0	74.83	Exposed
MGM101	P32787	92	Y	False	0.449	Ordered	45.3	Very low	169.0	66.27	Exposed
MGM101	P32787	102	Y	False	0.186	Ordered	91.8	Very high	60.0	23.53	Exposed
MGM101	P32787	103	T	False	0.175	Ordered	92.3	Very high	65.0	39.88	Exposed
MGM101	P32787	104	S	False	0.161	Ordered	93.1	Very high	33.0	23.08	Exposed
MGM101	P32787	106	Y	False	0.136	Ordered	94.2	Very high	119.0	46.67	Exposed
MGM101	P32787	139	Y	False	0.023	Ordered	96.6	Very high	94.0	36.86	Exposed
MGM101	P32787	145	Y	False	0.033	Ordered	97.4	Very high	11.0	4.31	Buried
MGM101	P32787	164	S	False	0.042	Ordered	93.0	Very high	10.0	6.99	Buried
MGM101	P32787	166	T	False	0.039	Ordered	94.0	Very high	1.0	0.61	Buried
MGM101	P32787	169	T	False	0.033	Ordered	92.2	Very high	21.0	12.88	Buried
MGM101	P32787	170	S	True	0.03	Ordered	91.6	Very high	104.0	72.73	Exposed
MGM101	P32787	174	T	False	0.025	Ordered	96.9	Very high	3.0	1.84	Buried
MGM101	P32787	177	Y	False	0.021	Ordered	98.1	Very high	13.0	5.1	Buried
MGM101	P32787	187	S	False	0.048	Ordered	97.0	Very high	4.0	2.8	Buried
MGM101	P32787	195	Y	False	0.085	Ordered	95.7	Very high	19.0	7.45	Buried
MGM101	P32787	203	T	False	0.096	Ordered	96.7	Very high	110.0	67.48	Exposed
MGM101	P32787	205	T	False	0.094	Ordered	96.4	Very high	25.0	15.34	Buried
MGM101	P32787	210	S	False	0.085	Ordered	97.5	Very high	13.0	9.09	Buried
MGM101	P32787	224	S	False	0.046	Ordered	93.6	Very high	80.0	55.94	Exposed
MGM101	P32787	241	T	False	0.108	Ordered	95.6	Very high	48.0	29.45	Exposed
MGM101	P32787	249	T	False	0.212	Ordered	92.3	Very high	102.0	62.58	Exposed
MGM101	P32787	250	T	False	0.233	Ordered	93.4	Very high	76.0	46.63	Exposed
MGM101	P32787	266	Y	False	0.405	Ordered	88.4	Confident	167.0	65.49	Exposed
MGM101	P32787	268	Y	False	0.375	Ordered	89.1	Confident	78.0	30.59	Exposed
ARG5,6	Q01217	3	S	True	0.956	Disordered	33.1	Very low	120.0	83.92	Exposed
ARG5,6	Q01217	5	S	False	0.94	Disordered	36.3	Very low	63.0	44.06	Exposed
ARG5,6	Q01217	9	S	False	0.923	Disordered	32.9	Very low	53.0	37.06	Exposed
ARG5,6	Q01217	10	T	False	0.928	Disordered	32.4	Very low	138.0	84.66	Exposed
ARG5,6	Q01217	16	S	False	0.983	Disordered	41.1	Very low	76.0	53.15	Exposed
ARG5,6	Q01217	23	S	False	0.987	Disordered	42.0	Very low	88.0	61.54	Exposed
ARG5,6	Q01217	24	S	False	0.976	Disordered	40.7	Very low	97.0	67.83	Exposed
ARG5,6	Q01217	28	S	False	0.973	Disordered	34.7	Very low	113.0	79.02	Exposed
ARG5,6	Q01217	29	T	False	0.969	Disordered	34.9	Very low	142.0	87.12	Exposed
ARG5,6	Q01217	35	S	False	0.947	Disordered	30.7	Very low	110.0	76.92	Exposed
ARG5,6	Q01217	43	S	False	0.922	Disordered	31.6	Very low	118.0	82.52	Exposed
ARG5,6	Q01217	47	T	False	0.902	Disordered	36.1	Very low	147.0	90.18	Exposed
ARG5,6	Q01217	53	Y	False	0.909	Disordered	32.1	Very low	224.0	87.84	Exposed
ARG5,6	Q01217	54	S	False	0.864	Disordered	35.3	Very low	107.0	74.83	Exposed
ARG5,6	Q01217	57	Y	False	0.82	Disordered	33.5	Very low	238.0	93.33	Exposed
ARG5,6	Q01217	59	S	False	0.752	Disordered	35.5	Very low	104.0	72.73	Exposed
ARG5,6	Q01217	60	S	False	0.713	Disordered	30.7	Very low	122.0	85.31	Exposed
ARG5,6	Q01217	61	T	False	0.678	Disordered	34.2	Very low	126.0	77.3	Exposed
ARG5,6	Q01217	65	S	False	0.534	Disordered	43.3	Very low	96.0	67.13	Exposed
ARG5,6	Q01217	67	T	False	0.494	Ordered	60.2	Low	93.0	57.06	Exposed
ARG5,6	Q01217	69	S	False	0.439	Ordered	66.6	Low	59.0	41.26	Exposed
ARG5,6	Q01217	70	T	True	0.416	Ordered	66.7	Low	16.0	9.82	Buried
ARG5,6	Q01217	79	S	False	0.189	Ordered	66.2	Low	97.0	67.83	Exposed
ARG5,6	Q01217	80	T	False	0.184	Ordered	66.6	Low	54.0	33.13	Exposed
ARG5,6	Q01217	87	Y	False	0.097	Ordered	68.1	Low	7.0	2.75	Buried
ARG5,6	Q01217	90	Y	False	0.081	Ordered	66.8	Low	32.0	12.55	Buried
ARG5,6	Q01217	92	T	False	0.073	Ordered	58.2	Low	108.0	66.26	Exposed
ARG5,6	Q01217	93	S	False	0.064	Ordered	58.4	Low	50.0	34.97	Exposed
ARG5,6	Q01217	95	S	True	0.055	Ordered	48.3	Very low	105.0	73.43	Exposed
ARG5,6	Q01217	110	S	False	0.011	Ordered	88.4	Confident	47.0	32.87	Exposed
ARG5,6	Q01217	118	S	False	0.011	Ordered	91.7	Very high	40.0	27.97	Exposed
ARG5,6	Q01217	124	Y	False	0.022	Ordered	89.8	Confident	40.0	15.69	Buried
ARG5,6	Q01217	129	Y	False	0.036	Ordered	90.7	Very high	63.0	24.71	Exposed
ARG5,6	Q01217	136	T	False	0.066	Ordered	92.8	Very high	7.0	4.29	Buried
ARG5,6	Q01217	153	Y	False	0.058	Ordered	90.1	Very high	103.0	40.39	Exposed
ARG5,6	Q01217	160	T	False	0.037	Ordered	95.8	Very high	0.0	0.0	Buried
ARG5,6	Q01217	164	T	False	0.026	Ordered	95.6	Very high	10.0	6.13	Buried
ARG5,6	Q01217	181	T	False	0.036	Ordered	97.6	Very high	63.0	38.65	Exposed
ARG5,6	Q01217	194	T	False	0.072	Ordered	97.3	Very high	44.0	26.99	Exposed
ARG5,6	Q01217	195	S	False	0.073	Ordered	95.7	Very high	64.0	44.76	Exposed
ARG5,6	Q01217	199	T	False	0.072	Ordered	97.9	Very high	40.0	24.54	Exposed
ARG5,6	Q01217	202	Y	False	0.056	Ordered	97.6	Very high	72.0	28.24	Exposed
ARG5,6	Q01217	208	Y	False	0.058	Ordered	95.6	Very high	18.0	7.06	Buried
ARG5,6	Q01217	216	S	False	0.067	Ordered	96.6	Very high	57.0	39.86	Exposed
ARG5,6	Q01217	218	T	False	0.072	Ordered	97.1	Very high	50.0	30.67	Exposed
ARG5,6	Q01217	225	S	False	0.085	Ordered	95.4	Very high	0.0	0.0	Buried
ARG5,6	Q01217	235	T	False	0.072	Ordered	97.6	Very high	4.0	2.45	Buried
ARG5,6	Q01217	236	S	False	0.08	Ordered	96.6	Very high	2.0	1.4	Buried
ARG5,6	Q01217	240	T	False	0.105	Ordered	97.8	Very high	12.0	7.36	Buried
ARG5,6	Q01217	242	S	False	0.108	Ordered	96.1	Very high	109.0	76.22	Exposed
ARG5,6	Q01217	268	Y	False	0.082	Ordered	93.1	Very high	13.0	5.1	Buried
ARG5,6	Q01217	279	S	True	0.115	Ordered	84.8	Confident	86.0	60.14	Exposed
ARG5,6	Q01217	280	T	False	0.116	Ordered	86.2	Confident	79.0	48.47	Exposed
ARG5,6	Q01217	285	S	False	0.116	Ordered	82.8	Confident	73.0	51.05	Exposed
ARG5,6	Q01217	293	Y	False	0.076	Ordered	91.9	Very high	35.0	13.73	Buried
ARG5,6	Q01217	300	S	False	0.066	Ordered	89.9	Confident	124.0	86.71	Exposed
ARG5,6	Q01217	304	Y	False	0.048	Ordered	79.6	Confident	179.0	70.2	Exposed
ARG5,6	Q01217	306	T	False	0.041	Ordered	84.2	Confident	43.0	26.38	Exposed
ARG5,6	Q01217	319	Y	False	0.045	Ordered	91.3	Very high	146.0	57.25	Exposed
ARG5,6	Q01217	323	S	False	0.046	Ordered	77.2	Confident	61.0	42.66	Exposed
ARG5,6	Q01217	324	S	False	0.048	Ordered	86.0	Confident	2.0	1.4	Buried
ARG5,6	Q01217	325	S	True	0.053	Ordered	88.8	Confident	10.0	6.99	Buried
ARG5,6	Q01217	340	T	False	0.101	Ordered	65.4	Low	12.0	7.36	Buried
ARG5,6	Q01217	342	S	False	0.113	Ordered	58.2	Low	79.0	55.24	Exposed
ARG5,6	Q01217	346	T	False	0.121	Ordered	88.6	Confident	0.0	0.0	Buried
ARG5,6	Q01217	352	Y	False	0.117	Ordered	81.0	Confident	51.0	20.0	Buried
ARG5,6	Q01217	358	S	True	0.093	Ordered	92.4	Very high	68.0	47.55	Exposed
ARG5,6	Q01217	359	S	True	0.089	Ordered	90.6	Very high	47.0	32.87	Exposed
ARG5,6	Q01217	365	S	True	0.075	Ordered	84.8	Confident	47.0	32.87	Exposed
ARG5,6	Q01217	380	S	False	0.098	Ordered	75.6	Confident	69.0	48.25	Exposed
ARG5,6	Q01217	381	S	False	0.099	Ordered	73.6	Confident	58.0	40.56	Exposed
ARG5,6	Q01217	385	S	True	0.106	Ordered	84.8	Confident	62.0	43.36	Exposed
ARG5,6	Q01217	388	S	False	0.1	Ordered	87.4	Confident	52.0	36.36	Exposed
ARG5,6	Q01217	389	Y	False	0.091	Ordered	91.1	Very high	0.0	0.0	Buried
ARG5,6	Q01217	392	Y	False	0.067	Ordered	89.2	Confident	103.0	40.39	Exposed
ARG5,6	Q01217	396	S	False	0.045	Ordered	88.2	Confident	24.0	16.78	Buried
ARG5,6	Q01217	400	S	False	0.037	Ordered	95.8	Very high	0.0	0.0	Buried
ARG5,6	Q01217	401	Y	False	0.038	Ordered	95.1	Very high	2.0	0.78	Buried
ARG5,6	Q01217	416	T	True	0.052	Ordered	85.3	Confident	58.0	35.58	Exposed
ARG5,6	Q01217	420	T	False	0.051	Ordered	96.5	Very high	32.0	19.63	Buried
ARG5,6	Q01217	427	S	False	0.053	Ordered	89.2	Confident	17.0	11.89	Buried
ARG5,6	Q01217	436	T	False	0.038	Ordered	88.9	Confident	0.0	0.0	Buried
ARG5,6	Q01217	455	S	False	0.041	Ordered	89.8	Confident	59.0	41.26	Exposed
ARG5,6	Q01217	468	S	False	0.076	Ordered	93.2	Very high	19.0	13.29	Buried
ARG5,6	Q01217	471	S	False	0.065	Ordered	94.2	Very high	14.0	9.79	Buried
ARG5,6	Q01217	472	Y	False	0.062	Ordered	92.9	Very high	38.0	14.9	Buried
ARG5,6	Q01217	482	Y	False	0.059	Ordered	96.3	Very high	9.0	3.53	Buried
ARG5,6	Q01217	489	T	False	0.068	Ordered	89.9	Confident	39.0	23.93	Exposed
ARG5,6	Q01217	491	S	False	0.105	Ordered	88.6	Confident	40.0	27.97	Exposed
ARG5,6	Q01217	500	S	False	0.352	Ordered	83.1	Confident	56.0	39.16	Exposed
ARG5,6	Q01217	503	T	False	0.477	Ordered	53.2	Low	76.0	46.63	Exposed
ARG5,6	Q01217	505	S	False	0.544	Disordered	38.9	Very low	72.0	50.35	Exposed
ARG5,6	Q01217	506	T	False	0.571	Disordered	33.2	Very low	64.0	39.26	Exposed
ARG5,6	Q01217	509	S	False	0.639	Disordered	29.8	Very low	77.0	53.85	Exposed
ARG5,6	Q01217	510	S	False	0.663	Disordered	28.4	Very low	73.0	51.05	Exposed
ARG5,6	Q01217	512	S	True	0.751	Disordered	29.6	Very low	111.0	77.62	Exposed
ARG5,6	Q01217	513	S	True	0.794	Disordered	28.9	Very low	114.0	79.72	Exposed
ARG5,6	Q01217	521	S	False	0.851	Disordered	26.8	Very low	113.0	79.02	Exposed
ARG5,6	Q01217	524	S	False	0.842	Disordered	26.0	Very low	77.0	53.85	Exposed
ARG5,6	Q01217	525	Y	False	0.846	Disordered	29.1	Very low	213.0	83.53	Exposed
ARG5,6	Q01217	526	S	False	0.806	Disordered	43.7	Very low	79.0	55.24	Exposed
ARG5,6	Q01217	527	T	False	0.818	Disordered	57.0	Low	93.0	57.06	Exposed
ARG5,6	Q01217	529	S	True	0.761	Disordered	79.2	Confident	28.0	19.58	Buried
ARG5,6	Q01217	530	T	True	0.735	Disordered	87.2	Confident	105.0	64.42	Exposed
ARG5,6	Q01217	538	T	False	0.45	Ordered	93.7	Very high	85.0	52.15	Exposed
ARG5,6	Q01217	551	Y	False	0.077	Ordered	90.1	Very high	75.0	29.41	Exposed
ARG5,6	Q01217	552	T	False	0.065	Ordered	91.4	Very high	34.0	20.86	Exposed
ARG5,6	Q01217	558	S	False	0.047	Ordered	94.2	Very high	71.0	49.65	Exposed
ARG5,6	Q01217	565	Y	False	0.051	Ordered	96.9	Very high	82.0	32.16	Exposed
ARG5,6	Q01217	572	S	False	0.072	Ordered	92.9	Very high	9.0	6.29	Buried
ARG5,6	Q01217	573	S	False	0.076	Ordered	88.8	Confident	13.0	9.09	Buried
ARG5,6	Q01217	584	Y	False	0.073	Ordered	92.5	Very high	11.0	4.31	Buried
ARG5,6	Q01217	585	T	False	0.074	Ordered	94.0	Very high	112.0	68.71	Exposed
ARG5,6	Q01217	587	S	False	0.064	Ordered	92.9	Very high	51.0	35.66	Exposed
ARG5,6	Q01217	591	Y	False	0.042	Ordered	92.7	Very high	13.0	5.1	Buried
ARG5,6	Q01217	593	S	False	0.038	Ordered	90.2	Very high	30.0	20.98	Exposed
ARG5,6	Q01217	626	T	False	0.038	Ordered	93.8	Very high	10.0	6.13	Buried
ARG5,6	Q01217	629	S	False	0.04	Ordered	93.2	Very high	58.0	40.56	Exposed
ARG5,6	Q01217	634	S	False	0.041	Ordered	96.5	Very high	14.0	9.79	Buried
ARG5,6	Q01217	640	S	False	0.044	Ordered	92.9	Very high	5.0	3.5	Buried
ARG5,6	Q01217	647	S	False	0.039	Ordered	84.4	Confident	60.0	41.96	Exposed
ARG5,6	Q01217	649	S	False	0.039	Ordered	84.0	Confident	110.0	76.92	Exposed
ARG5,6	Q01217	653	Y	False	0.038	Ordered	96.8	Very high	3.0	1.18	Buried
ARG5,6	Q01217	676	Y	False	0.037	Ordered	97.6	Very high	7.0	2.75	Buried
ARG5,6	Q01217	678	T	False	0.039	Ordered	98.2	Very high	0.0	0.0	Buried
ARG5,6	Q01217	680	S	False	0.039	Ordered	98.3	Very high	0.0	0.0	Buried
ARG5,6	Q01217	683	T	False	0.044	Ordered	98.3	Very high	0.0	0.0	Buried
ARG5,6	Q01217	685	S	False	0.048	Ordered	97.1	Very high	23.0	16.08	Buried
ARG5,6	Q01217	688	T	False	0.067	Ordered	94.5	Very high	32.0	19.63	Buried
ARG5,6	Q01217	690	Y	False	0.078	Ordered	95.8	Very high	77.0	30.2	Exposed
ARG5,6	Q01217	696	T	False	0.149	Ordered	98.1	Very high	44.0	26.99	Exposed
ARG5,6	Q01217	701	S	False	0.166	Ordered	97.2	Very high	3.0	2.1	Buried
ARG5,6	Q01217	703	Y	False	0.16	Ordered	95.6	Very high	46.0	18.04	Buried
ARG5,6	Q01217	704	S	False	0.155	Ordered	94.8	Very high	4.0	2.8	Buried
ARG5,6	Q01217	708	T	False	0.154	Ordered	84.9	Confident	69.0	42.33	Exposed
ARG5,6	Q01217	711	S	False	0.166	Ordered	91.9	Very high	41.0	28.67	Exposed
ARG5,6	Q01217	726	Y	False	0.066	Ordered	87.0	Confident	60.0	23.53	Exposed
ARG5,6	Q01217	729	S	False	0.058	Ordered	88.1	Confident	68.0	47.55	Exposed
ARG5,6	Q01217	738	S	False	0.036	Ordered	96.6	Very high	18.0	12.59	Buried
ARG5,6	Q01217	759	S	False	0.067	Ordered	98.4	Very high	33.0	23.08	Exposed
ARG5,6	Q01217	761	T	False	0.072	Ordered	98.6	Very high	55.0	33.74	Exposed
ARG5,6	Q01217	763	S	False	0.07	Ordered	98.4	Very high	29.0	20.28	Exposed
ARG5,6	Q01217	770	S	False	0.055	Ordered	94.8	Very high	38.0	26.57	Exposed
ARG5,6	Q01217	772	S	False	0.054	Ordered	96.2	Very high	50.0	34.97	Exposed
ARG5,6	Q01217	780	Y	False	0.032	Ordered	97.8	Very high	0.0	0.0	Buried
ARG5,6	Q01217	784	Y	False	0.029	Ordered	96.1	Very high	7.0	2.75	Buried
ARG5,6	Q01217	805	T	False	0.031	Ordered	97.2	Very high	19.0	11.66	Buried
ARG5,6	Q01217	827	T	False	0.012	Ordered	98.6	Very high	2.0	1.23	Buried
ARG5,6	Q01217	837	T	False	0.041	Ordered	98.1	Very high	0.0	0.0	Buried
ARG5,6	Q01217	849	Y	False	0.159	Ordered	97.2	Very high	5.0	1.96	Buried
ARG5,6	Q01217	852	Y	False	0.192	Ordered	96.3	Very high	25.0	9.8	Buried
QCR2	P07257	3	S	False	0.938	Disordered	36.0	Very low	119.0	83.22	Exposed
QCR2	P07257	13	S	False	0.887	Disordered	31.6	Very low	122.0	85.31	Exposed
QCR2	P07257	18	T	True	0.803	Disordered	83.9	Confident	81.0	49.69	Exposed
QCR2	P07257	20	S	False	0.752	Disordered	87.4	Confident	32.0	22.38	Exposed
QCR2	P07257	26	T	False	0.461	Ordered	87.2	Confident	80.0	49.08	Exposed
QCR2	P07257	29	S	True	0.35	Ordered	94.1	Very high	0.0	0.0	Buried
QCR2	P07257	30	T	False	0.323	Ordered	94.2	Very high	15.0	9.2	Buried
QCR2	P07257	39	S	False	0.073	Ordered	96.4	Very high	1.0	0.7	Buried
QCR2	P07257	41	Y	False	0.06	Ordered	94.8	Very high	19.0	7.45	Buried
QCR2	P07257	43	T	False	0.055	Ordered	94.1	Very high	86.0	52.76	Exposed
QCR2	P07257	59	T	True	0.052	Ordered	94.5	Very high	7.0	4.29	Buried
QCR2	P07257	61	T	True	0.051	Ordered	89.4	Confident	65.0	39.88	Exposed
QCR2	P07257	63	S	False	0.057	Ordered	95.3	Very high	51.0	35.66	Exposed
QCR2	P07257	71	S	False	0.066	Ordered	96.2	Very high	4.0	2.8	Buried
QCR2	P07257	77	T	False	0.057	Ordered	96.5	Very high	87.0	53.37	Exposed
QCR2	P07257	80	S	False	0.049	Ordered	96.4	Very high	26.0	18.18	Buried
QCR2	P07257	81	T	False	0.051	Ordered	96.2	Very high	49.0	30.06	Exposed
QCR2	P07257	86	Y	False	0.041	Ordered	94.9	Very high	47.0	18.43	Buried
QCR2	P07257	88	T	False	0.034	Ordered	95.9	Very high	15.0	9.2	Buried
QCR2	P07257	92	T	False	0.023	Ordered	96.1	Very high	41.0	25.15	Exposed
QCR2	P07257	100	Y	False	0.009	Ordered	96.1	Very high	38.0	14.9	Buried
QCR2	P07257	101	Y	False	0.008	Ordered	96.7	Very high	0.0	0.0	Buried
QCR2	P07257	110	Y	False	0.019	Ordered	90.0	Very high	113.0	44.31	Exposed
QCR2	P07257	112	T	True	0.025	Ordered	93.1	Very high	12.0	7.36	Buried
QCR2	P07257	120	T	False	0.029	Ordered	96.9	Very high	97.0	59.51	Exposed
QCR2	P07257	122	S	False	0.035	Ordered	96.1	Very high	47.0	32.87	Exposed
QCR2	P07257	129	Y	False	0.044	Ordered	98.1	Very high	159.0	62.35	Exposed
QCR2	P07257	131	Y	False	0.044	Ordered	97.4	Very high	82.0	32.16	Exposed
QCR2	P07257	141	S	True	0.041	Ordered	96.0	Very high	27.0	18.88	Buried
QCR2	P07257	147	Y	False	0.047	Ordered	97.7	Very high	3.0	1.18	Buried
QCR2	P07257	150	T	False	0.047	Ordered	97.9	Very high	0.0	0.0	Buried
QCR2	P07257	161	Y	False	0.029	Ordered	97.9	Very high	17.0	6.67	Buried
QCR2	P07257	168	S	True	0.034	Ordered	97.1	Very high	54.0	37.76	Exposed
QCR2	P07257	180	Y	False	0.068	Ordered	94.9	Very high	9.0	3.53	Buried
QCR2	P07257	181	T	False	0.069	Ordered	93.2	Very high	6.0	3.68	Buried
QCR2	P07257	188	S	False	0.068	Ordered	91.8	Very high	8.0	5.59	Buried
QCR2	P07257	204	S	False	0.112	Ordered	91.6	Very high	5.0	3.5	Buried
QCR2	P07257	207	S	False	0.123	Ordered	87.3	Confident	41.0	28.67	Exposed
QCR2	P07257	208	T	False	0.127	Ordered	89.2	Confident	68.0	41.72	Exposed
QCR2	P07257	214	S	False	0.133	Ordered	90.0	Very high	52.0	36.36	Exposed
QCR2	P07257	217	S	True	0.138	Ordered	79.5	Confident	29.0	20.28	Exposed
QCR2	P07257	219	S	False	0.136	Ordered	84.1	Confident	81.0	56.64	Exposed
QCR2	P07257	237	S	False	0.036	Ordered	98.0	Very high	3.0	2.1	Buried
QCR2	P07257	249	S	False	0.021	Ordered	92.5	Very high	33.0	23.08	Exposed
QCR2	P07257	253	Y	False	0.025	Ordered	95.9	Very high	32.0	12.55	Buried
QCR2	P07257	259	Y	False	0.024	Ordered	95.4	Very high	23.0	9.02	Buried
QCR2	P07257	261	T	False	0.018	Ordered	93.6	Very high	59.0	36.2	Exposed
QCR2	P07257	262	S	False	0.018	Ordered	93.2	Very high	13.0	9.09	Buried
QCR2	P07257	265	S	False	0.019	Ordered	91.2	Very high	4.0	2.8	Buried
QCR2	P07257	268	S	False	0.026	Ordered	92.1	Very high	39.0	27.27	Exposed
QCR2	P07257	272	S	False	0.037	Ordered	95.8	Very high	66.0	46.15	Exposed
QCR2	P07257	273	S	False	0.04	Ordered	96.3	Very high	44.0	30.77	Exposed
QCR2	P07257	280	T	True	0.04	Ordered	86.9	Confident	35.0	21.47	Exposed
QCR2	P07257	286	T	False	0.049	Ordered	98.3	Very high	0.0	0.0	Buried
QCR2	P07257	294	S	True	0.044	Ordered	96.0	Very high	10.0	6.99	Buried
QCR2	P07257	298	S	False	0.051	Ordered	97.9	Very high	19.0	13.29	Buried
QCR2	P07257	299	S	False	0.054	Ordered	97.4	Very high	64.0	44.76	Exposed
QCR2	P07257	315	S	True	0.085	Ordered	91.1	Very high	55.0	38.46	Exposed
QCR2	P07257	320	Y	False	0.117	Ordered	90.9	Very high	101.0	39.61	Exposed
QCR2	P07257	321	T	True	0.122	Ordered	90.9	Very high	0.0	0.0	Buried
QCR2	P07257	331	S	True	0.11	Ordered	64.3	Low	75.0	52.45	Exposed
QCR2	P07257	333	S	True	0.111	Ordered	55.7	Low	37.0	25.87	Exposed
QCR2	P07257	334	S	True	0.11	Ordered	61.8	Low	48.0	33.57	Exposed
QCR2	P07257	353	Y	False	0.069	Ordered	98.6	Very high	0.0	0.0	Buried
QCR2	P07257	360	S	False	0.094	Ordered	94.7	Very high	67.0	46.85	Exposed
QCR2	P07257	364	Y	False	0.102	Ordered	97.4	Very high	107.0	41.96	Exposed
LSC1	P53598	4	S	False	0.827	Disordered	40.0	Very low	111.0	77.62	Exposed
LSC1	P53598	5	T	False	0.81	Disordered	43.5	Very low	152.0	93.25	Exposed
LSC1	P53598	7	S	False	0.809	Disordered	37.3	Very low	109.0	76.22	Exposed
LSC1	P53598	10	S	False	0.762	Disordered	34.8	Very low	106.0	74.13	Exposed
LSC1	P53598	21	S	True	0.515	Disordered	84.2	Confident	94.0	65.73	Exposed
LSC1	P53598	24	Y	False	0.393	Ordered	97.2	Very high	14.0	5.49	Buried
LSC1	P53598	27	T	True	0.303	Ordered	98.2	Very high	0.0	0.0	Buried
LSC1	P53598	37	T	False	0.093	Ordered	98.7	Very high	6.0	3.68	Buried
LSC1	P53598	45	T	True	0.053	Ordered	98.2	Very high	23.0	14.11	Buried
LSC1	P53598	50	T	False	0.037	Ordered	98.6	Very high	37.0	22.7	Exposed
LSC1	P53598	54	S	False	0.037	Ordered	98.5	Very high	53.0	37.06	Exposed
LSC1	P53598	56	S	False	0.039	Ordered	98.5	Very high	0.0	0.0	Buried
LSC1	P53598	59	Y	False	0.036	Ordered	97.8	Very high	32.0	12.55	Buried
LSC1	P53598	61	T	False	0.039	Ordered	98.6	Very high	6.0	3.68	Buried
LSC1	P53598	67	T	False	0.058	Ordered	98.7	Very high	7.0	4.29	Buried
LSC1	P53598	75	T	False	0.062	Ordered	98.2	Very high	112.0	68.71	Exposed
LSC1	P53598	84	S	False	0.048	Ordered	98.4	Very high	26.0	18.18	Buried
LSC1	P53598	92	T	False	0.042	Ordered	98.4	Very high	21.0	12.88	Buried
LSC1	P53598	95	T	False	0.04	Ordered	98.8	Very high	55.0	33.74	Exposed
LSC1	P53598	97	S	False	0.036	Ordered	98.9	Very high	0.0	0.0	Buried
LSC1	P53598	113	S	False	0.016	Ordered	98.7	Very high	0.0	0.0	Buried
LSC1	P53598	125	T	False	0.008	Ordered	98.1	Very high	14.0	8.59	Buried
LSC1	P53598	135	Y	False	0.013	Ordered	96.5	Very high	131.0	51.37	Exposed
LSC1	P53598	142	T	False	0.015	Ordered	95.4	Very high	98.0	60.12	Exposed
LSC1	P53598	146	T	False	0.009	Ordered	98.8	Very high	0.0	0.0	Buried
LSC1	P53598	161	T	False	0.021	Ordered	97.9	Very high	30.0	18.4	Buried
LSC1	P53598	182	S	False	0.024	Ordered	97.9	Very high	0.0	0.0	Buried
LSC1	P53598	184	S	True	0.027	Ordered	93.8	Very high	11.0	7.69	Buried
LSC1	P53598	186	T	True	0.027	Ordered	92.9	Very high	99.0	60.74	Exposed
LSC1	P53598	188	T	True	0.03	Ordered	97.1	Very high	2.0	1.23	Buried
LSC1	P53598	189	Y	False	0.035	Ordered	96.4	Very high	53.0	20.78	Exposed
LSC1	P53598	195	T	False	0.037	Ordered	97.7	Very high	0.0	0.0	Buried
LSC1	P53598	196	T	False	0.039	Ordered	97.0	Very high	25.0	15.34	Buried
LSC1	P53598	198	T	True	0.045	Ordered	94.3	Very high	41.0	25.15	Exposed
LSC1	P53598	203	S	False	0.049	Ordered	98.5	Very high	5.0	3.5	Buried
LSC1	P53598	216	T	True	0.036	Ordered	98.0	Very high	0.0	0.0	Buried
LSC1	P53598	230	T	False	0.017	Ordered	96.6	Very high	79.0	48.47	Exposed
LSC1	P53598	231	T	False	0.017	Ordered	98.3	Very high	5.0	3.07	Buried
LSC1	P53598	255	Y	False	0.023	Ordered	96.3	Very high	105.0	41.18	Exposed
LSC1	P53598	258	S	False	0.02	Ordered	94.6	Very high	80.0	55.94	Exposed
LSC1	P53598	260	S	True	0.021	Ordered	92.6	Very high	135.0	94.41	Exposed
LSC1	P53598	267	S	False	0.029	Ordered	98.4	Very high	1.0	0.7	Buried
LSC1	P53598	272	T	False	0.039	Ordered	82.2	Confident	53.0	32.52	Exposed
LSC1	P53598	285	S	True	0.078	Ordered	77.2	Confident	22.0	15.38	Buried
LSC1	P53598	292	S	True	0.089	Ordered	68.5	Low	118.0	82.52	Exposed
LSC1	P53598	294	T	True	0.092	Ordered	80.0	Confident	12.0	7.36	Buried
LSC1	P53598	298	S	True	0.09	Ordered	92.2	Very high	41.0	28.67	Exposed
LSC1	P53598	313	S	True	0.037	Ordered	92.9	Very high	51.0	35.66	Exposed
LSC1	P53598	316	Y	False	0.042	Ordered	96.1	Very high	148.0	58.04	Exposed
COR1	P07256	4	T	False	0.966	Disordered	40.9	Very low	142.0	87.12	Exposed
COR1	P07256	6	T	False	0.978	Disordered	40.7	Very low	135.0	82.82	Exposed
COR1	P07256	7	S	False	0.951	Disordered	46.1	Very low	118.0	82.52	Exposed
COR1	P07256	9	T	False	0.939	Disordered	42.0	Very low	144.0	88.34	Exposed
COR1	P07256	11	S	False	0.948	Disordered	42.8	Very low	95.0	66.43	Exposed
COR1	P07256	17	S	False	0.854	Disordered	47.5	Very low	111.0	77.62	Exposed
COR1	P07256	20	T	True	0.807	Disordered	48.3	Very low	132.0	80.98	Exposed
COR1	P07256	24	T	True	0.72	Disordered	70.6	Confident	67.0	41.1	Exposed
COR1	P07256	30	T	False	0.538	Disordered	97.8	Very high	51.0	31.29	Exposed
COR1	P07256	33	S	False	0.407	Ordered	89.4	Confident	126.0	88.11	Exposed
COR1	P07256	40	T	False	0.204	Ordered	97.5	Very high	0.0	0.0	Buried
COR1	P07256	45	S	False	0.124	Ordered	90.1	Very high	79.0	55.24	Exposed
COR1	P07256	48	T	False	0.123	Ordered	95.0	Very high	57.0	34.97	Exposed
COR1	P07256	50	S	False	0.128	Ordered	97.4	Very high	1.0	0.7	Buried
COR1	P07256	57	S	False	0.107	Ordered	94.8	Very high	0.0	0.0	Buried
COR1	P07256	65	Y	False	0.091	Ordered	96.2	Very high	135.0	52.94	Exposed
COR1	P07256	70	S	False	0.084	Ordered	97.9	Very high	0.0	0.0	Buried
COR1	P07256	79	S	False	0.077	Ordered	95.1	Very high	8.0	5.59	Buried
COR1	P07256	83	S	True	0.075	Ordered	95.9	Very high	42.0	29.37	Exposed
COR1	P07256	94	S	True	0.079	Ordered	97.9	Very high	37.0	25.87	Exposed
COR1	P07256	95	S	True	0.081	Ordered	97.6	Very high	16.0	11.19	Buried
COR1	P07256	98	S	True	0.081	Ordered	94.8	Very high	25.0	17.48	Buried
COR1	P07256	103	S	False	0.095	Ordered	98.0	Very high	0.0	0.0	Buried
COR1	P07256	104	Y	False	0.1	Ordered	98.0	Very high	0.0	0.0	Buried
COR1	P07256	107	S	False	0.099	Ordered	97.8	Very high	18.0	12.59	Buried
COR1	P07256	108	S	False	0.101	Ordered	97.5	Very high	8.0	5.59	Buried
COR1	P07256	112	S	True	0.093	Ordered	94.1	Very high	42.0	29.37	Exposed
COR1	P07256	113	T	False	0.097	Ordered	91.9	Very high	14.0	8.59	Buried
COR1	P07256	116	S	True	0.097	Ordered	96.6	Very high	0.0	0.0	Buried
COR1	P07256	123	S	False	0.114	Ordered	87.7	Confident	19.0	13.29	Buried
COR1	P07256	133	S	True	0.127	Ordered	90.0	Very high	44.0	30.77	Exposed
COR1	P07256	134	S	True	0.127	Ordered	88.0	Confident	92.0	64.34	Exposed
COR1	P07256	135	S	True	0.123	Ordered	91.8	Very high	90.0	62.94	Exposed
COR1	P07256	140	T	True	0.151	Ordered	97.0	Very high	11.0	6.75	Buried
COR1	P07256	143	S	False	0.157	Ordered	97.9	Very high	56.0	39.16	Exposed
COR1	P07256	166	S	False	0.093	Ordered	96.6	Very high	56.0	39.16	Exposed
COR1	P07256	167	T	False	0.088	Ordered	97.1	Very high	9.0	5.52	Buried
COR1	P07256	172	T	True	0.076	Ordered	93.3	Very high	7.0	4.29	Buried
COR1	P07256	175	S	True	0.073	Ordered	95.5	Very high	16.0	11.19	Buried
COR1	P07256	178	T	False	0.069	Ordered	96.5	Very high	28.0	17.18	Buried
COR1	P07256	181	T	False	0.064	Ordered	96.8	Very high	50.0	30.67	Exposed
COR1	P07256	184	S	False	0.053	Ordered	97.2	Very high	6.0	4.2	Buried
COR1	P07256	195	S	False	0.037	Ordered	95.6	Very high	61.0	42.66	Exposed
COR1	P07256	204	S	False	0.053	Ordered	94.4	Very high	42.0	29.37	Exposed
COR1	P07256	211	T	False	0.052	Ordered	95.9	Very high	0.0	0.0	Buried
COR1	P07256	222	S	False	0.108	Ordered	95.0	Very high	5.0	3.5	Buried
COR1	P07256	225	S	False	0.127	Ordered	93.1	Very high	94.0	65.73	Exposed
COR1	P07256	229	S	True	0.118	Ordered	90.2	Very high	58.0	40.56	Exposed
COR1	P07256	232	T	False	0.12	Ordered	92.0	Very high	111.0	68.1	Exposed
COR1	P07256	234	T	False	0.111	Ordered	90.8	Very high	128.0	78.53	Exposed
COR1	P07256	247	S	True	0.08	Ordered	97.6	Very high	13.0	9.09	Buried
COR1	P07256	255	T	False	0.053	Ordered	96.2	Very high	124.0	76.07	Exposed
COR1	P07256	262	S	False	0.053	Ordered	98.6	Very high	0.0	0.0	Buried
COR1	P07256	272	S	False	0.028	Ordered	95.5	Very high	17.0	11.89	Buried
COR1	P07256	275	Y	False	0.038	Ordered	97.2	Very high	39.0	15.29	Buried
COR1	P07256	287	S	True	0.023	Ordered	92.4	Very high	57.0	39.86	Exposed
COR1	P07256	288	Y	False	0.024	Ordered	92.1	Very high	12.0	4.71	Buried
COR1	P07256	295	S	False	0.019	Ordered	76.1	Confident	5.0	3.5	Buried
COR1	P07256	309	Y	False	0.019	Ordered	91.6	Very high	90.0	35.29	Exposed
COR1	P07256	319	S	False	0.031	Ordered	98.2	Very high	10.0	6.99	Buried
COR1	P07256	321	S	False	0.031	Ordered	95.9	Very high	19.0	13.29	Buried
COR1	P07256	322	Y	False	0.038	Ordered	93.6	Very high	19.0	7.45	Buried
COR1	P07256	325	S	False	0.044	Ordered	93.8	Very high	1.0	0.7	Buried
COR1	P07256	331	S	False	0.049	Ordered	98.3	Very high	21.0	14.69	Buried
COR1	P07256	332	T	False	0.046	Ordered	98.1	Very high	5.0	3.07	Buried
COR1	P07256	334	T	False	0.046	Ordered	97.7	Very high	1.0	0.61	Buried
COR1	P07256	338	T	False	0.035	Ordered	94.8	Very high	113.0	69.33	Exposed
COR1	P07256	347	T	False	0.025	Ordered	95.8	Very high	0.0	0.0	Buried
COR1	P07256	355	T	False	0.021	Ordered	91.5	Very high	14.0	8.59	Buried
COR1	P07256	357	S	False	0.023	Ordered	91.8	Very high	54.0	37.76	Exposed
COR1	P07256	359	T	False	0.026	Ordered	95.5	Very high	54.0	33.13	Exposed
COR1	P07256	361	T	False	0.023	Ordered	95.6	Very high	114.0	69.94	Exposed
COR1	P07256	368	S	False	0.03	Ordered	96.8	Very high	65.0	45.45	Exposed
COR1	P07256	378	Y	False	0.05	Ordered	80.2	Confident	46.0	18.04	Buried
COR1	P07256	380	S	False	0.046	Ordered	71.3	Confident	65.0	45.45	Exposed
COR1	P07256	399	S	False	0.023	Ordered	92.5	Very high	61.0	42.66	Exposed
COR1	P07256	402	S	False	0.021	Ordered	90.8	Very high	19.0	13.29	Buried
COR1	P07256	414	T	False	0.017	Ordered	98.1	Very high	65.0	39.88	Exposed
COR1	P07256	436	T	False	0.038	Ordered	97.6	Very high	1.0	0.61	Buried
COR1	P07256	445	Y	False	0.094	Ordered	96.8	Very high	30.0	11.76	Buried
COR1	P07256	450	S	False	0.105	Ordered	92.8	Very high	62.0	43.36	Exposed
COR1	P07256	453	S	False	0.106	Ordered	86.4	Confident	52.0	36.36	Exposed
ATP2	P00830	7	Y	False	0.966	Disordered	36.3	Very low	227.0	89.02	Exposed
ATP2	P00830	8	T	False	0.945	Disordered	37.0	Very low	105.0	64.42	Exposed
ATP2	P00830	10	T	False	0.928	Disordered	38.5	Very low	116.0	71.17	Exposed
ATP2	P00830	11	S	False	0.914	Disordered	46.6	Very low	94.0	65.73	Exposed
ATP2	P00830	21	S	False	0.899	Disordered	32.3	Very low	114.0	79.72	Exposed
ATP2	P00830	26	S	False	0.916	Disordered	35.4	Very low	116.0	81.12	Exposed
ATP2	P00830	27	T	True	0.932	Disordered	33.1	Very low	115.0	70.55	Exposed
ATP2	P00830	28	S	True	0.916	Disordered	34.2	Very low	91.0	63.64	Exposed
ATP2	P00830	35	S	True	0.807	Disordered	33.9	Very low	110.0	76.92	Exposed
ATP2	P00830	39	S	True	0.611	Disordered	50.2	Low	121.0	84.62	Exposed
ATP2	P00830	40	T	True	0.565	Disordered	58.2	Low	91.0	55.83	Exposed
ATP2	P00830	43	T	True	0.433	Ordered	90.6	Very high	43.0	26.38	Exposed
ATP2	P00830	47	T	False	0.304	Ordered	94.9	Very high	57.0	34.97	Exposed
ATP2	P00830	61	S	False	0.038	Ordered	73.7	Confident	116.0	81.12	Exposed
ATP2	P00830	74	T	False	0.029	Ordered	86.5	Confident	29.0	17.79	Buried
ATP2	P00830	91	T	False	0.036	Ordered	94.0	Very high	20.0	12.27	Buried
ATP2	P00830	94	T	False	0.047	Ordered	96.7	Very high	0.0	0.0	Buried
ATP2	P00830	100	T	False	0.056	Ordered	91.7	Very high	23.0	14.11	Buried
ATP2	P00830	112	T	True	0.067	Ordered	92.2	Very high	57.0	34.97	Exposed
ATP2	P00830	117	S	True	0.059	Ordered	94.9	Very high	42.0	29.37	Exposed
ATP2	P00830	124	T	True	0.062	Ordered	92.9	Very high	0.0	0.0	Buried
ATP2	P00830	144	S	True	0.132	Ordered	86.0	Confident	27.0	18.88	Buried
ATP2	P00830	156	S	False	0.138	Ordered	93.1	Very high	54.0	37.76	Exposed
ATP2	P00830	161	S	False	0.12	Ordered	86.4	Confident	45.0	31.47	Exposed
ATP2	P00830	162	T	False	0.115	Ordered	82.8	Confident	148.0	90.8	Exposed
ATP2	P00830	163	S	True	0.111	Ordered	78.4	Confident	57.0	39.86	Exposed
ATP2	P00830	169	T	False	0.071	Ordered	91.4	Very high	2.0	1.23	Buried
ATP2	P00830	180	Y	False	0.056	Ordered	94.2	Very high	2.0	0.78	Buried
ATP2	P00830	197	T	False	0.064	Ordered	83.5	Confident	60.0	36.81	Exposed
ATP2	P00830	215	S	False	0.085	Ordered	92.4	Very high	1.0	0.7	Buried
ATP2	P00830	218	T	False	0.097	Ordered	95.8	Very high	0.0	0.0	Buried
ATP2	P00830	224	T	False	0.085	Ordered	88.2	Confident	70.0	42.94	Exposed
ATP2	P00830	231	Y	False	0.067	Ordered	88.8	Confident	25.0	9.8	Buried
ATP2	P00830	237	T	True	0.041	Ordered	75.1	Confident	44.0	26.99	Exposed
ATP2	P00830	246	S	True	0.033	Ordered	86.2	Confident	11.0	7.69	Buried
ATP2	P00830	268	T	False	0.034	Ordered	96.8	Very high	0.0	0.0	Buried
ATP2	P00830	271	T	False	0.03	Ordered	97.0	Very high	1.0	0.61	Buried
ATP2	P00830	275	Y	False	0.026	Ordered	95.2	Very high	31.0	12.16	Buried
ATP2	P00830	295	T	False	0.037	Ordered	93.8	Very high	0.0	0.0	Buried
ATP2	P00830	299	S	True	0.033	Ordered	94.2	Very high	22.0	15.38	Buried
ATP2	P00830	302	S	True	0.038	Ordered	94.0	Very high	3.0	2.1	Buried
ATP2	P00830	310	S	False	0.042	Ordered	91.6	Very high	71.0	49.65	Exposed
ATP2	P00830	314	Y	False	0.039	Ordered	93.7	Very high	22.0	8.63	Buried
ATP2	P00830	317	T	True	0.038	Ordered	93.1	Very high	35.0	21.47	Exposed
ATP2	P00830	320	T	False	0.048	Ordered	93.8	Very high	75.0	46.01	Exposed
ATP2	P00830	330	T	False	0.064	Ordered	93.5	Very high	22.0	13.5	Buried
ATP2	P00830	331	T	False	0.069	Ordered	92.7	Very high	18.0	11.04	Buried
ATP2	P00830	332	T	False	0.076	Ordered	92.6	Very high	10.0	6.13	Buried
ATP2	P00830	336	S	False	0.079	Ordered	92.9	Very high	0.0	0.0	Buried
ATP2	P00830	338	T	False	0.091	Ordered	94.2	Very high	3.0	1.84	Buried
ATP2	P00830	339	S	False	0.092	Ordered	95.1	Very high	0.0	0.0	Buried
ATP2	P00830	344	Y	False	0.096	Ordered	85.6	Confident	128.0	50.2	Exposed
ATP2	P00830	351	T	False	0.078	Ordered	86.1	Confident	114.0	69.94	Exposed
ATP2	P00830	357	T	False	0.068	Ordered	91.6	Very high	30.0	18.4	Buried
ATP2	P00830	358	T	False	0.066	Ordered	91.1	Very high	2.0	1.23	Buried
ATP2	P00830	365	T	False	0.058	Ordered	92.8	Very high	12.0	7.36	Buried
ATP2	P00830	366	T	False	0.058	Ordered	94.1	Very high	1.0	0.61	Buried
ATP2	P00830	369	S	False	0.052	Ordered	90.1	Very high	31.0	21.68	Exposed
ATP2	P00830	373	S	True	0.051	Ordered	88.3	Confident	18.0	12.59	Buried
ATP2	P00830	378	Y	False	0.055	Ordered	91.6	Very high	104.0	40.78	Exposed
ATP2	P00830	386	S	False	0.07	Ordered	92.6	Very high	1.0	0.7	Buried
ATP2	P00830	388	S	False	0.071	Ordered	92.7	Very high	19.0	13.29	Buried
ATP2	P00830	401	Y	False	0.038	Ordered	95.8	Very high	88.0	34.51	Exposed
ATP2	P00830	405	S	False	0.039	Ordered	95.4	Very high	35.0	24.48	Exposed
ATP2	P00830	410	T	False	0.037	Ordered	95.1	Very high	24.0	14.72	Buried
ATP2	P00830	413	T	False	0.031	Ordered	94.4	Very high	50.0	30.67	Exposed
ATP2	P00830	414	Y	False	0.034	Ordered	94.7	Very high	27.0	10.59	Buried
ATP2	P00830	416	S	False	0.028	Ordered	92.6	Very high	70.0	48.95	Exposed
ATP2	P00830	430	S	False	0.04	Ordered	92.1	Very high	53.0	37.06	Exposed
ATP2	P00830	436	T	False	0.044	Ordered	92.3	Very high	38.0	23.31	Exposed
ATP2	P00830	448	S	False	0.022	Ordered	93.5	Very high	0.0	0.0	Buried
ATP2	P00830	458	T	False	0.023	Ordered	82.1	Confident	58.0	35.58	Exposed
ATP2	P00830	470	T	True	0.019	Ordered	93.6	Very high	0.0	0.0	Buried
ATP2	P00830	473	S	False	0.023	Ordered	93.5	Very high	6.0	4.2	Buried
ATP2	P00830	482	Y	False	0.023	Ordered	88.5	Confident	54.0	21.18	Exposed
ATP2	P00830	491	Y	False	0.029	Ordered	92.1	Very high	80.0	31.37	Exposed
KGD1	P20967	6	S	False	0.973	Disordered	29.1	Very low	100.0	69.93	Exposed
KGD1	P20967	7	S	False	0.962	Disordered	30.5	Very low	111.0	77.62	Exposed
KGD1	P20967	9	T	False	0.955	Disordered	31.4	Very low	134.0	82.21	Exposed
KGD1	P20967	12	Y	False	0.956	Disordered	39.7	Very low	229.0	89.8	Exposed
KGD1	P20967	13	S	False	0.956	Disordered	31.9	Very low	114.0	79.72	Exposed
KGD1	P20967	14	S	False	0.934	Disordered	38.5	Very low	124.0	86.71	Exposed
KGD1	P20967	20	T	False	0.895	Disordered	38.2	Very low	128.0	78.53	Exposed
KGD1	P20967	21	S	False	0.903	Disordered	37.9	Very low	94.0	65.73	Exposed
KGD1	P20967	27	S	False	0.864	Disordered	33.9	Very low	104.0	72.73	Exposed
KGD1	P20967	28	T	False	0.857	Disordered	29.5	Very low	144.0	88.34	Exposed
KGD1	P20967	38	T	False	0.737	Disordered	31.5	Very low	123.0	75.46	Exposed
KGD1	P20967	39	T	False	0.71	Disordered	38.3	Very low	108.0	66.26	Exposed
KGD1	P20967	41	T	False	0.686	Disordered	51.5	Low	88.0	53.99	Exposed
KGD1	P20967	46	S	False	0.549	Disordered	66.0	Low	44.0	30.77	Exposed
KGD1	P20967	47	T	False	0.515	Disordered	68.6	Low	137.0	84.05	Exposed
KGD1	P20967	48	S	False	0.458	Ordered	74.4	Confident	98.0	68.53	Exposed
KGD1	P20967	51	T	True	0.376	Ordered	82.9	Confident	103.0	63.19	Exposed
KGD1	P20967	52	Y	False	0.355	Ordered	85.9	Confident	122.0	47.84	Exposed
KGD1	P20967	57	Y	False	0.264	Ordered	91.2	Very high	88.0	34.51	Exposed
KGD1	P20967	65	S	False	0.136	Ordered	90.6	Very high	96.0	67.13	Exposed
KGD1	P20967	66	S	False	0.135	Ordered	90.4	Very high	65.0	45.45	Exposed
KGD1	P20967	70	S	False	0.135	Ordered	82.8	Confident	28.0	19.58	Buried
KGD1	P20967	74	Y	False	0.158	Ordered	84.2	Confident	9.0	3.53	Buried
KGD1	P20967	79	S	True	0.203	Ordered	75.9	Confident	80.0	55.94	Exposed
KGD1	P20967	86	T	True	0.238	Ordered	63.4	Low	95.0	58.28	Exposed
KGD1	P20967	94	S	False	0.288	Ordered	44.2	Very low	61.0	42.66	Exposed
KGD1	P20967	96	S	False	0.311	Ordered	33.8	Very low	101.0	70.63	Exposed
KGD1	P20967	102	T	False	0.333	Ordered	37.0	Very low	104.0	63.8	Exposed
KGD1	P20967	109	T	False	0.341	Ordered	43.2	Very low	127.0	77.91	Exposed
KGD1	P20967	112	T	False	0.3	Ordered	40.1	Very low	139.0	85.28	Exposed
KGD1	P20967	114	S	False	0.266	Ordered	53.4	Low	136.0	95.1	Exposed
KGD1	P20967	120	S	False	0.168	Ordered	87.1	Confident	49.0	34.27	Exposed
KGD1	P20967	132	Y	False	0.047	Ordered	95.8	Very high	5.0	1.96	Buried
KGD1	P20967	148	S	False	0.081	Ordered	87.9	Confident	24.0	16.78	Buried
KGD1	P20967	151	S	True	0.074	Ordered	82.0	Confident	31.0	21.68	Exposed
KGD1	P20967	162	T	False	0.084	Ordered	92.4	Very high	36.0	22.09	Exposed
KGD1	P20967	165	Y	False	0.075	Ordered	92.3	Very high	105.0	41.18	Exposed
KGD1	P20967	166	Y	False	0.071	Ordered	93.2	Very high	27.0	10.59	Buried
KGD1	P20967	169	S	False	0.059	Ordered	90.2	Very high	50.0	34.97	Exposed
KGD1	P20967	193	S	False	0.07	Ordered	86.5	Confident	85.0	59.44	Exposed
KGD1	P20967	196	S	False	0.071	Ordered	94.6	Very high	19.0	13.29	Buried
KGD1	P20967	208	Y	False	0.039	Ordered	94.3	Very high	1.0	0.39	Buried
KGD1	P20967	210	S	False	0.042	Ordered	92.5	Very high	28.0	19.58	Buried
KGD1	P20967	211	S	False	0.042	Ordered	95.1	Very high	22.0	15.38	Buried
KGD1	P20967	212	Y	False	0.045	Ordered	96.4	Very high	4.0	1.57	Buried
KGD1	P20967	216	Y	False	0.06	Ordered	96.6	Very high	1.0	0.39	Buried
KGD1	P20967	217	T	False	0.062	Ordered	95.5	Very high	34.0	20.86	Exposed
KGD1	P20967	221	S	False	0.065	Ordered	96.6	Very high	44.0	30.77	Exposed
KGD1	P20967	238	Y	False	0.048	Ordered	91.3	Very high	52.0	20.39	Exposed
KGD1	P20967	240	Y	False	0.046	Ordered	95.2	Very high	38.0	14.9	Buried
KGD1	P20967	241	T	False	0.048	Ordered	95.9	Very high	80.0	49.08	Exposed
KGD1	P20967	253	T	False	0.037	Ordered	98.0	Very high	0.0	0.0	Buried
KGD1	P20967	256	T	False	0.043	Ordered	97.3	Very high	13.0	7.98	Buried
KGD1	P20967	257	S	False	0.044	Ordered	97.0	Very high	14.0	9.79	Buried
KGD1	P20967	260	S	False	0.062	Ordered	95.4	Very high	42.0	29.37	Exposed
KGD1	P20967	263	S	False	0.071	Ordered	92.6	Very high	40.0	27.97	Exposed
KGD1	P20967	264	T	False	0.072	Ordered	94.6	Very high	89.0	54.6	Exposed
KGD1	P20967	279	S	False	0.061	Ordered	98.1	Very high	0.0	0.0	Buried
KGD1	P20967	286	T	False	0.032	Ordered	96.6	Very high	20.0	12.27	Buried
KGD1	P20967	291	S	False	0.023	Ordered	97.3	Very high	6.0	4.2	Buried
KGD1	P20967	313	S	True	0.064	Ordered	92.6	Very high	9.0	6.29	Buried
KGD1	P20967	322	S	True	0.098	Ordered	85.8	Confident	0.0	0.0	Buried
KGD1	P20967	325	S	True	0.121	Ordered	85.5	Confident	14.0	9.79	Buried
KGD1	P20967	330	S	False	0.148	Ordered	52.0	Low	96.0	67.13	Exposed
KGD1	P20967	331	S	True	0.143	Ordered	40.4	Very low	116.0	81.12	Exposed
KGD1	P20967	339	S	False	0.134	Ordered	54.2	Low	26.0	18.18	Buried
KGD1	P20967	344	Y	False	0.098	Ordered	78.2	Confident	13.0	5.1	Buried
KGD1	P20967	350	Y	False	0.059	Ordered	83.0	Confident	105.0	41.18	Exposed
KGD1	P20967	354	T	False	0.047	Ordered	86.6	Confident	13.0	7.98	Buried
KGD1	P20967	355	T	False	0.046	Ordered	83.3	Confident	72.0	44.17	Exposed
KGD1	P20967	356	S	False	0.046	Ordered	82.9	Confident	56.0	39.16	Exposed
KGD1	P20967	359	Y	False	0.054	Ordered	91.1	Very high	146.0	57.25	Exposed
KGD1	P20967	363	S	False	0.059	Ordered	90.8	Very high	4.0	2.8	Buried
KGD1	P20967	369	S	False	0.043	Ordered	95.6	Very high	83.0	58.04	Exposed
KGD1	P20967	373	S	False	0.037	Ordered	98.1	Very high	0.0	0.0	Buried
KGD1	P20967	382	T	False	0.031	Ordered	98.1	Very high	0.0	0.0	Buried
KGD1	P20967	396	T	False	0.014	Ordered	96.6	Very high	40.0	24.54	Exposed
KGD1	P20967	416	Y	False	0.021	Ordered	97.3	Very high	140.0	54.9	Exposed
KGD1	P20967	418	T	False	0.02	Ordered	98.0	Very high	2.0	1.23	Buried
KGD1	P20967	423	T	False	0.023	Ordered	92.9	Very high	109.0	66.87	Exposed
KGD1	P20967	427	Y	False	0.021	Ordered	98.1	Very high	3.0	1.18	Buried
KGD1	P20967	428	S	False	0.024	Ordered	97.2	Very high	8.0	5.59	Buried
KGD1	P20967	429	T	False	0.026	Ordered	97.7	Very high	1.0	0.61	Buried
KGD1	P20967	432	T	False	0.037	Ordered	98.4	Very high	0.0	0.0	Buried
KGD1	P20967	437	T	False	0.049	Ordered	98.1	Very high	5.0	3.07	Buried
KGD1	P20967	444	T	False	0.054	Ordered	96.6	Very high	51.0	31.29	Exposed
KGD1	P20967	445	T	False	0.055	Ordered	95.8	Very high	58.0	35.58	Exposed
KGD1	P20967	452	S	True	0.055	Ordered	94.8	Very high	135.0	94.41	Exposed
KGD1	P20967	453	T	True	0.054	Ordered	93.8	Very high	65.0	39.88	Exposed
KGD1	P20967	455	Y	False	0.049	Ordered	96.2	Very high	2.0	0.78	Buried
KGD1	P20967	457	S	True	0.053	Ordered	97.7	Very high	0.0	0.0	Buried
KGD1	P20967	479	T	False	0.008	Ordered	98.1	Very high	5.0	3.07	Buried
KGD1	P20967	494	T	False	0.02	Ordered	96.9	Very high	19.0	11.66	Buried
KGD1	P20967	511	T	False	0.128	Ordered	88.8	Confident	87.0	53.37	Exposed
KGD1	P20967	515	S	False	0.145	Ordered	95.3	Very high	54.0	37.76	Exposed
KGD1	P20967	517	T	True	0.129	Ordered	96.4	Very high	67.0	41.1	Exposed
KGD1	P20967	522	Y	False	0.089	Ordered	96.6	Very high	17.0	6.67	Buried
KGD1	P20967	530	S	True	0.038	Ordered	95.8	Very high	31.0	21.68	Exposed
KGD1	P20967	535	Y	False	0.051	Ordered	97.6	Very high	4.0	1.57	Buried
KGD1	P20967	536	T	False	0.058	Ordered	97.6	Very high	12.0	7.36	Buried
KGD1	P20967	541	S	False	0.067	Ordered	96.2	Very high	98.0	68.53	Exposed
KGD1	P20967	544	T	False	0.066	Ordered	95.1	Very high	30.0	18.4	Buried
KGD1	P20967	546	S	True	0.071	Ordered	95.4	Very high	53.0	37.06	Exposed
KGD1	P20967	571	Y	False	0.04	Ordered	83.8	Confident	64.0	25.1	Exposed
KGD1	P20967	574	S	False	0.047	Ordered	72.9	Confident	56.0	39.16	Exposed
KGD1	P20967	580	T	False	0.069	Ordered	59.2	Low	1.0	0.61	Buried
KGD1	P20967	588	S	False	0.088	Ordered	80.4	Confident	36.0	25.17	Exposed
KGD1	P20967	594	T	False	0.119	Ordered	84.6	Confident	100.0	61.35	Exposed
KGD1	P20967	602	T	False	0.122	Ordered	97.8	Very high	11.0	6.75	Buried
KGD1	P20967	607	S	False	0.115	Ordered	96.5	Very high	83.0	58.04	Exposed
KGD1	P20967	608	T	False	0.111	Ordered	96.2	Very high	39.0	23.93	Exposed
KGD1	P20967	617	S	False	0.069	Ordered	95.7	Very high	28.0	19.58	Buried
KGD1	P20967	618	S	False	0.064	Ordered	93.6	Very high	44.0	30.77	Exposed
KGD1	P20967	639	S	False	0.082	Ordered	97.1	Very high	16.0	11.19	Buried
KGD1	P20967	642	T	False	0.085	Ordered	96.2	Very high	80.0	49.08	Exposed
KGD1	P20967	650	T	False	0.068	Ordered	97.9	Very high	1.0	0.61	Buried
KGD1	P20967	658	T	False	0.039	Ordered	97.2	Very high	2.0	1.23	Buried
KGD1	P20967	669	S	False	0.064	Ordered	98.5	Very high	0.0	0.0	Buried
KGD1	P20967	677	T	False	0.084	Ordered	97.2	Very high	23.0	14.11	Buried
KGD1	P20967	679	S	False	0.093	Ordered	96.7	Very high	50.0	34.97	Exposed
KGD1	P20967	690	S	False	0.077	Ordered	95.7	Very high	77.0	53.85	Exposed
KGD1	P20967	694	Y	False	0.085	Ordered	96.3	Very high	37.0	14.51	Buried
KGD1	P20967	695	T	False	0.085	Ordered	96.4	Very high	22.0	13.5	Buried
KGD1	P20967	698	S	False	0.076	Ordered	93.6	Very high	69.0	48.25	Exposed
KGD1	P20967	699	T	False	0.069	Ordered	92.0	Very high	64.0	39.26	Exposed
KGD1	P20967	708	T	False	0.051	Ordered	96.4	Very high	29.0	17.79	Buried
KGD1	P20967	712	S	False	0.042	Ordered	98.0	Very high	21.0	14.69	Buried
KGD1	P20967	713	S	False	0.033	Ordered	96.0	Very high	37.0	25.87	Exposed
KGD1	P20967	715	S	False	0.035	Ordered	97.4	Very high	8.0	5.59	Buried
KGD1	P20967	717	Y	False	0.033	Ordered	98.5	Very high	29.0	11.37	Buried
KGD1	P20967	724	Y	False	0.022	Ordered	98.4	Very high	4.0	1.57	Buried
KGD1	P20967	726	Y	False	0.017	Ordered	97.6	Very high	5.0	1.96	Buried
KGD1	P20967	727	S	False	0.015	Ordered	96.6	Very high	3.0	2.1	Buried
KGD1	P20967	729	T	False	0.014	Ordered	90.9	Very high	22.0	13.5	Buried
KGD1	P20967	730	S	False	0.014	Ordered	90.0	Very high	21.0	14.69	Buried
KGD1	P20967	733	Y	False	0.011	Ordered	94.6	Very high	19.0	7.45	Buried
KGD1	P20967	747	T	False	0.01	Ordered	97.4	Very high	64.0	39.26	Exposed
KGD1	P20967	767	S	False	0.105	Ordered	94.7	Very high	4.0	2.8	Buried
KGD1	P20967	772	S	False	0.117	Ordered	98.8	Very high	2.0	1.4	Buried
KGD1	P20967	777	Y	False	0.115	Ordered	97.1	Very high	2.0	0.78	Buried
KGD1	P20967	785	S	False	0.136	Ordered	97.7	Very high	0.0	0.0	Buried
KGD1	P20967	786	S	False	0.139	Ordered	97.8	Very high	0.0	0.0	Buried
KGD1	P20967	802	Y	False	0.097	Ordered	94.4	Very high	150.0	58.82	Exposed
KGD1	P20967	805	S	False	0.111	Ordered	95.1	Very high	64.0	44.76	Exposed
KGD1	P20967	822	Y	False	0.065	Ordered	98.4	Very high	1.0	0.39	Buried
KGD1	P20967	824	T	False	0.058	Ordered	98.1	Very high	3.0	1.84	Buried
KGD1	P20967	825	T	False	0.056	Ordered	97.9	Very high	18.0	11.04	Buried
KGD1	P20967	850	S	True	0.086	Ordered	97.6	Very high	0.0	0.0	Buried
KGD1	P20967	861	S	False	0.095	Ordered	97.6	Very high	3.0	2.1	Buried
KGD1	P20967	862	S	False	0.093	Ordered	97.2	Very high	33.0	23.08	Exposed
KGD1	P20967	864	S	False	0.097	Ordered	97.2	Very high	57.0	39.86	Exposed
KGD1	P20967	867	T	False	0.103	Ordered	97.8	Very high	21.0	12.88	Buried
KGD1	P20967	883	S	False	0.08	Ordered	94.2	Very high	58.0	40.56	Exposed
KGD1	P20967	886	T	False	0.085	Ordered	97.0	Very high	53.0	32.52	Exposed
KGD1	P20967	890	T	False	0.08	Ordered	97.9	Very high	0.0	0.0	Buried
KGD1	P20967	897	S	False	0.069	Ordered	98.2	Very high	6.0	4.2	Buried
KGD1	P20967	901	Y	True	0.083	Ordered	97.4	Very high	13.0	5.1	Buried
KGD1	P20967	902	T	False	0.087	Ordered	96.4	Very high	10.0	6.13	Buried
KGD1	P20967	910	S	True	0.091	Ordered	95.9	Very high	77.0	53.85	Exposed
KGD1	P20967	915	T	False	0.096	Ordered	97.1	Very high	62.0	38.04	Exposed
KGD1	P20967	916	T	False	0.091	Ordered	98.0	Very high	0.0	0.0	Buried
KGD1	P20967	935	S	False	0.078	Ordered	96.4	Very high	15.0	10.49	Buried
KGD1	P20967	938	S	False	0.083	Ordered	96.3	Very high	42.0	29.37	Exposed
KGD1	P20967	939	Y	False	0.087	Ordered	96.9	Very high	0.0	0.0	Buried
KGD1	P20967	957	S	False	0.128	Ordered	97.6	Very high	1.0	0.7	Buried
KGD1	P20967	960	Y	False	0.128	Ordered	97.8	Very high	19.0	7.45	Buried
KGD1	P20967	961	T	False	0.131	Ordered	97.6	Very high	0.0	0.0	Buried
KGD1	P20967	967	T	False	0.121	Ordered	97.0	Very high	10.0	6.13	Buried
KGD1	P20967	968	T	False	0.116	Ordered	97.6	Very high	0.0	0.0	Buried
KGD1	P20967	972	T	False	0.135	Ordered	96.9	Very high	0.0	0.0	Buried
KGD1	P20967	975	Y	False	0.162	Ordered	96.2	Very high	7.0	2.75	Buried
KGD1	P20967	982	Y	False	0.254	Ordered	97.3	Very high	44.0	17.25	Buried
KGD1	P20967	988	S	True	0.322	Ordered	93.8	Very high	46.0	32.17	Exposed
KGD1	P20967	995	S	True	0.398	Ordered	93.6	Very high	52.0	36.36	Exposed
KGD1	P20967	997	S	True	0.419	Ordered	96.1	Very high	91.0	63.64	Exposed
KGD1	P20967	1014	S	False	0.402	Ordered	66.8	Low	182.0	127.27	Exposed
PDA1	P16387	5	S	False	0.961	Disordered	40.4	Very low	116.0	81.12	Exposed
PDA1	P16387	11	S	False	0.974	Disordered	35.2	Very low	90.0	62.94	Exposed
PDA1	P16387	23	T	False	0.932	Disordered	30.7	Very low	138.0	84.66	Exposed
PDA1	P16387	25	T	False	0.948	Disordered	27.9	Very low	133.0	81.6	Exposed
PDA1	P16387	32	T	True	0.917	Disordered	29.7	Very low	122.0	74.85	Exposed
PDA1	P16387	35	T	False	0.85	Disordered	30.4	Very low	140.0	85.89	Exposed
PDA1	P16387	38	T	False	0.807	Disordered	32.1	Very low	132.0	80.98	Exposed
PDA1	P16387	39	T	False	0.78	Disordered	30.9	Very low	134.0	82.21	Exposed
PDA1	P16387	50	S	True	0.428	Ordered	63.7	Low	83.0	58.04	Exposed
PDA1	P16387	52	T	False	0.372	Ordered	94.1	Very high	61.0	37.42	Exposed
PDA1	P16387	60	S	False	0.141	Ordered	96.1	Very high	97.0	67.83	Exposed
PDA1	P16387	61	S	False	0.125	Ordered	98.2	Very high	1.0	0.7	Buried
PDA1	P16387	64	S	False	0.086	Ordered	98.1	Very high	49.0	34.27	Exposed
PDA1	P16387	65	Y	False	0.077	Ordered	98.6	Very high	67.0	26.27	Exposed
PDA1	P16387	73	S	False	0.047	Ordered	97.8	Very high	49.0	34.27	Exposed
PDA1	P16387	74	Y	False	0.041	Ordered	97.4	Very high	15.0	5.88	Buried
PDA1	P16387	76	T	False	0.042	Ordered	96.0	Very high	10.0	6.13	Buried
PDA1	P16387	77	S	False	0.039	Ordered	96.5	Very high	34.0	23.78	Exposed
PDA1	P16387	80	T	False	0.027	Ordered	97.1	Very high	36.0	22.09	Exposed
PDA1	P16387	85	Y	False	0.014	Ordered	98.7	Very high	2.0	0.78	Buried
PDA1	P16387	102	Y	True	0.0	Ordered	98.2	Very high	44.0	17.25	Buried
PDA1	P16387	114	S	False	0.004	Ordered	98.1	Very high	9.0	6.29	Buried
PDA1	P16387	129	T	False	0.0	Ordered	98.0	Very high	64.0	39.26	Exposed
PDA1	P16387	133	S	True	0.0	Ordered	98.8	Very high	2.0	1.4	Buried
PDA1	P16387	136	T	False	0.0	Ordered	98.9	Very high	0.0	0.0	Buried
PDA1	P16387	137	S	True	0.0	Ordered	98.5	Very high	13.0	9.09	Buried
PDA1	P16387	138	Y	False	0.006	Ordered	98.5	Very high	39.0	15.29	Buried
PDA1	P16387	144	T	False	0.005	Ordered	98.6	Very high	0.0	0.0	Buried
PDA1	P16387	150	S	False	0.007	Ordered	98.1	Very high	41.0	28.67	Exposed
PDA1	P16387	166	S	True	0.038	Ordered	96.8	Very high	23.0	16.08	Buried
PDA1	P16387	167	Y	False	0.036	Ordered	96.8	Very high	118.0	46.27	Exposed
PDA1	P16387	172	S	False	0.043	Ordered	98.5	Very high	6.0	4.2	Buried
PDA1	P16387	176	Y	False	0.032	Ordered	98.2	Very high	110.0	43.14	Exposed
PDA1	P16387	181	Y	False	0.024	Ordered	98.7	Very high	103.0	40.39	Exposed
PDA1	P16387	203	Y	False	0.011	Ordered	98.5	Very high	180.0	70.59	Exposed
PDA1	P16387	210	S	False	0.025	Ordered	98.9	Very high	0.0	0.0	Buried
PDA1	P16387	212	T	False	0.026	Ordered	98.9	Very high	0.0	0.0	Buried
PDA1	P16387	214	Y	False	0.025	Ordered	98.9	Very high	2.0	0.78	Buried
PDA1	P16387	219	S	False	0.022	Ordered	98.3	Very high	3.0	2.1	Buried
PDA1	P16387	227	S	False	0.019	Ordered	98.8	Very high	1.0	0.7	Buried
PDA1	P16387	247	Y	False	0.052	Ordered	98.5	Very high	22.0	8.63	Buried
PDA1	P16387	251	T	True	0.061	Ordered	98.1	Very high	52.0	31.9	Exposed
PDA1	P16387	254	S	True	0.062	Ordered	96.8	Very high	98.0	68.53	Exposed
PDA1	P16387	256	S	True	0.065	Ordered	97.9	Very high	43.0	30.07	Exposed
PDA1	P16387	257	S	False	0.068	Ordered	98.1	Very high	8.0	5.59	Buried
PDA1	P16387	260	T	False	0.059	Ordered	98.1	Very high	64.0	39.26	Exposed
PDA1	P16387	262	Y	False	0.049	Ordered	98.8	Very high	0.0	0.0	Buried
PDA1	P16387	268	Y	False	0.024	Ordered	96.8	Very high	90.0	35.29	Exposed
PDA1	P16387	283	Y	False	0.006	Ordered	98.7	Very high	26.0	10.2	Buried
PDA1	P16387	286	S	False	0.012	Ordered	98.8	Very high	0.0	0.0	Buried
PDA1	P16387	295	S	False	0.021	Ordered	97.6	Very high	68.0	47.55	Exposed
PDA1	P16387	304	Y	False	0.063	Ordered	98.8	Very high	0.0	0.0	Buried
PDA1	P16387	306	T	False	0.069	Ordered	98.8	Very high	1.0	0.61	Buried
PDA1	P16387	307	Y	False	0.07	Ordered	98.6	Very high	4.0	1.57	Buried
PDA1	P16387	309	Y	True	0.062	Ordered	97.2	Very high	12.0	4.71	Buried
PDA1	P16387	313	S	True	0.069	Ordered	96.9	Very high	11.0	7.69	Buried
PDA1	P16387	315	S	True	0.066	Ordered	93.5	Very high	92.0	64.34	Exposed
PDA1	P16387	319	T	True	0.078	Ordered	92.7	Very high	69.0	42.33	Exposed
PDA1	P16387	320	T	True	0.083	Ordered	94.3	Very high	124.0	76.07	Exposed
PDA1	P16387	321	Y	True	0.083	Ordered	96.3	Very high	39.0	15.29	Buried
PDA1	P16387	323	T	False	0.084	Ordered	96.5	Very high	82.0	50.31	Exposed
PDA1	P16387	332	S	True	0.049	Ordered	96.2	Very high	72.0	50.35	Exposed
PDA1	P16387	351	T	False	0.038	Ordered	97.6	Very high	77.0	47.24	Exposed
PDA1	P16387	358	Y	False	0.065	Ordered	96.2	Very high	56.0	21.96	Exposed
PDA1	P16387	361	S	True	0.08	Ordered	97.8	Very high	60.0	41.96	Exposed
PDA1	P16387	365	Y	False	0.091	Ordered	98.6	Very high	64.0	25.1	Exposed
PDA1	P16387	384	S	False	0.098	Ordered	90.4	Very high	43.0	30.07	Exposed
PDA1	P16387	391	Y	False	0.092	Ordered	94.1	Very high	83.0	32.55	Exposed
PDA1	P16387	395	T	True	0.103	Ordered	94.7	Very high	93.0	57.06	Exposed
PDA1	P16387	397	T	True	0.113	Ordered	93.0	Very high	61.0	37.42	Exposed
PDA1	P16387	399	T	False	0.129	Ordered	94.6	Very high	61.0	37.42	Exposed
PDA1	P16387	408	T	False	0.222	Ordered	94.1	Very high	22.0	13.5	Buried
PDA1	P16387	418	S	False	0.174	Ordered	88.8	Confident	75.0	52.45	Exposed
KGD2	P19262	3	S	False	0.882	Disordered	54.8	Low	92.0	64.34	Exposed
KGD2	P19262	6	T	False	0.867	Disordered	52.3	Low	101.0	61.96	Exposed
KGD2	P19262	8	T	False	0.872	Disordered	53.6	Low	95.0	58.28	Exposed
KGD2	P19262	13	S	False	0.884	Disordered	48.0	Very low	77.0	53.85	Exposed
KGD2	P19262	17	S	True	0.918	Disordered	48.7	Very low	43.0	30.07	Exposed
KGD2	P19262	27	S	True	0.917	Disordered	36.8	Very low	87.0	60.84	Exposed
KGD2	P19262	34	S	True	0.93	Disordered	34.6	Very low	111.0	77.62	Exposed
KGD2	P19262	35	T	True	0.928	Disordered	36.4	Very low	143.0	87.73	Exposed
KGD2	P19262	36	S	False	0.899	Disordered	36.2	Very low	112.0	78.32	Exposed
KGD2	P19262	46	S	True	0.952	Disordered	34.4	Very low	112.0	78.32	Exposed
KGD2	P19262	49	S	False	0.967	Disordered	33.3	Very low	101.0	70.63	Exposed
KGD2	P19262	51	Y	True	0.968	Disordered	37.3	Very low	213.0	83.53	Exposed
KGD2	P19262	53	S	True	0.957	Disordered	40.0	Very low	113.0	79.02	Exposed
KGD2	P19262	58	S	False	0.95	Disordered	34.7	Very low	112.0	78.32	Exposed
KGD2	P19262	65	S	False	0.969	Disordered	41.2	Very low	100.0	69.93	Exposed
KGD2	P19262	67	T	False	0.97	Disordered	39.3	Very low	122.0	74.85	Exposed
KGD2	P19262	68	S	False	0.959	Disordered	45.8	Very low	98.0	68.53	Exposed
KGD2	P19262	73	S	True	0.975	Disordered	74.9	Confident	56.0	39.16	Exposed
KGD2	P19262	74	T	True	0.976	Disordered	80.1	Confident	46.0	28.22	Exposed
KGD2	P19262	75	S	False	0.954	Disordered	81.8	Confident	35.0	24.48	Exposed
KGD2	P19262	84	S	False	0.916	Disordered	72.4	Confident	81.0	56.64	Exposed
KGD2	P19262	86	T	False	0.911	Disordered	73.2	Confident	109.0	66.87	Exposed
KGD2	P19262	89	S	False	0.889	Disordered	81.9	Confident	14.0	9.79	Buried
KGD2	P19262	93	Y	False	0.898	Disordered	84.2	Confident	34.0	13.33	Buried
KGD2	P19262	94	T	False	0.9	Disordered	82.3	Confident	72.0	44.17	Exposed
KGD2	P19262	109	T	False	0.871	Disordered	85.4	Confident	14.0	8.59	Buried
KGD2	P19262	112	T	False	0.909	Disordered	83.1	Confident	10.0	6.13	Buried
KGD2	P19262	121	S	True	0.949	Disordered	82.0	Confident	1.0	0.7	Buried
KGD2	P19262	124	S	False	0.962	Disordered	82.9	Confident	44.0	30.77	Exposed
KGD2	P19262	126	T	False	0.95	Disordered	81.3	Confident	52.0	31.9	Exposed
KGD2	P19262	128	T	False	0.953	Disordered	77.4	Confident	50.0	30.67	Exposed
KGD2	P19262	137	T	False	0.959	Disordered	78.2	Confident	60.0	36.81	Exposed
KGD2	P19262	139	T	False	0.955	Disordered	80.4	Confident	54.0	33.13	Exposed
KGD2	P19262	157	S	False	0.988	Disordered	32.1	Very low	130.0	90.91	Exposed
KGD2	P19262	160	S	False	0.996	Disordered	37.2	Very low	111.0	77.62	Exposed
KGD2	P19262	165	T	False	0.999	Disordered	42.8	Very low	142.0	87.12	Exposed
KGD2	P19262	171	S	False	0.989	Disordered	37.4	Very low	117.0	81.82	Exposed
KGD2	P19262	180	S	True	0.985	Disordered	37.6	Very low	111.0	77.62	Exposed
KGD2	P19262	181	S	True	0.981	Disordered	39.9	Very low	104.0	72.73	Exposed
KGD2	P19262	184	T	False	0.981	Disordered	39.0	Very low	122.0	74.85	Exposed
KGD2	P19262	186	S	True	0.987	Disordered	41.2	Very low	119.0	83.22	Exposed
KGD2	P19262	203	T	True	0.981	Disordered	50.4	Low	140.0	85.89	Exposed
KGD2	P19262	214	T	True	0.948	Disordered	43.8	Very low	139.0	85.28	Exposed
KGD2	P19262	216	S	True	0.936	Disordered	43.8	Very low	112.0	78.32	Exposed
KGD2	P19262	225	S	True	0.777	Disordered	55.5	Low	109.0	76.22	Exposed
KGD2	P19262	227	S	True	0.718	Disordered	57.3	Low	99.0	69.23	Exposed
KGD2	P19262	229	T	False	0.652	Disordered	63.5	Low	72.0	44.17	Exposed
KGD2	P19262	234	T	False	0.463	Ordered	88.9	Confident	117.0	71.78	Exposed
KGD2	P19262	236	T	True	0.403	Ordered	90.9	Very high	126.0	77.3	Exposed
KGD2	P19262	254	S	False	0.134	Ordered	91.8	Very high	2.0	1.4	Buried
KGD2	P19262	257	T	False	0.138	Ordered	91.9	Very high	70.0	42.94	Exposed
KGD2	P19262	260	S	False	0.126	Ordered	94.0	Very high	56.0	39.16	Exposed
KGD2	P19262	262	T	False	0.116	Ordered	97.1	Very high	34.0	20.86	Exposed
KGD2	P19262	263	T	False	0.111	Ordered	96.6	Very high	25.0	15.34	Buried
KGD2	P19262	270	S	False	0.066	Ordered	96.2	Very high	20.0	13.99	Buried
KGD2	P19262	279	Y	False	0.049	Ordered	93.6	Very high	113.0	44.31	Exposed
KGD2	P19262	287	T	False	0.049	Ordered	89.9	Confident	73.0	44.79	Exposed
KGD2	P19262	289	T	False	0.051	Ordered	88.7	Confident	2.0	1.23	Buried
KGD2	P19262	298	S	False	0.05	Ordered	97.1	Very high	0.0	0.0	Buried
KGD2	P19262	302	T	False	0.047	Ordered	96.2	Very high	0.0	0.0	Buried
KGD2	P19262	322	Y	False	0.038	Ordered	95.6	Very high	130.0	50.98	Exposed
KGD2	P19262	325	Y	False	0.035	Ordered	95.8	Very high	96.0	37.65	Exposed
KGD2	P19262	326	T	False	0.032	Ordered	96.6	Very high	8.0	4.91	Buried
KGD2	P19262	329	S	False	0.035	Ordered	97.2	Very high	2.0	1.4	Buried
KGD2	P19262	334	T	False	0.035	Ordered	89.2	Confident	24.0	14.72	Buried
KGD2	P19262	340	T	True	0.034	Ordered	93.8	Very high	28.0	17.18	Buried
KGD2	P19262	348	S	False	0.026	Ordered	95.2	Very high	85.0	59.44	Exposed
KGD2	P19262	350	S	False	0.028	Ordered	94.2	Very high	53.0	37.06	Exposed
KGD2	P19262	362	S	False	0.052	Ordered	92.4	Very high	22.0	15.38	Buried
KGD2	P19262	371	T	False	0.071	Ordered	93.1	Very high	66.0	40.49	Exposed
KGD2	P19262	376	T	False	0.091	Ordered	91.6	Very high	62.0	38.04	Exposed
KGD2	P19262	379	T	False	0.106	Ordered	96.3	Very high	2.0	1.23	Buried
KGD2	P19262	381	T	False	0.11	Ordered	97.3	Very high	7.0	4.29	Buried
KGD2	P19262	383	S	False	0.107	Ordered	95.3	Very high	37.0	25.87	Exposed
KGD2	P19262	390	S	False	0.086	Ordered	89.2	Confident	43.0	30.07	Exposed
KGD2	P19262	392	Y	False	0.074	Ordered	87.4	Confident	133.0	52.16	Exposed
KGD2	P19262	394	T	False	0.074	Ordered	94.5	Very high	91.0	55.83	Exposed
KGD2	P19262	399	S	False	0.067	Ordered	89.8	Confident	53.0	37.06	Exposed
KGD2	P19262	402	T	False	0.075	Ordered	95.9	Very high	2.0	1.23	Buried
KGD2	P19262	416	T	False	0.051	Ordered	94.1	Very high	101.0	61.96	Exposed
KGD2	P19262	423	S	False	0.035	Ordered	95.6	Very high	77.0	53.85	Exposed
KGD2	P19262	428	Y	False	0.025	Ordered	96.4	Very high	53.0	20.78	Exposed
KGD2	P19262	432	T	False	0.019	Ordered	97.3	Very high	4.0	2.45	Buried
KGD2	P19262	433	Y	False	0.017	Ordered	96.9	Very high	4.0	1.57	Buried
KGD2	P19262	445	T	False	0.022	Ordered	97.3	Very high	58.0	35.58	Exposed
KGD2	P19262	449	T	True	0.034	Ordered	97.0	Very high	32.0	19.63	Buried
ATP1	P07251	5	T	False	0.975	Disordered	35.8	Very low	136.0	83.44	Exposed
ATP1	P07251	10	S	False	0.98	Disordered	41.8	Very low	93.0	65.03	Exposed
ATP1	P07251	12	S	False	0.983	Disordered	41.0	Very low	90.0	62.94	Exposed
ATP1	P07251	14	T	False	0.974	Disordered	40.9	Very low	111.0	68.1	Exposed
ATP1	P07251	18	S	False	0.961	Disordered	37.7	Very low	106.0	74.13	Exposed
ATP1	P07251	19	T	False	0.962	Disordered	40.2	Very low	149.0	91.41	Exposed
ATP1	P07251	31	S	True	0.916	Disordered	40.5	Very low	96.0	67.13	Exposed
ATP1	P07251	32	T	False	0.907	Disordered	37.7	Very low	96.0	58.9	Exposed
ATP1	P07251	37	S	True	0.805	Disordered	47.0	Very low	56.0	39.16	Exposed
ATP1	P07251	38	T	True	0.79	Disordered	75.2	Confident	153.0	93.87	Exposed
ATP1	P07251	43	T	True	0.627	Disordered	70.3	Confident	19.0	11.66	Buried
ATP1	P07251	46	S	True	0.558	Disordered	81.0	Confident	101.0	70.63	Exposed
ATP1	P07251	47	S	True	0.526	Disordered	80.9	Confident	58.0	40.56	Exposed
ATP1	P07251	57	S	True	0.233	Ordered	61.3	Low	91.0	63.64	Exposed
ATP1	P07251	65	T	False	0.128	Ordered	93.2	Very high	44.0	26.99	Exposed
ATP1	P07251	93	S	False	0.051	Ordered	92.7	Very high	96.0	67.13	Exposed
ATP1	P07251	94	S	False	0.049	Ordered	91.1	Very high	45.0	31.47	Exposed
ATP1	P07251	115	S	True	0.048	Ordered	89.0	Confident	62.0	43.36	Exposed
ATP1	P07251	128	T	False	0.063	Ordered	92.6	Very high	55.0	33.74	Exposed
ATP1	P07251	164	S	False	0.144	Ordered	96.6	Very high	31.0	21.68	Exposed
ATP1	P07251	178	S	True	0.101	Ordered	97.4	Very high	85.0	59.44	Exposed
ATP1	P07251	185	T	False	0.089	Ordered	98.0	Very high	0.0	0.0	Buried
ATP1	P07251	210	T	False	0.048	Ordered	92.7	Very high	3.0	1.84	Buried
ATP1	P07251	213	T	True	0.042	Ordered	96.2	Very high	47.0	28.83	Exposed
ATP1	P07251	219	T	False	0.087	Ordered	98.4	Very high	1.0	0.61	Buried
ATP1	P07251	230	S	True	0.1	Ordered	94.2	Very high	118.0	82.52	Exposed
ATP1	P07251	233	S	True	0.099	Ordered	95.4	Very high	68.0	47.55	Exposed
ATP1	P07251	237	Y	False	0.086	Ordered	98.6	Very high	30.0	11.76	Buried
ATP1	P07251	240	Y	False	0.07	Ordered	98.8	Very high	6.0	2.35	Buried
ATP1	P07251	248	S	False	0.026	Ordered	96.2	Very high	83.0	58.04	Exposed
ATP1	P07251	249	T	False	0.023	Ordered	95.6	Very high	56.0	34.36	Exposed
ATP1	P07251	256	T	True	0.023	Ordered	97.1	Very high	10.0	6.13	Buried
ATP1	P07251	265	Y	False	0.025	Ordered	98.1	Very high	6.0	2.35	Buried
ATP1	P07251	266	S	False	0.027	Ordered	98.6	Very high	2.0	1.4	Buried
ATP1	P07251	272	T	False	0.04	Ordered	96.9	Very high	4.0	2.45	Buried
ATP1	P07251	274	S	False	0.034	Ordered	93.6	Very high	80.0	55.94	Exposed
ATP1	P07251	281	Y	False	0.029	Ordered	96.9	Very high	5.0	1.96	Buried
ATP1	P07251	286	T	False	0.026	Ordered	97.8	Very high	0.0	0.0	Buried
ATP1	P07251	289	S	False	0.021	Ordered	98.2	Very high	0.0	0.0	Buried
ATP1	P07251	305	Y	False	0.02	Ordered	98.8	Very high	0.0	0.0	Buried
ATP1	P07251	309	S	True	0.024	Ordered	96.9	Very high	18.0	12.59	Buried
ATP1	P07251	315	Y	False	0.039	Ordered	97.3	Very high	12.0	4.71	Buried
ATP1	P07251	319	S	False	0.059	Ordered	94.5	Very high	5.0	3.5	Buried
ATP1	P07251	331	Y	False	0.067	Ordered	97.2	Very high	23.0	9.02	Buried
ATP1	P07251	337	Y	False	0.062	Ordered	97.6	Very high	131.0	51.37	Exposed
ATP1	P07251	340	S	True	0.064	Ordered	97.7	Very high	24.0	16.78	Buried
ATP1	P07251	350	S	True	0.101	Ordered	97.6	Very high	20.0	13.99	Buried
ATP1	P07251	355	S	False	0.132	Ordered	97.4	Very high	41.0	28.67	Exposed
ATP1	P07251	357	S	False	0.15	Ordered	98.5	Very high	0.0	0.0	Buried
ATP1	P07251	359	T	False	0.157	Ordered	98.8	Very high	0.0	0.0	Buried
ATP1	P07251	366	T	False	0.12	Ordered	95.0	Very high	4.0	2.45	Buried
ATP1	P07251	372	S	False	0.088	Ordered	90.6	Very high	77.0	53.85	Exposed
ATP1	P07251	374	Y	False	0.08	Ordered	94.6	Very high	47.0	18.43	Buried
ATP1	P07251	377	T	False	0.054	Ordered	96.1	Very high	67.0	41.1	Exposed
ATP1	P07251	381	S	False	0.034	Ordered	97.1	Very high	65.0	45.45	Exposed
ATP1	P07251	383	T	False	0.028	Ordered	98.1	Very high	0.0	0.0	Buried
ATP1	P07251	395	Y	False	0.017	Ordered	92.3	Very high	181.0	70.98	Exposed
ATP1	P07251	407	S	False	0.037	Ordered	94.4	Very high	0.0	0.0	Buried
ATP1	P07251	409	S	False	0.036	Ordered	95.8	Very high	12.0	8.39	Buried
ATP1	P07251	413	S	True	0.033	Ordered	90.9	Very high	58.0	40.56	Exposed
ATP1	P07251	426	S	False	0.013	Ordered	87.6	Confident	74.0	51.75	Exposed
ATP1	P07251	434	Y	False	0.024	Ordered	92.2	Very high	33.0	12.94	Buried
ATP1	P07251	445	S	True	0.065	Ordered	73.0	Confident	116.0	81.12	Exposed
ATP1	P07251	450	S	False	0.072	Ordered	91.4	Very high	84.0	58.74	Exposed
ATP1	P07251	451	T	False	0.081	Ordered	90.9	Very high	33.0	20.25	Exposed
ATP1	P07251	454	T	False	0.093	Ordered	92.3	Very high	27.0	16.56	Buried
ATP1	P07251	462	T	False	0.092	Ordered	95.4	Very high	29.0	17.79	Buried
ATP1	P07251	470	Y	False	0.092	Ordered	95.3	Very high	73.0	28.63	Exposed
ATP1	P07251	471	S	False	0.091	Ordered	95.9	Very high	61.0	42.66	Exposed
ATP1	P07251	475	T	False	0.106	Ordered	96.2	Very high	12.0	7.36	Buried
ATP1	P07251	483	Y	False	0.122	Ordered	96.8	Very high	22.0	8.63	Buried
ATP1	P07251	496	S	False	0.063	Ordered	96.0	Very high	80.0	55.94	Exposed
ATP1	P07251	503	S	False	0.051	Ordered	94.9	Very high	62.0	43.36	Exposed
ATP1	P07251	504	S	False	0.054	Ordered	96.8	Very high	40.0	27.97	Exposed
ATP1	P07251	507	S	False	0.058	Ordered	96.0	Very high	69.0	48.25	Exposed
ATP1	P07251	508	Y	False	0.057	Ordered	97.3	Very high	44.0	17.25	Buried
ATP1	P07251	511	S	True	0.065	Ordered	95.9	Very high	98.0	68.53	Exposed
ATP1	P07251	518	T	False	0.075	Ordered	95.7	Very high	30.0	18.4	Buried
ATP1	P07251	527	S	True	0.079	Ordered	94.6	Very high	44.0	30.77	Exposed
ATP1	P07251	533	S	True	0.123	Ordered	95.0	Very high	64.0	44.76	Exposed
ATP1	P07251	536	S	False	0.163	Ordered	96.4	Very high	76.0	53.15	Exposed
ATP1	P07251	538	T	False	0.207	Ordered	96.3	Very high	0.0	0.0	Buried
ATP1	P07251	540	S	False	0.229	Ordered	95.9	Very high	57.0	39.86	Exposed
ATP1	P07251	544	T	False	0.115	Ordered	91.2	Very high	109.0	66.87	Exposed
LAT1	P12695	2	S	False	0.913	Disordered	41.7	Very low	107.0	74.83	Exposed
LAT1	P12695	12	S	False	0.935	Disordered	46.4	Very low	89.0	62.24	Exposed
LAT1	P12695	14	S	False	0.922	Disordered	48.6	Very low	114.0	79.72	Exposed
LAT1	P12695	15	S	False	0.905	Disordered	50.4	Low	104.0	72.73	Exposed
LAT1	P12695	18	T	True	0.911	Disordered	45.6	Very low	117.0	71.78	Exposed
LAT1	P12695	20	S	False	0.915	Disordered	41.9	Very low	100.0	69.93	Exposed
LAT1	P12695	28	Y	False	0.879	Disordered	38.6	Very low	227.0	89.02	Exposed
LAT1	P12695	30	S	False	0.861	Disordered	53.5	Low	116.0	81.12	Exposed
LAT1	P12695	31	Y	False	0.861	Disordered	65.9	Low	54.0	21.18	Exposed
LAT1	P12695	35	T	False	0.83	Disordered	86.7	Confident	69.0	42.33	Exposed
LAT1	P12695	43	S	True	0.85	Disordered	81.0	Confident	29.0	20.28	Exposed
LAT1	P12695	45	T	False	0.83	Disordered	80.1	Confident	107.0	65.64	Exposed
LAT1	P12695	47	T	False	0.826	Disordered	84.2	Confident	106.0	65.03	Exposed
LAT1	P12695	55	T	False	0.763	Disordered	89.0	Confident	79.0	48.47	Exposed
LAT1	P12695	63	S	True	0.657	Disordered	85.8	Confident	45.0	31.47	Exposed
LAT1	P12695	73	T	True	0.517	Disordered	85.8	Confident	20.0	12.27	Buried
LAT1	P12695	87	Y	False	0.347	Ordered	87.5	Confident	34.0	13.33	Buried
LAT1	P12695	97	T	True	0.41	Ordered	83.5	Confident	42.0	25.77	Exposed
LAT1	P12695	109	Y	True	0.557	Disordered	88.7	Confident	4.0	1.57	Buried
LAT1	P12695	127	S	True	0.849	Disordered	41.5	Very low	50.0	34.97	Exposed
LAT1	P12695	129	S	True	0.875	Disordered	28.1	Very low	106.0	74.13	Exposed
LAT1	P12695	131	S	True	0.897	Disordered	30.0	Very low	125.0	87.41	Exposed
LAT1	P12695	133	T	True	0.922	Disordered	28.7	Very low	133.0	81.6	Exposed
LAT1	P12695	134	S	True	0.932	Disordered	35.3	Very low	117.0	81.82	Exposed
LAT1	P12695	135	T	True	0.944	Disordered	30.5	Very low	127.0	77.91	Exposed
LAT1	P12695	155	T	False	0.971	Disordered	42.2	Very low	90.0	55.21	Exposed
LAT1	P12695	157	T	True	0.963	Disordered	37.5	Very low	132.0	80.98	Exposed
LAT1	P12695	158	S	True	0.948	Disordered	43.7	Very low	109.0	76.22	Exposed
LAT1	P12695	165	S	True	0.839	Disordered	42.2	Very low	120.0	83.92	Exposed
LAT1	P12695	177	S	True	0.479	Ordered	86.9	Confident	23.0	16.08	Buried
LAT1	P12695	182	T	False	0.405	Ordered	88.1	Confident	63.0	38.65	Exposed
LAT1	P12695	190	S	True	0.363	Ordered	86.7	Confident	72.0	50.35	Exposed
LAT1	P12695	197	T	True	0.364	Ordered	85.5	Confident	116.0	71.17	Exposed
LAT1	P12695	204	T	False	0.448	Ordered	91.5	Very high	43.0	26.38	Exposed
LAT1	P12695	210	S	True	0.526	Disordered	87.0	Confident	45.0	31.47	Exposed
LAT1	P12695	211	Y	False	0.539	Disordered	88.0	Confident	77.0	30.2	Exposed
LAT1	P12695	215	S	True	0.641	Disordered	73.2	Confident	55.0	38.46	Exposed
LAT1	P12695	216	S	True	0.665	Disordered	63.0	Low	74.0	51.75	Exposed
LAT1	P12695	219	S	False	0.755	Disordered	43.6	Very low	101.0	70.63	Exposed
LAT1	P12695	220	S	False	0.783	Disordered	37.0	Very low	95.0	66.43	Exposed
LAT1	P12695	222	T	False	0.847	Disordered	30.6	Very low	139.0	85.28	Exposed
LAT1	P12695	223	S	False	0.869	Disordered	36.9	Very low	122.0	85.31	Exposed
LAT1	P12695	229	T	False	0.965	Disordered	49.5	Very low	140.0	85.89	Exposed
LAT1	P12695	234	T	False	0.975	Disordered	41.5	Very low	145.0	88.96	Exposed
LAT1	P12695	235	S	False	0.968	Disordered	37.8	Very low	112.0	78.32	Exposed
LAT1	P12695	236	S	False	0.966	Disordered	42.8	Very low	109.0	76.22	Exposed
LAT1	P12695	237	T	False	0.967	Disordered	37.9	Very low	122.0	74.85	Exposed
LAT1	P12695	238	T	False	0.957	Disordered	37.3	Very low	139.0	85.28	Exposed
LAT1	P12695	241	S	False	0.919	Disordered	42.4	Very low	122.0	85.31	Exposed
LAT1	P12695	244	S	False	0.842	Disordered	54.7	Low	112.0	78.32	Exposed
LAT1	P12695	246	S	False	0.78	Disordered	50.3	Low	96.0	67.13	Exposed
LAT1	P12695	247	S	False	0.745	Disordered	47.5	Very low	118.0	82.52	Exposed
LAT1	P12695	248	T	False	0.721	Disordered	58.6	Low	141.0	86.5	Exposed
LAT1	P12695	250	S	False	0.649	Disordered	80.9	Confident	125.0	87.41	Exposed
LAT1	P12695	251	Y	False	0.615	Disordered	88.6	Confident	180.0	70.59	Exposed
LAT1	P12695	257	S	False	0.415	Ordered	89.1	Confident	62.0	43.36	Exposed
LAT1	P12695	258	T	False	0.397	Ordered	87.9	Confident	106.0	65.03	Exposed
LAT1	P12695	261	S	False	0.315	Ordered	90.1	Very high	69.0	48.25	Exposed
LAT1	P12695	270	S	True	0.144	Ordered	92.8	Very high	3.0	2.1	Buried
LAT1	P12695	271	T	False	0.137	Ordered	91.8	Very high	89.0	54.6	Exposed
LAT1	P12695	276	S	True	0.092	Ordered	93.8	Very high	65.0	45.45	Exposed
LAT1	P12695	277	Y	False	0.089	Ordered	95.2	Very high	40.0	15.69	Buried
LAT1	P12695	280	S	True	0.076	Ordered	95.9	Very high	55.0	38.46	Exposed
LAT1	P12695	281	S	True	0.071	Ordered	95.0	Very high	26.0	18.18	Buried
LAT1	P12695	284	S	False	0.066	Ordered	95.1	Very high	26.0	18.18	Buried
LAT1	P12695	286	S	True	0.065	Ordered	93.4	Very high	20.0	13.99	Buried
LAT1	P12695	294	S	True	0.077	Ordered	92.6	Very high	69.0	48.25	Exposed
LAT1	P12695	298	T	False	0.07	Ordered	90.9	Very high	96.0	58.9	Exposed
LAT1	P12695	303	Y	False	0.061	Ordered	84.1	Confident	59.0	23.14	Exposed
LAT1	P12695	306	S	False	0.056	Ordered	92.4	Very high	42.0	29.37	Exposed
LAT1	P12695	316	T	False	0.062	Ordered	94.6	Very high	2.0	1.23	Buried
LAT1	P12695	328	Y	False	0.067	Ordered	94.3	Very high	24.0	9.41	Buried
LAT1	P12695	345	S	False	0.056	Ordered	95.8	Very high	1.0	0.7	Buried
LAT1	P12695	350	T	False	0.057	Ordered	88.7	Confident	18.0	11.04	Buried
LAT1	P12695	352	T	False	0.059	Ordered	80.8	Confident	73.0	44.79	Exposed
LAT1	P12695	356	T	False	0.067	Ordered	93.5	Very high	19.0	11.66	Buried
LAT1	P12695	368	S	True	0.058	Ordered	91.4	Very high	50.0	34.97	Exposed
LAT1	P12695	371	S	False	0.053	Ordered	93.4	Very high	0.0	0.0	Buried
LAT1	P12695	395	T	False	0.062	Ordered	93.6	Very high	2.0	1.23	Buried
LAT1	P12695	399	S	False	0.066	Ordered	95.9	Very high	22.0	15.38	Buried
LAT1	P12695	411	T	False	0.049	Ordered	95.6	Very high	74.0	45.4	Exposed
LAT1	P12695	412	S	False	0.047	Ordered	93.7	Very high	21.0	14.69	Buried
LAT1	P12695	419	S	False	0.04	Ordered	93.7	Very high	0.0	0.0	Buried
LAT1	P12695	420	T	False	0.04	Ordered	95.3	Very high	0.0	0.0	Buried
LAT1	P12695	426	T	False	0.061	Ordered	94.7	Very high	17.0	10.43	Buried
LAT1	P12695	442	S	False	0.157	Ordered	90.6	Very high	42.0	29.37	Exposed
LAT1	P12695	448	T	False	0.192	Ordered	96.1	Very high	13.0	7.98	Buried
LAT1	P12695	450	T	False	0.192	Ordered	97.3	Very high	1.0	0.61	Buried
LAT1	P12695	452	T	False	0.193	Ordered	96.6	Very high	4.0	2.45	Buried
LAT1	P12695	457	T	False	0.142	Ordered	92.1	Very high	12.0	7.36	Buried
LAT1	P12695	472	T	False	0.062	Ordered	95.4	Very high	42.0	25.77	Exposed
ALD4	P46367	3	S	False	0.941	Disordered	39.6	Very low	112.0	78.32	Exposed
ALD4	P46367	5	S	True	0.904	Disordered	37.7	Very low	115.0	80.42	Exposed
ALD4	P46367	6	T	False	0.897	Disordered	35.8	Very low	136.0	83.44	Exposed
ALD4	P46367	11	T	False	0.9	Disordered	31.7	Very low	134.0	82.21	Exposed
ALD4	P46367	12	S	False	0.894	Disordered	32.6	Very low	112.0	78.32	Exposed
ALD4	P46367	14	S	True	0.899	Disordered	33.0	Very low	109.0	76.22	Exposed
ALD4	P46367	15	S	False	0.888	Disordered	34.0	Very low	119.0	83.22	Exposed
ALD4	P46367	23	Y	False	0.811	Disordered	41.4	Very low	214.0	83.92	Exposed
ALD4	P46367	25	S	True	0.758	Disordered	57.2	Low	106.0	74.13	Exposed
ALD4	P46367	30	T	False	0.617	Disordered	98.1	Very high	64.0	39.26	Exposed
ALD4	P46367	41	Y	False	0.309	Ordered	98.5	Very high	16.0	6.27	Buried
ALD4	P46367	45	T	False	0.251	Ordered	98.5	Very high	0.0	0.0	Buried
ALD4	P46367	56	S	False	0.137	Ordered	97.8	Very high	1.0	0.7	Buried
ALD4	P46367	61	T	False	0.134	Ordered	97.6	Very high	37.0	22.7	Exposed
ALD4	P46367	68	S	False	0.101	Ordered	98.2	Very high	13.0	9.09	Buried
ALD4	P46367	69	T	False	0.092	Ordered	97.9	Very high	39.0	23.93	Exposed
ALD4	P46367	77	Y	False	0.075	Ordered	98.4	Very high	3.0	1.18	Buried
ALD4	P46367	96	S	True	0.078	Ordered	98.2	Very high	84.0	58.74	Exposed
ALD4	P46367	99	S	True	0.073	Ordered	96.8	Very high	44.0	30.77	Exposed
ALD4	P46367	113	Y	False	0.03	Ordered	98.8	Very high	102.0	40.0	Exposed
ALD4	P46367	128	S	False	0.026	Ordered	98.9	Very high	1.0	0.7	Buried
ALD4	P46367	131	T	False	0.03	Ordered	98.9	Very high	0.0	0.0	Buried
ALD4	P46367	139	S	True	0.035	Ordered	98.0	Very high	56.0	39.16	Exposed
ALD4	P46367	140	S	False	0.034	Ordered	98.1	Very high	7.0	4.9	Buried
ALD4	P46367	141	S	False	0.034	Ordered	98.8	Very high	0.0	0.0	Buried
ALD4	P46367	151	Y	False	0.027	Ordered	98.5	Very high	4.0	1.57	Buried
ALD4	P46367	154	S	True	0.026	Ordered	97.9	Very high	27.0	18.88	Buried
ALD4	P46367	155	S	True	0.024	Ordered	98.0	Very high	4.0	2.8	Buried
ALD4	P46367	169	T	False	0.029	Ordered	95.1	Very high	55.0	33.74	Exposed
ALD4	P46367	172	T	True	0.024	Ordered	95.8	Very high	72.0	44.17	Exposed
ALD4	P46367	175	S	True	0.021	Ordered	98.2	Very high	8.0	5.59	Buried
ALD4	P46367	176	Y	False	0.022	Ordered	98.0	Very high	60.0	23.53	Exposed
ALD4	P46367	177	T	True	0.024	Ordered	98.4	Very high	15.0	9.2	Buried
ALD4	P46367	208	T	False	0.014	Ordered	98.3	Very high	4.0	2.45	Buried
ALD4	P46367	211	T	True	0.01	Ordered	98.9	Very high	0.0	0.0	Buried
ALD4	P46367	216	T	True	0.015	Ordered	98.8	Very high	0.0	0.0	Buried
ALD4	P46367	219	S	True	0.015	Ordered	97.9	Very high	30.0	20.98	Exposed
ALD4	P46367	220	T	True	0.014	Ordered	98.8	Very high	0.0	0.0	Buried
ALD4	P46367	223	S	True	0.018	Ordered	98.8	Very high	0.0	0.0	Buried
ALD4	P46367	226	Y	True	0.021	Ordered	98.9	Very high	7.0	2.75	Buried
ALD4	P46367	228	S	True	0.024	Ordered	98.6	Very high	0.0	0.0	Buried
ALD4	P46367	230	Y	False	0.024	Ordered	98.8	Very high	9.0	3.53	Buried
ALD4	P46367	245	S	False	0.021	Ordered	98.7	Very high	1.0	0.7	Buried
ALD4	P46367	256	T	False	0.009	Ordered	98.8	Very high	0.0	0.0	Buried
ALD4	P46367	267	T	True	0.033	Ordered	98.8	Very high	10.0	6.13	Buried
ALD4	P46367	269	S	True	0.032	Ordered	97.8	Very high	53.0	37.06	Exposed
ALD4	P46367	270	T	True	0.031	Ordered	98.2	Very high	7.0	4.29	Buried
ALD4	P46367	272	T	True	0.03	Ordered	98.4	Very high	62.0	38.04	Exposed
ALD4	P46367	277	Y	False	0.032	Ordered	98.2	Very high	126.0	49.41	Exposed
ALD4	P46367	279	S	False	0.03	Ordered	98.1	Very high	19.0	13.29	Buried
ALD4	P46367	288	T	False	0.027	Ordered	98.6	Very high	1.0	0.61	Buried
ALD4	P46367	295	S	False	0.019	Ordered	98.7	Very high	2.0	1.4	Buried
ALD4	P46367	317	Y	False	0.007	Ordered	98.6	Very high	0.0	0.0	Buried
ALD4	P46367	318	Y	False	0.007	Ordered	97.8	Very high	28.0	10.98	Buried
ALD4	P46367	320	S	False	0.008	Ordered	98.5	Very high	0.0	0.0	Buried
ALD4	P46367	328	S	False	0.01	Ordered	98.6	Very high	11.0	7.69	Buried
ALD4	P46367	331	Y	False	0.013	Ordered	98.9	Very high	0.0	0.0	Buried
ALD4	P46367	335	S	False	0.008	Ordered	98.4	Very high	89.0	62.24	Exposed
ALD4	P46367	337	Y	False	0.01	Ordered	98.6	Very high	15.0	5.88	Buried
ALD4	P46367	348	S	True	0.05	Ordered	98.7	Very high	2.0	1.4	Buried
ALD4	P46367	350	S	True	0.058	Ordered	98.2	Very high	92.0	64.34	Exposed
ALD4	P46367	360	S	True	0.09	Ordered	97.9	Very high	69.0	48.25	Exposed
ALD4	P46367	361	T	False	0.09	Ordered	98.5	Very high	2.0	1.23	Buried
ALD4	P46367	367	T	True	0.081	Ordered	98.4	Very high	7.0	4.29	Buried
ALD4	P46367	368	S	True	0.079	Ordered	98.1	Very high	38.0	26.57	Exposed
ALD4	P46367	378	Y	False	0.038	Ordered	98.8	Very high	32.0	12.55	Buried
ALD4	P46367	388	T	False	0.077	Ordered	98.6	Very high	61.0	37.42	Exposed
ALD4	P46367	391	T	False	0.097	Ordered	98.7	Very high	23.0	14.11	Buried
ALD4	P46367	398	S	True	0.092	Ordered	94.8	Very high	112.0	78.32	Exposed
ALD4	P46367	401	Y	False	0.078	Ordered	98.6	Very high	26.0	10.2	Buried
ALD4	P46367	406	T	False	0.049	Ordered	98.9	Very high	0.0	0.0	Buried
ALD4	P46367	428	T	False	0.017	Ordered	98.9	Very high	1.0	0.61	Buried
ALD4	P46367	430	T	False	0.022	Ordered	98.7	Very high	19.0	11.66	Buried
ALD4	P46367	434	S	False	0.023	Ordered	98.0	Very high	53.0	37.06	Exposed
ALD4	P46367	445	S	False	0.02	Ordered	97.6	Very high	16.0	11.19	Buried
ALD4	P46367	447	Y	False	0.021	Ordered	98.3	Very high	30.0	11.76	Buried
ALD4	P46367	455	T	False	0.014	Ordered	98.8	Very high	2.0	1.23	Buried
ALD4	P46367	456	S	False	0.012	Ordered	98.4	Very high	93.0	65.03	Exposed
ALD4	P46367	460	T	False	0.007	Ordered	98.6	Very high	31.0	19.02	Buried
ALD4	P46367	472	T	False	0.01	Ordered	97.9	Very high	15.0	9.2	Buried
ALD4	P46367	477	T	False	0.029	Ordered	98.3	Very high	38.0	23.31	Exposed
ALD4	P46367	478	Y	False	0.036	Ordered	98.3	Very high	0.0	0.0	Buried
ALD4	P46367	493	S	False	0.055	Ordered	98.5	Very high	0.0	0.0	Buried
ALD4	P46367	500	S	True	0.043	Ordered	95.2	Very high	16.0	11.19	Buried
ALD4	P46367	507	Y	False	0.035	Ordered	98.6	Very high	0.0	0.0	Buried
ACO1	P19414	3	S	False	0.878	Disordered	38.7	Very low	114.0	79.72	Exposed
ACO1	P19414	6	S	False	0.867	Disordered	36.2	Very low	105.0	73.43	Exposed
ACO1	P19414	18	T	True	0.809	Disordered	55.2	Low	132.0	80.98	Exposed
ACO1	P19414	20	S	True	0.768	Disordered	72.2	Confident	46.0	32.17	Exposed
ACO1	P19414	23	T	False	0.644	Disordered	94.8	Very high	75.0	46.01	Exposed
ACO1	P19414	26	S	False	0.536	Disordered	95.7	Very high	29.0	20.28	Exposed
ACO1	P19414	37	S	True	0.22	Ordered	92.9	Very high	7.0	4.9	Buried
ACO1	P19414	41	Y	False	0.121	Ordered	98.2	Very high	1.0	0.39	Buried
ACO1	P19414	47	T	False	0.056	Ordered	98.4	Very high	7.0	4.29	Buried
ACO1	P19414	60	T	False	0.016	Ordered	98.7	Very high	0.0	0.0	Buried
ACO1	P19414	61	Y	False	0.018	Ordered	98.7	Very high	1.0	0.39	Buried
ACO1	P19414	67	Y	False	0.017	Ordered	98.6	Very high	4.0	1.57	Buried
ACO1	P19414	83	S	True	0.017	Ordered	95.7	Very high	6.0	4.2	Buried
ACO1	P19414	84	Y	False	0.014	Ordered	96.8	Very high	44.0	17.25	Buried
ACO1	P19414	98	T	False	0.0	Ordered	96.4	Very high	4.0	2.45	Buried
ACO1	P19414	108	S	False	0.002	Ordered	88.4	Confident	38.0	26.57	Exposed
ACO1	P19414	119	T	False	0.002	Ordered	98.8	Very high	0.0	0.0	Buried
ACO1	P19414	147	Y	False	0.004	Ordered	97.9	Very high	12.0	4.71	Buried
ACO1	P19414	152	S	False	0.004	Ordered	97.7	Very high	29.0	20.28	Exposed
ACO1	P19414	154	T	False	0.002	Ordered	97.9	Very high	1.0	0.61	Buried
ACO1	P19414	157	Y	False	0.005	Ordered	97.2	Very high	32.0	12.55	Buried
ACO1	P19414	166	S	False	0.004	Ordered	98.2	Very high	2.0	1.4	Buried
ACO1	P19414	177	Y	False	0.005	Ordered	98.6	Very high	0.0	0.0	Buried
ACO1	P19414	187	T	False	0.021	Ordered	98.2	Very high	1.0	0.61	Buried
ACO1	P19414	189	S	False	0.02	Ordered	94.6	Very high	9.0	6.29	Buried
ACO1	P19414	191	T	False	0.019	Ordered	98.7	Very high	6.0	3.68	Buried
ACO1	P19414	231	T	True	0.02	Ordered	98.7	Very high	35.0	21.47	Exposed
ACO1	P19414	238	T	True	0.017	Ordered	97.9	Very high	8.0	4.91	Buried
ACO1	P19414	239	S	True	0.018	Ordered	97.8	Very high	3.0	2.1	Buried
ACO1	P19414	251	T	False	0.017	Ordered	97.1	Very high	20.0	12.27	Buried
ACO1	P19414	252	T	True	0.018	Ordered	96.2	Very high	61.0	37.42	Exposed
ACO1	P19414	257	T	True	0.019	Ordered	94.8	Very high	54.0	33.13	Exposed
ACO1	P19414	263	Y	False	0.008	Ordered	98.8	Very high	0.0	0.0	Buried
ACO1	P19414	270	T	False	0.007	Ordered	96.8	Very high	43.0	26.38	Exposed
ACO1	P19414	272	S	False	0.012	Ordered	97.4	Very high	20.0	13.99	Buried
ACO1	P19414	274	T	False	0.01	Ordered	98.2	Very high	7.0	4.29	Buried
ACO1	P19414	278	T	False	0.005	Ordered	98.7	Very high	2.0	1.23	Buried
ACO1	P19414	289	T	False	0.009	Ordered	98.2	Very high	6.0	3.68	Buried
ACO1	P19414	290	T	False	0.009	Ordered	98.8	Very high	0.0	0.0	Buried
ACO1	P19414	291	S	False	0.007	Ordered	98.9	Very high	0.0	0.0	Buried
ACO1	P19414	298	S	True	0.009	Ordered	97.9	Very high	17.0	11.89	Buried
ACO1	P19414	302	Y	False	0.004	Ordered	98.6	Very high	3.0	1.18	Buried
ACO1	P19414	306	T	False	0.01	Ordered	97.6	Very high	16.0	9.82	Buried
ACO1	P19414	318	Y	False	0.009	Ordered	97.9	Very high	0.0	0.0	Buried
ACO1	P19414	324	S	False	0.011	Ordered	97.6	Very high	27.0	18.88	Buried
ACO1	P19414	331	Y	False	0.012	Ordered	98.4	Very high	44.0	17.25	Buried
ACO1	P19414	341	T	False	0.022	Ordered	97.2	Very high	102.0	62.58	Exposed
ACO1	P19414	345	Y	False	0.017	Ordered	98.5	Very high	36.0	14.12	Buried
ACO1	P19414	351	T	True	0.02	Ordered	94.9	Very high	30.0	18.4	Buried
ACO1	P19414	356	T	False	0.012	Ordered	98.6	Very high	8.0	4.91	Buried
ACO1	P19414	359	S	False	0.013	Ordered	98.0	Very high	40.0	27.97	Exposed
ACO1	P19414	381	S	False	0.031	Ordered	93.4	Very high	0.0	0.0	Buried
ACO1	P19414	383	T	True	0.036	Ordered	94.8	Very high	3.0	1.84	Buried
ACO1	P19414	385	S	True	0.033	Ordered	95.8	Very high	1.0	0.7	Buried
ACO1	P19414	386	S	True	0.034	Ordered	97.3	Very high	3.0	2.1	Buried
ACO1	P19414	387	Y	True	0.038	Ordered	98.3	Very high	14.0	5.49	Buried
ACO1	P19414	391	S	True	0.036	Ordered	98.0	Very high	10.0	6.99	Buried
ACO1	P19414	393	S	False	0.037	Ordered	98.5	Very high	0.0	0.0	Buried
ACO1	P19414	395	S	True	0.035	Ordered	98.3	Very high	10.0	6.99	Buried
ACO1	P19414	407	S	False	0.018	Ordered	96.4	Very high	24.0	16.78	Buried
ACO1	P19414	409	T	True	0.021	Ordered	96.9	Very high	17.0	10.43	Buried
ACO1	P19414	412	T	False	0.023	Ordered	98.3	Very high	5.0	3.07	Buried
ACO1	P19414	414	T	False	0.023	Ordered	98.5	Very high	1.0	0.61	Buried
ACO1	P19414	417	S	True	0.02	Ordered	98.4	Very high	1.0	0.7	Buried
ACO1	P19414	423	T	False	0.015	Ordered	98.6	Very high	0.0	0.0	Buried
ACO1	P19414	432	T	False	0.009	Ordered	98.2	Very high	17.0	10.43	Buried
ACO1	P19414	464	T	False	0.045	Ordered	98.6	Very high	0.0	0.0	Buried
ACO1	P19414	467	S	True	0.053	Ordered	98.8	Very high	0.0	0.0	Buried
ACO1	P19414	468	S	True	0.056	Ordered	98.7	Very high	0.0	0.0	Buried
ACO1	P19414	469	Y	False	0.06	Ordered	97.8	Very high	0.0	0.0	Buried
ACO1	P19414	474	T	False	0.055	Ordered	88.9	Confident	56.0	34.36	Exposed
ACO1	P19414	475	S	False	0.057	Ordered	89.8	Confident	36.0	25.17	Exposed
ACO1	P19414	483	T	False	0.066	Ordered	97.7	Very high	5.0	3.07	Buried
ACO1	P19414	489	S	False	0.056	Ordered	98.6	Very high	1.0	0.7	Buried
ACO1	P19414	494	T	False	0.028	Ordered	98.7	Very high	0.0	0.0	Buried
ACO1	P19414	508	T	True	0.052	Ordered	97.4	Very high	85.0	52.15	Exposed
ACO1	P19414	534	Y	False	0.202	Ordered	97.8	Very high	30.0	11.76	Buried
ACO1	P19414	540	T	False	0.177	Ordered	96.8	Very high	15.0	9.2	Buried
ACO1	P19414	541	Y	False	0.171	Ordered	98.2	Very high	26.0	10.2	Buried
ACO1	P19414	549	S	True	0.132	Ordered	91.8	Very high	89.0	62.24	Exposed
ACO1	P19414	550	T	True	0.135	Ordered	91.5	Very high	116.0	71.17	Exposed
ACO1	P19414	556	S	True	0.11	Ordered	94.9	Very high	52.0	36.36	Exposed
ACO1	P19414	558	T	False	0.08	Ordered	95.8	Very high	128.0	78.53	Exposed
ACO1	P19414	559	S	False	0.075	Ordered	97.2	Very high	12.0	8.39	Buried
ACO1	P19414	589	T	False	0.028	Ordered	95.5	Very high	2.0	1.23	Buried
ACO1	P19414	590	T	False	0.028	Ordered	94.0	Very high	0.0	0.0	Buried
ACO1	P19414	591	T	True	0.029	Ordered	95.2	Very high	2.0	1.23	Buried
ACO1	P19414	595	S	True	0.027	Ordered	96.9	Very high	0.0	0.0	Buried
ACO1	P19414	603	Y	False	0.022	Ordered	97.7	Very high	43.0	16.86	Buried
ACO1	P19414	611	S	False	0.015	Ordered	98.5	Very high	0.0	0.0	Buried
ACO1	P19414	614	Y	False	0.022	Ordered	98.5	Very high	3.0	1.18	Buried
ACO1	P19414	633	Y	False	0.03	Ordered	95.1	Very high	96.0	37.65	Exposed
ACO1	P19414	634	T	False	0.03	Ordered	96.2	Very high	85.0	52.15	Exposed
ACO1	P19414	637	Y	False	0.025	Ordered	98.0	Very high	102.0	40.0	Exposed
ACO1	P19414	643	T	False	0.021	Ordered	98.6	Very high	0.0	0.0	Buried
ACO1	P19414	647	Y	False	0.024	Ordered	98.4	Very high	0.0	0.0	Buried
ACO1	P19414	666	S	False	0.05	Ordered	89.5	Confident	12.0	8.39	Buried
ACO1	P19414	667	S	False	0.055	Ordered	92.1	Very high	1.0	0.7	Buried
ACO1	P19414	685	T	False	0.015	Ordered	98.7	Very high	0.0	0.0	Buried
ACO1	P19414	687	S	False	0.013	Ordered	97.0	Very high	42.0	29.37	Exposed
ACO1	P19414	694	T	False	0.024	Ordered	97.6	Very high	23.0	14.11	Buried
ACO1	P19414	712	Y	False	0.029	Ordered	98.1	Very high	9.0	3.53	Buried
ACO1	P19414	736	T	True	0.037	Ordered	98.7	Very high	52.0	31.9	Exposed
ACO1	P19414	752	T	False	0.033	Ordered	98.1	Very high	50.0	30.67	Exposed
ACO1	P19414	754	T	False	0.026	Ordered	96.1	Very high	36.0	22.09	Exposed
ACO1	P19414	765	Y	False	0.136	Ordered	96.2	Very high	69.0	27.06	Exposed
ACO1	P19414	767	S	True	0.18	Ordered	96.1	Very high	3.0	2.1	Buried
HSP60	P19882	4	S	True	0.945	Disordered	36.2	Very low	104.0	72.73	Exposed
HSP60	P19882	5	S	True	0.921	Disordered	38.6	Very low	117.0	81.82	Exposed
HSP60	P19882	9	S	False	0.918	Disordered	39.8	Very low	113.0	79.02	Exposed
HSP60	P19882	12	T	False	0.894	Disordered	41.9	Very low	137.0	84.05	Exposed
HSP60	P19882	21	Y	False	0.833	Disordered	55.4	Low	187.0	73.33	Exposed
HSP60	P19882	22	S	True	0.779	Disordered	64.2	Low	21.0	14.69	Buried
HSP60	P19882	23	S	True	0.709	Disordered	78.8	Confident	108.0	75.52	Exposed
HSP60	P19882	36	S	False	0.275	Ordered	94.5	Very high	16.0	11.19	Buried
HSP60	P19882	43	T	True	0.122	Ordered	97.4	Very high	56.0	34.36	Exposed
HSP60	P19882	51	T	False	0.086	Ordered	94.2	Very high	6.0	3.68	Buried
HSP60	P19882	71	T	False	0.055	Ordered	89.0	Confident	2.0	1.23	Buried
HSP60	P19882	76	T	False	0.05	Ordered	90.1	Very high	16.0	9.82	Buried
HSP60	P19882	80	S	True	0.045	Ordered	92.9	Very high	53.0	37.06	Exposed
HSP60	P19882	100	S	True	0.134	Ordered	92.1	Very high	25.0	17.48	Buried
HSP60	P19882	102	T	True	0.14	Ordered	90.9	Very high	0.0	0.0	Buried
HSP60	P19882	110	T	False	0.151	Ordered	93.4	Very high	5.0	3.07	Buried
HSP60	P19882	111	T	False	0.15	Ordered	95.1	Very high	14.0	8.59	Buried
HSP60	P19882	112	S	False	0.148	Ordered	96.4	Very high	37.0	25.87	Exposed
HSP60	P19882	114	T	False	0.138	Ordered	97.5	Very high	0.0	0.0	Buried
HSP60	P19882	122	T	True	0.076	Ordered	96.3	Very high	20.0	12.27	Buried
HSP60	P19882	124	S	True	0.067	Ordered	95.2	Very high	3.0	2.1	Buried
HSP60	P19882	141	S	True	0.048	Ordered	96.8	Very high	1.0	0.7	Buried
HSP60	P19882	153	S	True	0.056	Ordered	97.0	Very high	53.0	37.06	Exposed
HSP60	P19882	160	T	False	0.052	Ordered	79.4	Confident	104.0	63.8	Exposed
HSP60	P19882	161	T	False	0.057	Ordered	85.2	Confident	51.0	31.29	Exposed
HSP60	P19882	162	S	False	0.065	Ordered	85.1	Confident	46.0	32.17	Exposed
HSP60	P19882	170	T	False	0.073	Ordered	91.3	Very high	30.0	18.4	Buried
HSP60	P19882	172	S	False	0.062	Ordered	86.6	Confident	18.0	12.59	Buried
HSP60	P19882	177	S	True	0.049	Ordered	90.4	Very high	62.0	43.36	Exposed
HSP60	P19882	185	S	True	0.052	Ordered	91.8	Very high	49.0	34.27	Exposed
HSP60	P19882	197	T	True	0.061	Ordered	84.8	Confident	13.0	7.98	Buried
HSP60	P19882	203	T	True	0.063	Ordered	90.8	Very high	52.0	31.9	Exposed
HSP60	P19882	211	T	False	0.065	Ordered	83.1	Confident	12.0	7.36	Buried
HSP60	P19882	222	S	False	0.064	Ordered	95.4	Very high	12.0	8.39	Buried
HSP60	P19882	224	Y	False	0.065	Ordered	94.4	Very high	151.0	59.22	Exposed
HSP60	P19882	227	T	False	0.062	Ordered	91.1	Very high	42.0	25.77	Exposed
HSP60	P19882	231	S	True	0.058	Ordered	75.9	Confident	27.0	18.88	Buried
HSP60	P19882	232	S	True	0.061	Ordered	85.1	Confident	36.0	25.17	Exposed
HSP60	P19882	244	S	False	0.043	Ordered	95.4	Very high	4.0	2.8	Buried
HSP60	P19882	249	S	True	0.039	Ordered	96.1	Very high	48.0	33.57	Exposed
HSP60	P19882	250	S	True	0.036	Ordered	95.2	Very high	36.0	25.17	Exposed
HSP60	P19882	261	S	False	0.057	Ordered	94.4	Very high	2.0	1.4	Buried
HSP60	P19882	264	S	False	0.054	Ordered	92.8	Very high	44.0	30.77	Exposed
HSP60	P19882	309	T	False	0.111	Ordered	92.9	Very high	3.0	1.84	Buried
HSP60	P19882	317	T	False	0.091	Ordered	95.4	Very high	2.0	1.23	Buried
HSP60	P19882	320	T	False	0.094	Ordered	94.6	Very high	45.0	27.61	Exposed
HSP60	P19882	323	T	False	0.104	Ordered	90.4	Very high	14.0	8.59	Buried
HSP60	P19882	334	T	False	0.105	Ordered	93.0	Very high	60.0	36.81	Exposed
HSP60	P19882	340	S	False	0.104	Ordered	96.6	Very high	24.0	16.78	Buried
HSP60	P19882	343	S	False	0.099	Ordered	92.9	Very high	4.0	2.8	Buried
HSP60	P19882	345	T	False	0.099	Ordered	93.9	Very high	16.0	9.82	Buried
HSP60	P19882	347	T	False	0.104	Ordered	91.4	Very high	36.0	22.09	Exposed
HSP60	P19882	351	T	True	0.098	Ordered	94.5	Very high	0.0	0.0	Buried
HSP60	P19882	357	S	True	0.091	Ordered	93.9	Very high	67.0	46.85	Exposed
HSP60	P19882	373	S	True	0.145	Ordered	88.6	Confident	46.0	32.17	Exposed
HSP60	P19882	377	T	True	0.135	Ordered	75.4	Confident	138.0	84.66	Exposed
HSP60	P19882	378	T	True	0.136	Ordered	84.1	Confident	128.0	78.53	Exposed
HSP60	P19882	379	T	True	0.138	Ordered	78.8	Confident	17.0	10.43	Buried
HSP60	P19882	381	S	True	0.138	Ordered	79.5	Confident	102.0	71.33	Exposed
HSP60	P19882	382	Y	True	0.139	Ordered	81.9	Confident	116.0	45.49	Exposed
HSP60	P19882	395	S	True	0.112	Ordered	75.7	Confident	72.0	50.35	Exposed
HSP60	P19882	407	S	True	0.133	Ordered	88.9	Confident	58.0	40.56	Exposed
HSP60	P19882	418	Y	False	0.094	Ordered	91.4	Very high	0.0	0.0	Buried
HSP60	P19882	425	T	False	0.1	Ordered	90.6	Very high	1.0	0.61	Buried
HSP60	P19882	439	T	True	0.104	Ordered	96.8	Very high	3.0	1.84	Buried
HSP60	P19882	445	S	False	0.083	Ordered	95.5	Very high	7.0	4.9	Buried
HSP60	P19882	470	T	True	0.047	Ordered	97.2	Very high	22.0	13.5	Buried
HSP60	P19882	485	S	True	0.06	Ordered	94.9	Very high	62.0	43.36	Exposed
HSP60	P19882	495	Y	True	0.082	Ordered	90.5	Very high	61.0	23.92	Exposed
HSP60	P19882	503	Y	False	0.074	Ordered	97.0	Very high	21.0	8.24	Buried
HSP60	P19882	506	S	True	0.072	Ordered	92.0	Very high	58.0	40.56	Exposed
HSP60	P19882	508	S	False	0.068	Ordered	93.6	Very high	55.0	38.46	Exposed
HSP60	P19882	510	Y	False	0.062	Ordered	96.3	Very high	53.0	20.78	Exposed
HSP60	P19882	511	T	False	0.065	Ordered	96.1	Very high	22.0	13.5	Buried
HSP60	P19882	516	T	False	0.056	Ordered	90.2	Very high	58.0	35.58	Exposed
HSP60	P19882	527	S	False	0.084	Ordered	95.8	Very high	11.0	7.69	Buried
HSP60	P19882	533	S	False	0.13	Ordered	96.3	Very high	4.0	2.8	Buried
HSP60	P19882	537	S	False	0.215	Ordered	90.1	Very high	2.0	1.4	Buried
HSP60	P19882	541	T	False	0.334	Ordered	90.4	Very high	34.0	20.86	Exposed
HSP60	P19882	542	T	False	0.362	Ordered	90.1	Very high	43.0	26.38	Exposed
ILV5	P06168	4	T	False	0.95	Disordered	43.0	Very low	132.0	80.98	Exposed
ILV5	P06168	13	S	False	0.962	Disordered	33.2	Very low	103.0	72.03	Exposed
ILV5	P06168	17	T	False	0.929	Disordered	39.0	Very low	128.0	78.53	Exposed
ILV5	P06168	21	T	True	0.892	Disordered	37.8	Very low	136.0	83.44	Exposed
ILV5	P06168	26	T	False	0.889	Disordered	35.0	Very low	141.0	86.5	Exposed
ILV5	P06168	31	Y	False	0.805	Disordered	46.6	Very low	214.0	83.92	Exposed
ILV5	P06168	32	S	False	0.781	Disordered	46.4	Very low	120.0	83.92	Exposed
ILV5	P06168	44	T	True	0.37	Ordered	41.0	Very low	83.0	50.92	Exposed
ILV5	P06168	45	T	False	0.334	Ordered	48.2	Very low	122.0	74.85	Exposed
ILV5	P06168	56	T	True	0.113	Ordered	93.9	Very high	84.0	51.53	Exposed
ILV5	P06168	59	T	True	0.071	Ordered	92.8	Very high	51.0	31.29	Exposed
ILV5	P06168	61	Y	False	0.059	Ordered	92.5	Very high	37.0	14.51	Buried
ILV5	P06168	74	Y	True	0.017	Ordered	98.1	Very high	60.0	23.53	Exposed
ILV5	P06168	79	T	False	0.026	Ordered	98.7	Very high	26.0	15.95	Buried
ILV5	P06168	85	Y	True	0.037	Ordered	98.2	Very high	11.0	4.31	Buried
ILV5	P06168	87	S	True	0.042	Ordered	95.1	Very high	65.0	45.45	Exposed
ILV5	P06168	90	Y	False	0.04	Ordered	97.9	Very high	69.0	27.06	Exposed
ILV5	P06168	113	S	True	0.026	Ordered	97.0	Very high	48.0	33.57	Exposed
ILV5	P06168	130	T	True	0.021	Ordered	98.2	Very high	36.0	22.09	Exposed
ILV5	P06168	139	S	True	0.027	Ordered	98.5	Very high	25.0	17.48	Buried
ILV5	P06168	140	Y	False	0.025	Ordered	98.8	Very high	7.0	2.75	Buried
ILV5	P06168	146	S	False	0.034	Ordered	93.5	Very high	76.0	53.15	Exposed
ILV5	P06168	151	S	False	0.038	Ordered	95.9	Very high	28.0	19.58	Buried
ILV5	P06168	153	T	True	0.035	Ordered	95.6	Very high	37.0	22.7	Exposed
ILV5	P06168	162	T	False	0.036	Ordered	96.6	Very high	78.0	47.85	Exposed
ILV5	P06168	166	T	True	0.038	Ordered	98.8	Very high	2.0	1.23	Buried
ILV5	P06168	168	Y	True	0.04	Ordered	98.7	Very high	0.0	0.0	Buried
ILV5	P06168	170	S	True	0.042	Ordered	98.1	Very high	17.0	11.89	Buried
ILV5	P06168	174	S	True	0.045	Ordered	97.5	Very high	0.0	0.0	Buried
ILV5	P06168	181	T	False	0.04	Ordered	96.6	Very high	0.0	0.0	Buried
ILV5	P06168	199	S	True	0.054	Ordered	92.6	Very high	52.0	36.36	Exposed
ILV5	P06168	202	T	True	0.054	Ordered	94.1	Very high	51.0	31.29	Exposed
ILV5	P06168	205	S	True	0.06	Ordered	96.5	Very high	45.0	31.47	Exposed
ILV5	P06168	215	S	True	0.042	Ordered	97.7	Very high	0.0	0.0	Buried
ILV5	P06168	216	S	True	0.039	Ordered	97.8	Very high	0.0	0.0	Buried
ILV5	P06168	217	Y	True	0.039	Ordered	98.4	Very high	3.0	1.18	Buried
ILV5	P06168	224	T	False	0.032	Ordered	97.3	Very high	75.0	46.01	Exposed
ILV5	P06168	240	S	False	0.016	Ordered	95.5	Very high	2.0	1.4	Buried
ILV5	P06168	242	Y	False	0.017	Ordered	92.6	Very high	98.0	38.43	Exposed
ILV5	P06168	244	Y	False	0.018	Ordered	95.8	Very high	58.0	22.75	Exposed
ILV5	P06168	246	T	False	0.02	Ordered	97.8	Very high	21.0	12.88	Buried
ILV5	P06168	247	T	False	0.02	Ordered	98.3	Very high	54.0	33.13	Exposed
ILV5	P06168	254	S	True	0.028	Ordered	97.4	Very high	55.0	38.46	Exposed
ILV5	P06168	257	Y	True	0.03	Ordered	97.6	Very high	69.0	27.06	Exposed
ILV5	P06168	275	Y	False	0.069	Ordered	98.7	Very high	3.0	1.18	Buried
ILV5	P06168	284	S	True	0.063	Ordered	98.4	Very high	37.0	25.87	Exposed
ILV5	P06168	286	S	True	0.073	Ordered	97.9	Very high	59.0	41.26	Exposed
ILV5	P06168	292	T	True	0.072	Ordered	98.1	Very high	4.0	2.45	Buried
ILV5	P06168	297	T	False	0.052	Ordered	96.9	Very high	42.0	25.77	Exposed
ILV5	P06168	299	S	False	0.044	Ordered	94.9	Very high	56.0	39.16	Exposed
ILV5	P06168	301	Y	False	0.033	Ordered	96.6	Very high	89.0	34.9	Exposed
ILV5	P06168	307	Y	False	0.028	Ordered	97.2	Very high	106.0	41.57	Exposed
ILV5	P06168	311	Y	True	0.021	Ordered	96.9	Very high	102.0	40.0	Exposed
ILV5	P06168	313	Y	False	0.017	Ordered	95.8	Very high	39.0	15.29	Buried
ILV5	P06168	317	S	True	0.023	Ordered	96.0	Very high	73.0	51.05	Exposed
ILV5	P06168	318	T	True	0.025	Ordered	96.3	Very high	119.0	73.01	Exposed
ILV5	P06168	319	T	True	0.026	Ordered	96.2	Very high	119.0	73.01	Exposed
ILV5	P06168	328	Y	True	0.025	Ordered	97.2	Very high	118.0	46.27	Exposed
ILV5	P06168	343	Y	True	0.125	Ordered	98.3	Very high	102.0	40.0	Exposed
ILV5	P06168	345	S	True	0.132	Ordered	97.9	Very high	20.0	13.99	Buried
ILV5	P06168	346	T	True	0.14	Ordered	97.5	Very high	0.0	0.0	Buried
ILV5	P06168	350	T	True	0.158	Ordered	97.6	Very high	77.0	47.24	Exposed
ILV5	P06168	352	T	False	0.177	Ordered	95.9	Very high	0.0	0.0	Buried
ILV5	P06168	355	S	True	0.186	Ordered	94.9	Very high	23.0	16.08	Buried
ILV5	P06168	360	S	True	0.156	Ordered	91.5	Very high	73.0	51.05	Exposed
ILV5	P06168	364	Y	False	0.111	Ordered	92.9	Very high	70.0	27.45	Exposed
ILV5	P06168	374	T	True	0.073	Ordered	96.9	Very high	90.0	55.21	Exposed
SSC1	P0CS90	11	S	True	0.896	Disordered	33.4	Very low	108.0	75.52	Exposed
SSC1	P0CS90	12	S	True	0.886	Disordered	32.1	Very low	109.0	76.22	Exposed
SSC1	P0CS90	14	S	True	0.912	Disordered	30.9	Very low	114.0	79.72	Exposed
SSC1	P0CS90	15	S	True	0.9	Disordered	33.5	Very low	88.0	61.54	Exposed
SSC1	P0CS90	16	S	True	0.887	Disordered	34.8	Very low	101.0	70.63	Exposed
SSC1	P0CS90	21	T	True	0.839	Disordered	31.2	Very low	99.0	60.74	Exposed
SSC1	P0CS90	25	S	False	0.774	Disordered	40.7	Very low	99.0	69.23	Exposed
SSC1	P0CS90	26	T	False	0.729	Disordered	47.2	Very low	134.0	82.21	Exposed
SSC1	P0CS90	31	S	True	0.586	Disordered	85.6	Confident	36.0	25.17	Exposed
SSC1	P0CS90	39	T	False	0.295	Ordered	97.2	Very high	7.0	4.29	Buried
SSC1	P0CS90	40	T	False	0.266	Ordered	97.5	Very high	28.0	17.18	Buried
SSC1	P0CS90	42	S	False	0.204	Ordered	98.6	Very high	1.0	0.7	Buried
SSC1	P0CS90	61	S	True	0.085	Ordered	96.8	Very high	38.0	26.57	Exposed
SSC1	P0CS90	63	T	True	0.079	Ordered	98.1	Very high	32.0	19.63	Buried
SSC1	P0CS90	64	T	True	0.081	Ordered	98.5	Very high	3.0	1.84	Buried
SSC1	P0CS90	66	S	True	0.084	Ordered	98.5	Very high	7.0	4.9	Buried
SSC1	P0CS90	71	T	True	0.07	Ordered	92.7	Very high	17.0	10.43	Buried
SSC1	P0CS90	93	T	False	0.051	Ordered	97.8	Very high	1.0	0.61	Buried
SSC1	P0CS90	97	T	True	0.058	Ordered	96.9	Very high	11.0	6.75	Buried
SSC1	P0CS90	119	Y	False	0.045	Ordered	95.3	Very high	9.0	3.53	Buried
SSC1	P0CS90	125	S	True	0.046	Ordered	91.9	Very high	109.0	76.22	Exposed
SSC1	P0CS90	137	T	True	0.042	Ordered	96.6	Very high	70.0	42.94	Exposed
SSC1	P0CS90	138	Y	True	0.041	Ordered	96.9	Very high	23.0	9.02	Buried
SSC1	P0CS90	139	S	True	0.041	Ordered	96.6	Very high	3.0	2.1	Buried
SSC1	P0CS90	154	T	False	0.032	Ordered	97.5	Very high	8.0	4.91	Buried
SSC1	P0CS90	158	Y	False	0.031	Ordered	96.1	Very high	95.0	37.25	Exposed
SSC1	P0CS90	169	T	True	0.047	Ordered	96.9	Very high	0.0	0.0	Buried
SSC1	P0CS90	173	Y	False	0.054	Ordered	83.3	Confident	48.0	18.82	Buried
SSC1	P0CS90	177	S	True	0.066	Ordered	80.6	Confident	9.0	6.29	Buried
SSC1	P0CS90	182	T	False	0.07	Ordered	90.8	Very high	0.0	0.0	Buried
SSC1	P0CS90	201	T	True	0.023	Ordered	94.9	Very high	1.0	0.61	Buried
SSC1	P0CS90	207	Y	False	0.033	Ordered	93.0	Very high	14.0	5.49	Buried
SSC1	P0CS90	212	S	False	0.031	Ordered	72.1	Confident	76.0	53.15	Exposed
SSC1	P0CS90	214	S	False	0.03	Ordered	90.6	Very high	74.0	51.75	Exposed
SSC1	P0CS90	226	T	False	0.031	Ordered	94.9	Very high	5.0	3.07	Buried
SSC1	P0CS90	230	S	False	0.044	Ordered	97.8	Very high	1.0	0.7	Buried
SSC1	P0CS90	243	S	False	0.07	Ordered	96.6	Very high	0.0	0.0	Buried
SSC1	P0CS90	244	T	False	0.069	Ordered	95.2	Very high	1.0	0.61	Buried
SSC1	P0CS90	248	T	False	0.064	Ordered	86.4	Confident	20.0	12.27	Buried
SSC1	P0CS90	258	Y	False	0.068	Ordered	97.1	Very high	75.0	29.41	Exposed
SSC1	P0CS90	265	S	False	0.049	Ordered	96.7	Very high	63.0	44.06	Exposed
SSC1	P0CS90	269	T	True	0.043	Ordered	96.1	Very high	116.0	71.17	Exposed
SSC1	P0CS90	271	T	False	0.039	Ordered	93.2	Very high	49.0	30.06	Exposed
SSC1	P0CS90	297	S	False	0.066	Ordered	97.8	Very high	32.0	22.38	Exposed
SSC1	P0CS90	298	S	False	0.066	Ordered	96.6	Very high	97.0	67.83	Exposed
SSC1	P0CS90	299	T	False	0.07	Ordered	97.5	Very high	55.0	33.74	Exposed
SSC1	P0CS90	301	S	False	0.074	Ordered	97.9	Very high	47.0	32.87	Exposed
SSC1	P0CS90	302	T	False	0.078	Ordered	98.1	Very high	10.0	6.13	Buried
SSC1	P0CS90	310	T	False	0.081	Ordered	94.8	Very high	32.0	19.63	Buried
SSC1	P0CS90	314	S	False	0.069	Ordered	92.2	Very high	94.0	65.73	Exposed
SSC1	P0CS90	324	S	False	0.057	Ordered	98.1	Very high	33.0	23.08	Exposed
SSC1	P0CS90	330	T	True	0.052	Ordered	98.1	Very high	109.0	66.87	Exposed
SSC1	P0CS90	332	T	True	0.051	Ordered	98.1	Very high	0.0	0.0	Buried
SSC1	P0CS90	339	T	False	0.06	Ordered	97.9	Very high	2.0	1.23	Buried
SSC1	P0CS90	353	S	True	0.069	Ordered	96.8	Very high	48.0	33.57	Exposed
SSC1	P0CS90	354	T	True	0.071	Ordered	96.7	Very high	55.0	33.74	Exposed
SSC1	P0CS90	355	S	True	0.072	Ordered	95.9	Very high	94.0	65.73	Exposed
SSC1	P0CS90	358	S	False	0.069	Ordered	95.8	Very high	58.0	40.56	Exposed
SSC1	P0CS90	367	S	True	0.048	Ordered	97.5	Very high	3.0	2.1	Buried
SSC1	P0CS90	375	T	False	0.066	Ordered	98.1	Very high	22.0	13.5	Buried
SSC1	P0CS90	378	S	True	0.077	Ordered	97.3	Very high	90.0	62.94	Exposed
SSC1	P0CS90	385	S	True	0.075	Ordered	94.2	Very high	28.0	19.58	Buried
SSC1	P0CS90	406	S	False	0.03	Ordered	89.2	Confident	11.0	7.69	Buried
SSC1	P0CS90	410	T	False	0.029	Ordered	84.2	Confident	110.0	67.48	Exposed
SSC1	P0CS90	418	T	False	0.041	Ordered	86.9	Confident	6.0	3.68	Buried
SSC1	P0CS90	421	S	False	0.038	Ordered	89.7	Confident	3.0	2.1	Buried
SSC1	P0CS90	426	T	False	0.048	Ordered	83.6	Confident	36.0	22.09	Exposed
SSC1	P0CS90	432	T	False	0.077	Ordered	89.5	Confident	37.0	22.7	Exposed
SSC1	P0CS90	439	T	False	0.096	Ordered	93.5	Very high	38.0	23.31	Exposed
SSC1	P0CS90	440	T	True	0.1	Ordered	93.2	Very high	53.0	32.52	Exposed
SSC1	P0CS90	443	T	False	0.108	Ordered	93.9	Very high	35.0	21.47	Exposed
SSC1	P0CS90	446	S	False	0.116	Ordered	93.9	Very high	56.0	39.16	Exposed
SSC1	P0CS90	450	S	True	0.106	Ordered	87.8	Confident	41.0	28.67	Exposed
SSC1	P0CS90	451	T	False	0.102	Ordered	85.8	Confident	4.0	2.45	Buried
SSC1	P0CS90	457	T	True	0.071	Ordered	87.4	Confident	70.0	42.94	Exposed
SSC1	P0CS90	458	S	True	0.07	Ordered	87.6	Confident	49.0	34.27	Exposed
SSC1	P0CS90	481	T	True	0.079	Ordered	88.0	Confident	75.0	46.01	Exposed
SSC1	P0CS90	498	T	False	0.136	Ordered	93.9	Very high	12.0	7.36	Buried
SSC1	P0CS90	510	S	False	0.323	Ordered	92.8	Very high	43.0	30.07	Exposed
SSC1	P0CS90	516	T	True	0.519	Disordered	88.4	Confident	48.0	29.45	Exposed
SSC1	P0CS90	520	S	False	0.67	Disordered	80.8	Confident	34.0	23.78	Exposed
SSC1	P0CS90	521	S	False	0.686	Disordered	82.4	Confident	85.0	59.44	Exposed
SSC1	P0CS90	523	T	False	0.687	Disordered	73.4	Confident	78.0	47.85	Exposed
SSC1	P0CS90	527	S	False	0.652	Disordered	56.3	Low	82.0	57.34	Exposed
SSC1	P0CS90	528	S	True	0.639	Disordered	65.0	Low	13.0	9.09	Buried
SSC1	P0CS90	531	S	False	0.589	Disordered	83.2	Confident	54.0	37.76	Exposed
SSC1	P0CS90	547	S	False	0.313	Ordered	73.1	Confident	65.0	45.45	Exposed
SSC1	P0CS90	558	T	False	0.261	Ordered	84.1	Confident	41.0	25.15	Exposed
SSC1	P0CS90	569	T	False	0.328	Ordered	90.7	Very high	5.0	3.07	Buried
SSC1	P0CS90	572	S	True	0.339	Ordered	88.4	Confident	38.0	26.57	Exposed
SSC1	P0CS90	593	T	False	0.237	Ordered	94.6	Very high	78.0	47.85	Exposed
SSC1	P0CS90	594	S	True	0.252	Ordered	93.4	Very high	41.0	28.67	Exposed
SSC1	P0CS90	615	T	False	0.458	Ordered	92.5	Very high	57.0	34.97	Exposed
SSC1	P0CS90	617	T	True	0.469	Ordered	91.1	Very high	22.0	13.5	Buried
SSC1	P0CS90	622	T	False	0.503	Disordered	93.2	Very high	74.0	45.4	Exposed
SSC1	P0CS90	623	S	True	0.516	Disordered	91.9	Very high	21.0	14.69	Buried
SSC1	P0CS90	624	S	True	0.532	Disordered	88.8	Confident	10.0	6.99	Buried
SSC1	P0CS90	632	Y	False	0.694	Disordered	71.0	Confident	178.0	69.8	Exposed
SSC1	P0CS90	636	S	True	0.796	Disordered	53.6	Low	75.0	52.45	Exposed
SSC1	P0CS90	649	S	True	0.942	Disordered	42.6	Very low	130.0	90.91	Exposed
SSC1	P0CS90	652	T	False	0.955	Disordered	39.7	Very low	123.0	75.46	Exposed
