Systematic gene name	Standard gene name	Uniprot ID	Number of P-sites	P-site positions	P-site Exact Conservation (%)	P-site Functional Conservation (%)	P-site AF2 pLDDT Score	P-site AF2 Structural State	Metapredict Disorder Score	Metapredict State	P-site SASA (Å²)	P-site RSA (%)	P-site Exposure	Annotation	Residue Type
YNL295W	MRX6	P48564	1	96	0	37.5	31.4	Very low	0.99	Disordered	209	81.96	Exposed	Mitochondrial ribosome-associated protein; regulates mitochondrial DNA copy number and the size and distribution of mtDNA nucleoids; subunit of a complex containing Pet20p, Mam33p, and Pim1p that may regulate mtDNA replication; member of the PET20 domain-containing protein family; forms foci that partially co-localize with mtDNA	pY
YLR139C	SLS1	P42900	2	87	100	100	58.6	Low	0.789	Disordered	76	53.15	Exposed	Mitochondrial membrane protein; coordinates expression of mitochondrially-encoded genes; may facilitate delivery of mRNA to membrane-bound translation machinery	pS
YLR139C	SLS1	P42900	2	429	12.5	12.5	65.6	Low	0.543	Disordered	46	18.04	Buried	Mitochondrial membrane protein; coordinates expression of mitochondrially-encoded genes; may facilitate delivery of mRNA to membrane-bound translation machinery	pY
YHL004W	MRP4	P32902	3	62	100	100	77.2	Confident	0.323	Ordered	95	66.43	Exposed	Mitochondrial ribosomal protein of the small subunit	pS
YHL004W	MRP4	P32902	3	83	87.5	100	80.8	Confident	0.321	Ordered	66	46.15	Exposed	Mitochondrial ribosomal protein of the small subunit	pS
YHL004W	MRP4	P32902	3	307	75	75	91.7	Very high	0.65	Disordered	54	37.76	Exposed	Mitochondrial ribosomal protein of the small subunit	pS
YGL068W	MNP1	P53163	3	10	100	100	56.2	Low	0.923	Disordered	124	86.71	Exposed	Mitochondrial ribosomal protein of the large subunit; has similarity to E. coli L7/L12 and human MRPL7 ribosomal proteins; associates with the mitochondrial nucleoid; required for normal respiratory growth	pS
YGL068W	MNP1	P53163	3	11	75	75	38.7	Very low	0.928	Disordered	105	73.43	Exposed	Mitochondrial ribosomal protein of the large subunit; has similarity to E. coli L7/L12 and human MRPL7 ribosomal proteins; associates with the mitochondrial nucleoid; required for normal respiratory growth	pS
YGL068W	MNP1	P53163	3	25	25	75	47.2	Very low	0.877	Disordered	127	88.81	Exposed	Mitochondrial ribosomal protein of the large subunit; has similarity to E. coli L7/L12 and human MRPL7 ribosomal proteins; associates with the mitochondrial nucleoid; required for normal respiratory growth	pS
YFL016C	MDJ1	P35191	4	38	62.5	62.5	38.6	Very low	0.919	Disordered	117	81.82	Exposed	Co-chaperone that stimulates HSP70 protein Ssc1p ATPase activity; involved in protein folding/refolding in the mitochodrial matrix; required for proteolysis of misfolded proteins; member of the HSP40 (DnaJ) family of chaperones	pS
YFL016C	MDJ1	P35191	4	191	87.5	87.5	46.1	Very low	0.673	Disordered	101	70.63	Exposed	Co-chaperone that stimulates HSP70 protein Ssc1p ATPase activity; involved in protein folding/refolding in the mitochodrial matrix; required for proteolysis of misfolded proteins; member of the HSP40 (DnaJ) family of chaperones	pS
YFL016C	MDJ1	P35191	4	300	87.5	100	93.6	Very high	0.058	Ordered	89	54.6	Exposed	Co-chaperone that stimulates HSP70 protein Ssc1p ATPase activity; involved in protein folding/refolding in the mitochodrial matrix; required for proteolysis of misfolded proteins; member of the HSP40 (DnaJ) family of chaperones	pT
YFL016C	MDJ1	P35191	4	434	100	100	85.5	Confident	0.049	Ordered	33	23.08	Exposed	Co-chaperone that stimulates HSP70 protein Ssc1p ATPase activity; involved in protein folding/refolding in the mitochodrial matrix; required for proteolysis of misfolded proteins; member of the HSP40 (DnaJ) family of chaperones	pS
YNL252C	MRPL17	P36528	5	13	100	100	46.5	Very low	0.839	Disordered	135	82.82	Exposed	Mitochondrial ribosomal protein of the large subunit	pT
YNL252C	MRPL17	P36528	5	15	62.5	62.5	45.2	Very low	0.8	Disordered	124	76.07	Exposed	Mitochondrial ribosomal protein of the large subunit	pT
YNL252C	MRPL17	P36528	5	19	12.5	25	57.7	Low	0.691	Disordered	77	53.85	Exposed	Mitochondrial ribosomal protein of the large subunit	pS
YNL252C	MRPL17	P36528	5	120	0	0	57.4	Low	0.813	Disordered	50	34.97	Exposed	Mitochondrial ribosomal protein of the large subunit	pS
YNL252C	MRPL17	P36528	5	163	75	75	94.5	Very high	0.175	Ordered	25	17.48	Buried	Mitochondrial ribosomal protein of the large subunit	pS
YOR020C	HSP10	P38910	5	10	100	100	89.8	Confident	0.571	Disordered	67	46.85	Exposed	Mitochondrial matrix co-chaperonin; inhibits the ATPase activity of Hsp60p, a mitochondrial chaperonin; involved in protein folding and sorting in the mitochondria; 10 kD heat shock protein with similarity to E. coli groE	pS
YOR020C	HSP10	P38910	5	29	100	100	80.5	Confident	0.356	Ordered	46	28.22	Exposed	Mitochondrial matrix co-chaperonin; inhibits the ATPase activity of Hsp60p, a mitochondrial chaperonin; involved in protein folding and sorting in the mitochondria; 10 kD heat shock protein with similarity to E. coli groE	pT
YOR020C	HSP10	P38910	5	31	100	100	84.3	Confident	0.341	Ordered	95	66.43	Exposed	Mitochondrial matrix co-chaperonin; inhibits the ATPase activity of Hsp60p, a mitochondrial chaperonin; involved in protein folding and sorting in the mitochondria; 10 kD heat shock protein with similarity to E. coli groE	pS
YOR020C	HSP10	P38910	5	81	100	100	96	Very high	0.078	Ordered	75	52.45	Exposed	Mitochondrial matrix co-chaperonin; inhibits the ATPase activity of Hsp60p, a mitochondrial chaperonin; involved in protein folding and sorting in the mitochondria; 10 kD heat shock protein with similarity to E. coli groE	pS
YOR020C	HSP10	P38910	5	82	100	100	93.8	Very high	0.074	Ordered	83	50.92	Exposed	Mitochondrial matrix co-chaperonin; inhibits the ATPase activity of Hsp60p, a mitochondrial chaperonin; involved in protein folding and sorting in the mitochondria; 10 kD heat shock protein with similarity to E. coli groE	pT
YCL064C	CHA1	P25379	6	33	75	75	96.5	Very high	0.071	Ordered	1	0.7	Buried	Catabolic L-serine (L-threonine) deaminase; catalyzes the degradation of both L-serine and L-threonine; required to use serine or threonine as the sole nitrogen source, transcriptionally induced by serine and threonine	pS
YCL064C	CHA1	P25379	6	93	100	100	91.9	Very high	0.05	Ordered	21	12.88	Buried	Catabolic L-serine (L-threonine) deaminase; catalyzes the degradation of both L-serine and L-threonine; required to use serine or threonine as the sole nitrogen source, transcriptionally induced by serine and threonine	pT
YCL064C	CHA1	P25379	6	165	50	62.5	97.9	Very high	0.013	Ordered	78	54.55	Exposed	Catabolic L-serine (L-threonine) deaminase; catalyzes the degradation of both L-serine and L-threonine; required to use serine or threonine as the sole nitrogen source, transcriptionally induced by serine and threonine	pS
YCL064C	CHA1	P25379	6	169	62.5	62.5	97.5	Very high	0.013	Ordered	57	39.86	Exposed	Catabolic L-serine (L-threonine) deaminase; catalyzes the degradation of both L-serine and L-threonine; required to use serine or threonine as the sole nitrogen source, transcriptionally induced by serine and threonine	pS
YCL064C	CHA1	P25379	6	257	87.5	87.5	98.1	Very high	0.026	Ordered	30	20.98	Exposed	Catabolic L-serine (L-threonine) deaminase; catalyzes the degradation of both L-serine and L-threonine; required to use serine or threonine as the sole nitrogen source, transcriptionally induced by serine and threonine	pS
YCL064C	CHA1	P25379	6	303	37.5	62.5	93.4	Very high	0.014	Ordered	68	47.55	Exposed	Catabolic L-serine (L-threonine) deaminase; catalyzes the degradation of both L-serine and L-threonine; required to use serine or threonine as the sole nitrogen source, transcriptionally induced by serine and threonine	pS
YDL078C	MDH3	P32419	6	10	100	100	97	Very high	0.071	Ordered	23	16.08	Buried	Peroxisomal malate dehydrogenase; catalyzes interconversion of malate and oxaloacetate; involved in the glyoxylate cycle; mutation in human homolog MDH2 causes early-onset severe encephalopathy	pS
YDL078C	MDH3	P32419	6	46	100	100	97.6	Very high	0.052	Ordered	52	36.36	Exposed	Peroxisomal malate dehydrogenase; catalyzes interconversion of malate and oxaloacetate; involved in the glyoxylate cycle; mutation in human homolog MDH2 causes early-onset severe encephalopathy	pS
YDL078C	MDH3	P32419	6	299	50	75	98.5	Very high	0.043	Ordered	17	11.89	Buried	Peroxisomal malate dehydrogenase; catalyzes interconversion of malate and oxaloacetate; involved in the glyoxylate cycle; mutation in human homolog MDH2 causes early-onset severe encephalopathy	pS
YDL078C	MDH3	P32419	6	335	75	75	96.1	Very high	0.22	Ordered	34	23.78	Exposed	Peroxisomal malate dehydrogenase; catalyzes interconversion of malate and oxaloacetate; involved in the glyoxylate cycle; mutation in human homolog MDH2 causes early-onset severe encephalopathy	pS
YDL078C	MDH3	P32419	6	340	75	75	79.2	Confident	0.161	Ordered	23	16.08	Buried	Peroxisomal malate dehydrogenase; catalyzes interconversion of malate and oxaloacetate; involved in the glyoxylate cycle; mutation in human homolog MDH2 causes early-onset severe encephalopathy	pS
YDL078C	MDH3	P32419	6	341	75	100	67.9	Low	0.126	Ordered	117	81.82	Exposed	Peroxisomal malate dehydrogenase; catalyzes interconversion of malate and oxaloacetate; involved in the glyoxylate cycle; mutation in human homolog MDH2 causes early-onset severe encephalopathy	pS
YOR330C	MIP1	P15801	7	652	100	100	94.2	Very high	0.153	Ordered	40	24.54	Exposed	Mitochondrial DNA polymerase gamma; single subunit of mitochondrial DNA polymerase in yeast, in contrast to metazoan complex of catalytic and accessory subunits; polymorphic in yeast, petites occur more frequently in some lab strains; human ortholog POLG complements yeast mip1 mutant; mutations in human POLG associated with Alpers-Huttenlocher syndrome (AHS), progressive external ophthalmoplegia (PEO), parkinsonism, other mitochondrial diseases	pT
YOR330C	MIP1	P15801	7	654	100	100	93	Very high	0.148	Ordered	10	6.13	Buried	Mitochondrial DNA polymerase gamma; single subunit of mitochondrial DNA polymerase in yeast, in contrast to metazoan complex of catalytic and accessory subunits; polymorphic in yeast, petites occur more frequently in some lab strains; human ortholog POLG complements yeast mip1 mutant; mutations in human POLG associated with Alpers-Huttenlocher syndrome (AHS), progressive external ophthalmoplegia (PEO), parkinsonism, other mitochondrial diseases	pT
YOR330C	MIP1	P15801	7	791	100	100	89.1	Confident	0.367	Ordered	7	4.29	Buried	Mitochondrial DNA polymerase gamma; single subunit of mitochondrial DNA polymerase in yeast, in contrast to metazoan complex of catalytic and accessory subunits; polymorphic in yeast, petites occur more frequently in some lab strains; human ortholog POLG complements yeast mip1 mutant; mutations in human POLG associated with Alpers-Huttenlocher syndrome (AHS), progressive external ophthalmoplegia (PEO), parkinsonism, other mitochondrial diseases	pT
YOR330C	MIP1	P15801	7	795	100	100	90.1	Very high	0.383	Ordered	72	44.17	Exposed	Mitochondrial DNA polymerase gamma; single subunit of mitochondrial DNA polymerase in yeast, in contrast to metazoan complex of catalytic and accessory subunits; polymorphic in yeast, petites occur more frequently in some lab strains; human ortholog POLG complements yeast mip1 mutant; mutations in human POLG associated with Alpers-Huttenlocher syndrome (AHS), progressive external ophthalmoplegia (PEO), parkinsonism, other mitochondrial diseases	pT
YOR330C	MIP1	P15801	7	836	100	100	95	Very high	0.198	Ordered	1	0.61	Buried	Mitochondrial DNA polymerase gamma; single subunit of mitochondrial DNA polymerase in yeast, in contrast to metazoan complex of catalytic and accessory subunits; polymorphic in yeast, petites occur more frequently in some lab strains; human ortholog POLG complements yeast mip1 mutant; mutations in human POLG associated with Alpers-Huttenlocher syndrome (AHS), progressive external ophthalmoplegia (PEO), parkinsonism, other mitochondrial diseases	pT
YOR330C	MIP1	P15801	7	1113	71.4	71.4	33.6	Very low	0.847	Disordered	111	77.62	Exposed	Mitochondrial DNA polymerase gamma; single subunit of mitochondrial DNA polymerase in yeast, in contrast to metazoan complex of catalytic and accessory subunits; polymorphic in yeast, petites occur more frequently in some lab strains; human ortholog POLG complements yeast mip1 mutant; mutations in human POLG associated with Alpers-Huttenlocher syndrome (AHS), progressive external ophthalmoplegia (PEO), parkinsonism, other mitochondrial diseases	pS
YOR330C	MIP1	P15801	7	1215	57.1	71.4	26.3	Very low	0.98	Disordered	109	76.22	Exposed	Mitochondrial DNA polymerase gamma; single subunit of mitochondrial DNA polymerase in yeast, in contrast to metazoan complex of catalytic and accessory subunits; polymorphic in yeast, petites occur more frequently in some lab strains; human ortholog POLG complements yeast mip1 mutant; mutations in human POLG associated with Alpers-Huttenlocher syndrome (AHS), progressive external ophthalmoplegia (PEO), parkinsonism, other mitochondrial diseases	pS
YMR241W	YHM2	Q04013	7	3	62.5	62.5	43	Very low	0.887	Disordered	106	74.13	Exposed	Citrate and oxoglutarate carrier protein; exports citrate from and imports oxoglutarate into the mitochondrion, causing net export of NADPH reducing equivalents; also associates with mt nucleoids and has a role in replication and segregation of the mt genome	pS
YMR241W	YHM2	Q04013	7	46	87.5	87.5	91.8	Very high	0.035	Ordered	0	0	Buried	Citrate and oxoglutarate carrier protein; exports citrate from and imports oxoglutarate into the mitochondrion, causing net export of NADPH reducing equivalents; also associates with mt nucleoids and has a role in replication and segregation of the mt genome	pT
YMR241W	YHM2	Q04013	7	55	62.5	62.5	90.8	Very high	0.029	Ordered	64	39.26	Exposed	Citrate and oxoglutarate carrier protein; exports citrate from and imports oxoglutarate into the mitochondrion, causing net export of NADPH reducing equivalents; also associates with mt nucleoids and has a role in replication and segregation of the mt genome	pT
YMR241W	YHM2	Q04013	7	95	87.5	87.5	92.7	Very high	0.02	Ordered	20	13.99	Buried	Citrate and oxoglutarate carrier protein; exports citrate from and imports oxoglutarate into the mitochondrion, causing net export of NADPH reducing equivalents; also associates with mt nucleoids and has a role in replication and segregation of the mt genome	pS
YMR241W	YHM2	Q04013	7	145	62.5	75	47.5	Very low	0.184	Ordered	78	54.55	Exposed	Citrate and oxoglutarate carrier protein; exports citrate from and imports oxoglutarate into the mitochondrion, causing net export of NADPH reducing equivalents; also associates with mt nucleoids and has a role in replication and segregation of the mt genome	pS
YMR241W	YHM2	Q04013	7	147	50	62.5	45.9	Very low	0.177	Ordered	127	88.81	Exposed	Citrate and oxoglutarate carrier protein; exports citrate from and imports oxoglutarate into the mitochondrion, causing net export of NADPH reducing equivalents; also associates with mt nucleoids and has a role in replication and segregation of the mt genome	pS
YMR241W	YHM2	Q04013	7	207	87.5	87.5	53.5	Low	0.138	Ordered	126	77.3	Exposed	Citrate and oxoglutarate carrier protein; exports citrate from and imports oxoglutarate into the mitochondrion, causing net export of NADPH reducing equivalents; also associates with mt nucleoids and has a role in replication and segregation of the mt genome	pT
YMR072W	ABF2	Q02486	8	59	50	50	93.3	Very high	0.227	Ordered	75	52.45	Exposed	Mitochondrial DNA-binding protein; involved in mitochondrial DNA replication and recombination, member of HMG1 DNA-binding protein family; activity may be regulated by protein kinase A phosphorylation; ABF2 has a paralog, IXR1, that arose from the whole genome duplication; human homolog TFAM can complement yeast abf2 mutant, rescuing the loss-of-mitochondrial DNA phenotype	pS
YMR072W	ABF2	Q02486	8	67	75	75	92.7	Very high	0.172	Ordered	132	80.98	Exposed	Mitochondrial DNA-binding protein; involved in mitochondrial DNA replication and recombination, member of HMG1 DNA-binding protein family; activity may be regulated by protein kinase A phosphorylation; ABF2 has a paralog, IXR1, that arose from the whole genome duplication; human homolog TFAM can complement yeast abf2 mutant, rescuing the loss-of-mitochondrial DNA phenotype	pT
YMR072W	ABF2	Q02486	8	74	87.5	87.5	92.4	Very high	0.139	Ordered	41	28.67	Exposed	Mitochondrial DNA-binding protein; involved in mitochondrial DNA replication and recombination, member of HMG1 DNA-binding protein family; activity may be regulated by protein kinase A phosphorylation; ABF2 has a paralog, IXR1, that arose from the whole genome duplication; human homolog TFAM can complement yeast abf2 mutant, rescuing the loss-of-mitochondrial DNA phenotype	pS
YMR072W	ABF2	Q02486	8	101	62.5	62.5	97.9	Very high	0.076	Ordered	53	37.06	Exposed	Mitochondrial DNA-binding protein; involved in mitochondrial DNA replication and recombination, member of HMG1 DNA-binding protein family; activity may be regulated by protein kinase A phosphorylation; ABF2 has a paralog, IXR1, that arose from the whole genome duplication; human homolog TFAM can complement yeast abf2 mutant, rescuing the loss-of-mitochondrial DNA phenotype	pS
YMR072W	ABF2	Q02486	8	132	50	75	94.2	Very high	0.185	Ordered	82	57.34	Exposed	Mitochondrial DNA-binding protein; involved in mitochondrial DNA replication and recombination, member of HMG1 DNA-binding protein family; activity may be regulated by protein kinase A phosphorylation; ABF2 has a paralog, IXR1, that arose from the whole genome duplication; human homolog TFAM can complement yeast abf2 mutant, rescuing the loss-of-mitochondrial DNA phenotype	pS
YMR072W	ABF2	Q02486	8	142	100	100	94.2	Very high	0.135	Ordered	67	46.85	Exposed	Mitochondrial DNA-binding protein; involved in mitochondrial DNA replication and recombination, member of HMG1 DNA-binding protein family; activity may be regulated by protein kinase A phosphorylation; ABF2 has a paralog, IXR1, that arose from the whole genome duplication; human homolog TFAM can complement yeast abf2 mutant, rescuing the loss-of-mitochondrial DNA phenotype	pS
YMR072W	ABF2	Q02486	8	156	62.5	62.5	94.6	Very high	0.078	Ordered	103	72.03	Exposed	Mitochondrial DNA-binding protein; involved in mitochondrial DNA replication and recombination, member of HMG1 DNA-binding protein family; activity may be regulated by protein kinase A phosphorylation; ABF2 has a paralog, IXR1, that arose from the whole genome duplication; human homolog TFAM can complement yeast abf2 mutant, rescuing the loss-of-mitochondrial DNA phenotype	pS
YMR072W	ABF2	Q02486	8	160	12.5	25	95.7	Very high	0.065	Ordered	85	59.44	Exposed	Mitochondrial DNA-binding protein; involved in mitochondrial DNA replication and recombination, member of HMG1 DNA-binding protein family; activity may be regulated by protein kinase A phosphorylation; ABF2 has a paralog, IXR1, that arose from the whole genome duplication; human homolog TFAM can complement yeast abf2 mutant, rescuing the loss-of-mitochondrial DNA phenotype	pS
YML120C	NDI1	P32340	8	27	100	100	29.5	Very low	0.964	Disordered	113	79.02	Exposed	NADH:ubiquinone oxidoreductase; transfers electrons from NADH to ubiquinone in respiratory chain but does not pump protons, in contrast to higher eukaryotic multisubunit respiratory complex I; upon apoptotic stress, is activated in mitochondria by N-terminal cleavage, then translocates to cytoplasm to induce apoptosis; homolog of human AIFM2; yeast NDI1 complements several phenotypes of human cell line with mutated MT-ND4, implicated in Leber hereditary optic neuropathy	pS
YML120C	NDI1	P32340	8	28	100	100	28.6	Very low	0.958	Disordered	138	84.66	Exposed	NADH:ubiquinone oxidoreductase; transfers electrons from NADH to ubiquinone in respiratory chain but does not pump protons, in contrast to higher eukaryotic multisubunit respiratory complex I; upon apoptotic stress, is activated in mitochondria by N-terminal cleavage, then translocates to cytoplasm to induce apoptosis; homolog of human AIFM2; yeast NDI1 complements several phenotypes of human cell line with mutated MT-ND4, implicated in Leber hereditary optic neuropathy	pT
YML120C	NDI1	P32340	8	33	62.5	62.5	35.5	Very low	0.871	Disordered	104	72.73	Exposed	NADH:ubiquinone oxidoreductase; transfers electrons from NADH to ubiquinone in respiratory chain but does not pump protons, in contrast to higher eukaryotic multisubunit respiratory complex I; upon apoptotic stress, is activated in mitochondria by N-terminal cleavage, then translocates to cytoplasm to induce apoptosis; homolog of human AIFM2; yeast NDI1 complements several phenotypes of human cell line with mutated MT-ND4, implicated in Leber hereditary optic neuropathy	pS
YML120C	NDI1	P32340	8	39	100	100	25.1	Very low	0.703	Disordered	72	50.35	Exposed	NADH:ubiquinone oxidoreductase; transfers electrons from NADH to ubiquinone in respiratory chain but does not pump protons, in contrast to higher eukaryotic multisubunit respiratory complex I; upon apoptotic stress, is activated in mitochondria by N-terminal cleavage, then translocates to cytoplasm to induce apoptosis; homolog of human AIFM2; yeast NDI1 complements several phenotypes of human cell line with mutated MT-ND4, implicated in Leber hereditary optic neuropathy	pS
YML120C	NDI1	P32340	8	42	100	100	44.3	Very low	0.623	Disordered	116	71.17	Exposed	NADH:ubiquinone oxidoreductase; transfers electrons from NADH to ubiquinone in respiratory chain but does not pump protons, in contrast to higher eukaryotic multisubunit respiratory complex I; upon apoptotic stress, is activated in mitochondria by N-terminal cleavage, then translocates to cytoplasm to induce apoptosis; homolog of human AIFM2; yeast NDI1 complements several phenotypes of human cell line with mutated MT-ND4, implicated in Leber hereditary optic neuropathy	pT
YML120C	NDI1	P32340	8	77	100	100	94.8	Very high	0.054	Ordered	3	1.18	Buried	NADH:ubiquinone oxidoreductase; transfers electrons from NADH to ubiquinone in respiratory chain but does not pump protons, in contrast to higher eukaryotic multisubunit respiratory complex I; upon apoptotic stress, is activated in mitochondria by N-terminal cleavage, then translocates to cytoplasm to induce apoptosis; homolog of human AIFM2; yeast NDI1 complements several phenotypes of human cell line with mutated MT-ND4, implicated in Leber hereditary optic neuropathy	pY
YML120C	NDI1	P32340	8	83	100	100	98.1	Very high	0.068	Ordered	8	5.59	Buried	NADH:ubiquinone oxidoreductase; transfers electrons from NADH to ubiquinone in respiratory chain but does not pump protons, in contrast to higher eukaryotic multisubunit respiratory complex I; upon apoptotic stress, is activated in mitochondria by N-terminal cleavage, then translocates to cytoplasm to induce apoptosis; homolog of human AIFM2; yeast NDI1 complements several phenotypes of human cell line with mutated MT-ND4, implicated in Leber hereditary optic neuropathy	pS
YML120C	NDI1	P32340	8	239	100	100	98.2	Very high	0.061	Ordered	59	36.2	Exposed	NADH:ubiquinone oxidoreductase; transfers electrons from NADH to ubiquinone in respiratory chain but does not pump protons, in contrast to higher eukaryotic multisubunit respiratory complex I; upon apoptotic stress, is activated in mitochondria by N-terminal cleavage, then translocates to cytoplasm to induce apoptosis; homolog of human AIFM2; yeast NDI1 complements several phenotypes of human cell line with mutated MT-ND4, implicated in Leber hereditary optic neuropathy	pT
YBR221C	PDB1	P32473	10	140	100	100	97.8	Very high	0.044	Ordered	36	25.17	Exposed	E1 beta subunit of the pyruvate dehydrogenase (PDH) complex; PDH is an evolutionarily conserved multi-protein complex found in mitochondria	pS
YBR221C	PDB1	P32473	10	185	100	100	98.5	Very high	0.022	Ordered	8	5.59	Buried	E1 beta subunit of the pyruvate dehydrogenase (PDH) complex; PDH is an evolutionarily conserved multi-protein complex found in mitochondria	pS
YBR221C	PDB1	P32473	10	224	100	100	96.8	Very high	0.049	Ordered	47	32.87	Exposed	E1 beta subunit of the pyruvate dehydrogenase (PDH) complex; PDH is an evolutionarily conserved multi-protein complex found in mitochondria	pS
YBR221C	PDB1	P32473	10	240	62.5	75	98.6	Very high	0.032	Ordered	83	50.92	Exposed	E1 beta subunit of the pyruvate dehydrogenase (PDH) complex; PDH is an evolutionarily conserved multi-protein complex found in mitochondria	pT
YBR221C	PDB1	P32473	10	276	75	75	98.8	Very high	0.026	Ordered	0	0	Buried	E1 beta subunit of the pyruvate dehydrogenase (PDH) complex; PDH is an evolutionarily conserved multi-protein complex found in mitochondria	pS
YBR221C	PDB1	P32473	10	282	50	50	98.2	Very high	0.035	Ordered	35	21.47	Exposed	E1 beta subunit of the pyruvate dehydrogenase (PDH) complex; PDH is an evolutionarily conserved multi-protein complex found in mitochondria	pT
YBR221C	PDB1	P32473	10	332	100	100	98.6	Very high	0.077	Ordered	32	19.63	Buried	E1 beta subunit of the pyruvate dehydrogenase (PDH) complex; PDH is an evolutionarily conserved multi-protein complex found in mitochondria	pT
YBR221C	PDB1	P32473	10	340	100	100	97.7	Very high	0.08	Ordered	176	69.02	Exposed	E1 beta subunit of the pyruvate dehydrogenase (PDH) complex; PDH is an evolutionarily conserved multi-protein complex found in mitochondria	pY
YBR221C	PDB1	P32473	10	338	100	100	97.4	Very high	0.08	Ordered	10	6.13	Buried	E1 beta subunit of the pyruvate dehydrogenase (PDH) complex; PDH is an evolutionarily conserved multi-protein complex found in mitochondria	pT
YBR221C	PDB1	P32473	10	352	37.5	37.5	98.4	Very high	0.044	Ordered	11	6.75	Buried	E1 beta subunit of the pyruvate dehydrogenase (PDH) complex; PDH is an evolutionarily conserved multi-protein complex found in mitochondria	pT
YFL018C	LPD1	P09624	11	6	100	100	36.3	Very low	0.869	Disordered	103	72.03	Exposed	Dihydrolipoamide dehydrogenase; the lipoamide dehydrogenase component (E3) of the pyruvate dehydrogenase and 2-oxoglutarate dehydrogenase multi-enzyme complexes; PDH complex is concentrated in spots within the mitochondrial matrix, often near the ERMES complex and near peroxisomes; LPD1 has a paralog, IRC15, that arose from the whole genome duplication	pS
YFL018C	LPD1	P09624	11	52	100	100	98.8	Very high	0.014	Ordered	1	0.61	Buried	Dihydrolipoamide dehydrogenase; the lipoamide dehydrogenase component (E3) of the pyruvate dehydrogenase and 2-oxoglutarate dehydrogenase multi-enzyme complexes; PDH complex is concentrated in spots within the mitochondrial matrix, often near the ERMES complex and near peroxisomes; LPD1 has a paralog, IRC15, that arose from the whole genome duplication	pT
YFL018C	LPD1	P09624	11	64	100	100	98.6	Very high	0.022	Ordered	33	20.25	Exposed	Dihydrolipoamide dehydrogenase; the lipoamide dehydrogenase component (E3) of the pyruvate dehydrogenase and 2-oxoglutarate dehydrogenase multi-enzyme complexes; PDH complex is concentrated in spots within the mitochondrial matrix, often near the ERMES complex and near peroxisomes; LPD1 has a paralog, IRC15, that arose from the whole genome duplication	pT
YFL018C	LPD1	P09624	11	73	100	100	98.3	Very high	0.025	Ordered	7	4.9	Buried	Dihydrolipoamide dehydrogenase; the lipoamide dehydrogenase component (E3) of the pyruvate dehydrogenase and 2-oxoglutarate dehydrogenase multi-enzyme complexes; PDH complex is concentrated in spots within the mitochondrial matrix, often near the ERMES complex and near peroxisomes; LPD1 has a paralog, IRC15, that arose from the whole genome duplication	pS
YFL018C	LPD1	P09624	11	140	100	100	98.6	Very high	0.035	Ordered	25	17.48	Buried	Dihydrolipoamide dehydrogenase; the lipoamide dehydrogenase component (E3) of the pyruvate dehydrogenase and 2-oxoglutarate dehydrogenase multi-enzyme complexes; PDH complex is concentrated in spots within the mitochondrial matrix, often near the ERMES complex and near peroxisomes; LPD1 has a paralog, IRC15, that arose from the whole genome duplication	pS
YFL018C	LPD1	P09624	11	158	100	100	96.8	Very high	0.019	Ordered	29	17.79	Buried	Dihydrolipoamide dehydrogenase; the lipoamide dehydrogenase component (E3) of the pyruvate dehydrogenase and 2-oxoglutarate dehydrogenase multi-enzyme complexes; PDH complex is concentrated in spots within the mitochondrial matrix, often near the ERMES complex and near peroxisomes; LPD1 has a paralog, IRC15, that arose from the whole genome duplication	pT
YFL018C	LPD1	P09624	11	176	100	100	98.7	Very high	0.03	Ordered	9	6.29	Buried	Dihydrolipoamide dehydrogenase; the lipoamide dehydrogenase component (E3) of the pyruvate dehydrogenase and 2-oxoglutarate dehydrogenase multi-enzyme complexes; PDH complex is concentrated in spots within the mitochondrial matrix, often near the ERMES complex and near peroxisomes; LPD1 has a paralog, IRC15, that arose from the whole genome duplication	pS
YFL018C	LPD1	P09624	11	199	100	100	97.1	Very high	0.022	Ordered	63	44.06	Exposed	Dihydrolipoamide dehydrogenase; the lipoamide dehydrogenase component (E3) of the pyruvate dehydrogenase and 2-oxoglutarate dehydrogenase multi-enzyme complexes; PDH complex is concentrated in spots within the mitochondrial matrix, often near the ERMES complex and near peroxisomes; LPD1 has a paralog, IRC15, that arose from the whole genome duplication	pS
YFL018C	LPD1	P09624	11	336	75	100	97.9	Very high	0.009	Ordered	11	7.69	Buried	Dihydrolipoamide dehydrogenase; the lipoamide dehydrogenase component (E3) of the pyruvate dehydrogenase and 2-oxoglutarate dehydrogenase multi-enzyme complexes; PDH complex is concentrated in spots within the mitochondrial matrix, often near the ERMES complex and near peroxisomes; LPD1 has a paralog, IRC15, that arose from the whole genome duplication	pS
YFL018C	LPD1	P09624	11	348	100	100	98.5	Very high	0.014	Ordered	5	3.07	Buried	Dihydrolipoamide dehydrogenase; the lipoamide dehydrogenase component (E3) of the pyruvate dehydrogenase and 2-oxoglutarate dehydrogenase multi-enzyme complexes; PDH complex is concentrated in spots within the mitochondrial matrix, often near the ERMES complex and near peroxisomes; LPD1 has a paralog, IRC15, that arose from the whole genome duplication	pT
YFL018C	LPD1	P09624	11	418	100	100	97.2	Very high	0.057	Ordered	38	26.57	Exposed	Dihydrolipoamide dehydrogenase; the lipoamide dehydrogenase component (E3) of the pyruvate dehydrogenase and 2-oxoglutarate dehydrogenase multi-enzyme complexes; PDH complex is concentrated in spots within the mitochondrial matrix, often near the ERMES complex and near peroxisomes; LPD1 has a paralog, IRC15, that arose from the whole genome duplication	pS
YBL022C	PIM1	P36775	11	120	25	25	20	Very low	0.96	Disordered	121	74.23	Exposed	ATP-dependent Lon protease; involved in degradation of misfolded mitochondrial proteins; required for mitochondrial maintenance and biogenesis; regulates mitochondrial DNA copy number with Mrx6p; subunit of a complex containing Mrx6p, Pet20p, and Mam33p that may regulate mtDNA replication; protease-independent, chaperone-like function in mitochondrial membrane complex assembly; localizes to the mitochondrial matrix	pT
YBL022C	PIM1	P36775	11	142	75	75	19.9	Very low	0.982	Disordered	92	64.34	Exposed	ATP-dependent Lon protease; involved in degradation of misfolded mitochondrial proteins; required for mitochondrial maintenance and biogenesis; regulates mitochondrial DNA copy number with Mrx6p; subunit of a complex containing Mrx6p, Pet20p, and Mam33p that may regulate mtDNA replication; protease-independent, chaperone-like function in mitochondrial membrane complex assembly; localizes to the mitochondrial matrix	pS
YBL022C	PIM1	P36775	11	300	25	25	19.1	Very low	0.94	Disordered	133	81.6	Exposed	ATP-dependent Lon protease; involved in degradation of misfolded mitochondrial proteins; required for mitochondrial maintenance and biogenesis; regulates mitochondrial DNA copy number with Mrx6p; subunit of a complex containing Mrx6p, Pet20p, and Mam33p that may regulate mtDNA replication; protease-independent, chaperone-like function in mitochondrial membrane complex assembly; localizes to the mitochondrial matrix	pT
YBL022C	PIM1	P36775	11	657	100	100	92.3	Very high	0.11	Ordered	52	36.36	Exposed	ATP-dependent Lon protease; involved in degradation of misfolded mitochondrial proteins; required for mitochondrial maintenance and biogenesis; regulates mitochondrial DNA copy number with Mrx6p; subunit of a complex containing Mrx6p, Pet20p, and Mam33p that may regulate mtDNA replication; protease-independent, chaperone-like function in mitochondrial membrane complex assembly; localizes to the mitochondrial matrix	pS
YBL022C	PIM1	P36775	11	787	100	100	91.2	Very high	0.312	Ordered	55	38.46	Exposed	ATP-dependent Lon protease; involved in degradation of misfolded mitochondrial proteins; required for mitochondrial maintenance and biogenesis; regulates mitochondrial DNA copy number with Mrx6p; subunit of a complex containing Mrx6p, Pet20p, and Mam33p that may regulate mtDNA replication; protease-independent, chaperone-like function in mitochondrial membrane complex assembly; localizes to the mitochondrial matrix	pS
YBL022C	PIM1	P36775	11	842	100	100	62.3	Low	0.573	Disordered	71	49.65	Exposed	ATP-dependent Lon protease; involved in degradation of misfolded mitochondrial proteins; required for mitochondrial maintenance and biogenesis; regulates mitochondrial DNA copy number with Mrx6p; subunit of a complex containing Mrx6p, Pet20p, and Mam33p that may regulate mtDNA replication; protease-independent, chaperone-like function in mitochondrial membrane complex assembly; localizes to the mitochondrial matrix	pS
YBL022C	PIM1	P36775	11	846	75	87.5	32.6	Very low	0.709	Disordered	84	58.74	Exposed	ATP-dependent Lon protease; involved in degradation of misfolded mitochondrial proteins; required for mitochondrial maintenance and biogenesis; regulates mitochondrial DNA copy number with Mrx6p; subunit of a complex containing Mrx6p, Pet20p, and Mam33p that may regulate mtDNA replication; protease-independent, chaperone-like function in mitochondrial membrane complex assembly; localizes to the mitochondrial matrix	pS
YBL022C	PIM1	P36775	11	849	75	75	23.9	Very low	0.816	Disordered	122	85.31	Exposed	ATP-dependent Lon protease; involved in degradation of misfolded mitochondrial proteins; required for mitochondrial maintenance and biogenesis; regulates mitochondrial DNA copy number with Mrx6p; subunit of a complex containing Mrx6p, Pet20p, and Mam33p that may regulate mtDNA replication; protease-independent, chaperone-like function in mitochondrial membrane complex assembly; localizes to the mitochondrial matrix	pS
YBL022C	PIM1	P36775	11	850	50	62.5	21.8	Very low	0.848	Disordered	98	68.53	Exposed	ATP-dependent Lon protease; involved in degradation of misfolded mitochondrial proteins; required for mitochondrial maintenance and biogenesis; regulates mitochondrial DNA copy number with Mrx6p; subunit of a complex containing Mrx6p, Pet20p, and Mam33p that may regulate mtDNA replication; protease-independent, chaperone-like function in mitochondrial membrane complex assembly; localizes to the mitochondrial matrix	pS
YBL022C	PIM1	P36775	11	860	75	75	15.3	Very low	0.985	Disordered	104	72.73	Exposed	ATP-dependent Lon protease; involved in degradation of misfolded mitochondrial proteins; required for mitochondrial maintenance and biogenesis; regulates mitochondrial DNA copy number with Mrx6p; subunit of a complex containing Mrx6p, Pet20p, and Mam33p that may regulate mtDNA replication; protease-independent, chaperone-like function in mitochondrial membrane complex assembly; localizes to the mitochondrial matrix	pS
YBL022C	PIM1	P36775	11	902	75	100	85.7	Confident	0.312	Ordered	35	24.48	Exposed	ATP-dependent Lon protease; involved in degradation of misfolded mitochondrial proteins; required for mitochondrial maintenance and biogenesis; regulates mitochondrial DNA copy number with Mrx6p; subunit of a complex containing Mrx6p, Pet20p, and Mam33p that may regulate mtDNA replication; protease-independent, chaperone-like function in mitochondrial membrane complex assembly; localizes to the mitochondrial matrix	pS
YCL009C	ILV6	P25605	12	16	75	75	46.8	Very low	0.944	Disordered	102	71.33	Exposed	Regulatory subunit of acetolactate synthase; acetolactate synthase catalyzes the first step of branched-chain amino acid biosynthesis; enhances activity of the Ilv2p catalytic subunit, localizes to mitochondria	pS
YCL009C	ILV6	P25605	12	26	100	100	56.2	Low	0.905	Disordered	125	87.41	Exposed	Regulatory subunit of acetolactate synthase; acetolactate synthase catalyzes the first step of branched-chain amino acid biosynthesis; enhances activity of the Ilv2p catalytic subunit, localizes to mitochondria	pS
YCL009C	ILV6	P25605	12	30	100	100	74.1	Confident	0.865	Disordered	79	55.24	Exposed	Regulatory subunit of acetolactate synthase; acetolactate synthase catalyzes the first step of branched-chain amino acid biosynthesis; enhances activity of the Ilv2p catalytic subunit, localizes to mitochondria	pS
YCL009C	ILV6	P25605	12	92	100	100	95.8	Very high	0.076	Ordered	87	60.84	Exposed	Regulatory subunit of acetolactate synthase; acetolactate synthase catalyzes the first step of branched-chain amino acid biosynthesis; enhances activity of the Ilv2p catalytic subunit, localizes to mitochondria	pS
YCL009C	ILV6	P25605	12	95	100	100	95.6	Very high	0.072	Ordered	40	27.97	Exposed	Regulatory subunit of acetolactate synthase; acetolactate synthase catalyzes the first step of branched-chain amino acid biosynthesis; enhances activity of the Ilv2p catalytic subunit, localizes to mitochondria	pS
YCL009C	ILV6	P25605	12	97	100	100	94.8	Very high	0.068	Ordered	20	12.27	Buried	Regulatory subunit of acetolactate synthase; acetolactate synthase catalyzes the first step of branched-chain amino acid biosynthesis; enhances activity of the Ilv2p catalytic subunit, localizes to mitochondria	pT
YCL009C	ILV6	P25605	12	107	100	100	96.2	Very high	0.04	Ordered	23	16.08	Buried	Regulatory subunit of acetolactate synthase; acetolactate synthase catalyzes the first step of branched-chain amino acid biosynthesis; enhances activity of the Ilv2p catalytic subunit, localizes to mitochondria	pS
YCL009C	ILV6	P25605	12	113	100	100	96.3	Very high	0.041	Ordered	35	21.47	Exposed	Regulatory subunit of acetolactate synthase; acetolactate synthase catalyzes the first step of branched-chain amino acid biosynthesis; enhances activity of the Ilv2p catalytic subunit, localizes to mitochondria	pT
YCL009C	ILV6	P25605	12	212	100	100	97.6	Very high	0.083	Ordered	73	51.05	Exposed	Regulatory subunit of acetolactate synthase; acetolactate synthase catalyzes the first step of branched-chain amino acid biosynthesis; enhances activity of the Ilv2p catalytic subunit, localizes to mitochondria	pS
YCL009C	ILV6	P25605	12	256	100	100	97.2	Very high	0.061	Ordered	51	35.66	Exposed	Regulatory subunit of acetolactate synthase; acetolactate synthase catalyzes the first step of branched-chain amino acid biosynthesis; enhances activity of the Ilv2p catalytic subunit, localizes to mitochondria	pS
YCL009C	ILV6	P25605	12	273	100	100	97.2	Very high	0.322	Ordered	43	30.07	Exposed	Regulatory subunit of acetolactate synthase; acetolactate synthase catalyzes the first step of branched-chain amino acid biosynthesis; enhances activity of the Ilv2p catalytic subunit, localizes to mitochondria	pS
YCL009C	ILV6	P25605	12	281	100	100	95	Very high	0.612	Disordered	116	71.17	Exposed	Regulatory subunit of acetolactate synthase; acetolactate synthase catalyzes the first step of branched-chain amino acid biosynthesis; enhances activity of the Ilv2p catalytic subunit, localizes to mitochondria	pT
YDL066W	IDP1	P21954	12	10	87.5	87.5	38.1	Very low	0.843	Disordered	109	76.22	Exposed	Mitochondrial NADP-specific isocitrate dehydrogenase; catalyzes the oxidation of isocitrate to alpha-ketoglutarate; not required for mitochondrial respiration and may function to divert alpha-ketoglutarate to biosynthetic processes	pS
YDL066W	IDP1	P21954	12	68	100	100	98.2	Very high	0.044	Ordered	53	32.52	Exposed	Mitochondrial NADP-specific isocitrate dehydrogenase; catalyzes the oxidation of isocitrate to alpha-ketoglutarate; not required for mitochondrial respiration and may function to divert alpha-ketoglutarate to biosynthetic processes	pT
YDL066W	IDP1	P21954	12	69	25	25	97.8	Very high	0.046	Ordered	79	55.24	Exposed	Mitochondrial NADP-specific isocitrate dehydrogenase; catalyzes the oxidation of isocitrate to alpha-ketoglutarate; not required for mitochondrial respiration and may function to divert alpha-ketoglutarate to biosynthetic processes	pS
YDL066W	IDP1	P21954	12	91	100	100	97.4	Very high	0.02	Ordered	14	8.59	Buried	Mitochondrial NADP-specific isocitrate dehydrogenase; catalyzes the oxidation of isocitrate to alpha-ketoglutarate; not required for mitochondrial respiration and may function to divert alpha-ketoglutarate to biosynthetic processes	pT
YDL066W	IDP1	P21954	12	93	100	100	94.8	Very high	0.019	Ordered	70	42.94	Exposed	Mitochondrial NADP-specific isocitrate dehydrogenase; catalyzes the oxidation of isocitrate to alpha-ketoglutarate; not required for mitochondrial respiration and may function to divert alpha-ketoglutarate to biosynthetic processes	pT
YDL066W	IDP1	P21954	12	110	100	100	93.4	Very high	0.041	Ordered	35	24.48	Exposed	Mitochondrial NADP-specific isocitrate dehydrogenase; catalyzes the oxidation of isocitrate to alpha-ketoglutarate; not required for mitochondrial respiration and may function to divert alpha-ketoglutarate to biosynthetic processes	pS
YDL066W	IDP1	P21954	12	114	100	100	93.4	Very high	0.039	Ordered	25	15.34	Buried	Mitochondrial NADP-specific isocitrate dehydrogenase; catalyzes the oxidation of isocitrate to alpha-ketoglutarate; not required for mitochondrial respiration and may function to divert alpha-ketoglutarate to biosynthetic processes	pT
YDL066W	IDP1	P21954	12	200	100	100	98	Very high	0.02	Ordered	103	40.39	Exposed	Mitochondrial NADP-specific isocitrate dehydrogenase; catalyzes the oxidation of isocitrate to alpha-ketoglutarate; not required for mitochondrial respiration and may function to divert alpha-ketoglutarate to biosynthetic processes	pY
YDL066W	IDP1	P21954	12	202	100	100	97.2	Very high	0.021	Ordered	57	34.97	Exposed	Mitochondrial NADP-specific isocitrate dehydrogenase; catalyzes the oxidation of isocitrate to alpha-ketoglutarate; not required for mitochondrial respiration and may function to divert alpha-ketoglutarate to biosynthetic processes	pT
YDL066W	IDP1	P21954	12	205	100	100	95.4	Very high	0.014	Ordered	17	11.89	Buried	Mitochondrial NADP-specific isocitrate dehydrogenase; catalyzes the oxidation of isocitrate to alpha-ketoglutarate; not required for mitochondrial respiration and may function to divert alpha-ketoglutarate to biosynthetic processes	pS
YDL066W	IDP1	P21954	12	278	100	100	98.4	Very high	0.026	Ordered	25	17.48	Buried	Mitochondrial NADP-specific isocitrate dehydrogenase; catalyzes the oxidation of isocitrate to alpha-ketoglutarate; not required for mitochondrial respiration and may function to divert alpha-ketoglutarate to biosynthetic processes	pS
YDL066W	IDP1	P21954	12	319	100	100	97.2	Very high	0.037	Ordered	12	7.36	Buried	Mitochondrial NADP-specific isocitrate dehydrogenase; catalyzes the oxidation of isocitrate to alpha-ketoglutarate; not required for mitochondrial respiration and may function to divert alpha-ketoglutarate to biosynthetic processes	pT
YCR028C-A	RIM1	P32445	12	14	33.3	33.3	63.9	Low	0.71	Disordered	126	77.3	Exposed	ssDNA-binding protein essential for mitochondrial genome maintenance; involved in mitochondrial DNA replication; stimulates utilization by Mip1p DNA polymerase of RNA primers synthesized by Rpo41p	pT
YCR028C-A	RIM1	P32445	12	23	100	100	98.1	Very high	0.496	Ordered	58	40.56	Exposed	ssDNA-binding protein essential for mitochondrial genome maintenance; involved in mitochondrial DNA replication; stimulates utilization by Mip1p DNA polymerase of RNA primers synthesized by Rpo41p	pS
YCR028C-A	RIM1	P32445	12	30	100	100	95.1	Very high	0.3	Ordered	37	25.87	Exposed	ssDNA-binding protein essential for mitochondrial genome maintenance; involved in mitochondrial DNA replication; stimulates utilization by Mip1p DNA polymerase of RNA primers synthesized by Rpo41p	pS
YCR028C-A	RIM1	P32445	12	33	83.3	83.3	97.4	Very high	0.247	Ordered	65	39.88	Exposed	ssDNA-binding protein essential for mitochondrial genome maintenance; involved in mitochondrial DNA replication; stimulates utilization by Mip1p DNA polymerase of RNA primers synthesized by Rpo41p	pT
YCR028C-A	RIM1	P32445	12	36	100	100	96.6	Very high	0.216	Ordered	94	57.67	Exposed	ssDNA-binding protein essential for mitochondrial genome maintenance; involved in mitochondrial DNA replication; stimulates utilization by Mip1p DNA polymerase of RNA primers synthesized by Rpo41p	pT
YCR028C-A	RIM1	P32445	12	37	100	100	93.4	Very high	0.21	Ordered	43	30.07	Exposed	ssDNA-binding protein essential for mitochondrial genome maintenance; involved in mitochondrial DNA replication; stimulates utilization by Mip1p DNA polymerase of RNA primers synthesized by Rpo41p	pS
YCR028C-A	RIM1	P32445	12	47	100	100	98.2	Very high	0.178	Ordered	9	6.29	Buried	ssDNA-binding protein essential for mitochondrial genome maintenance; involved in mitochondrial DNA replication; stimulates utilization by Mip1p DNA polymerase of RNA primers synthesized by Rpo41p	pS
YCR028C-A	RIM1	P32445	12	50	100	100	97.6	Very high	0.16	Ordered	15	10.49	Buried	ssDNA-binding protein essential for mitochondrial genome maintenance; involved in mitochondrial DNA replication; stimulates utilization by Mip1p DNA polymerase of RNA primers synthesized by Rpo41p	pS
YCR028C-A	RIM1	P32445	12	105	100	100	95.1	Very high	0.204	Ordered	68	41.72	Exposed	ssDNA-binding protein essential for mitochondrial genome maintenance; involved in mitochondrial DNA replication; stimulates utilization by Mip1p DNA polymerase of RNA primers synthesized by Rpo41p	pT
YCR028C-A	RIM1	P32445	12	107	100	100	96.7	Very high	0.249	Ordered	33	23.08	Exposed	ssDNA-binding protein essential for mitochondrial genome maintenance; involved in mitochondrial DNA replication; stimulates utilization by Mip1p DNA polymerase of RNA primers synthesized by Rpo41p	pS
YCR028C-A	RIM1	P32445	12	133	50	50	55.6	Low	0.839	Disordered	83	58.04	Exposed	ssDNA-binding protein essential for mitochondrial genome maintenance; involved in mitochondrial DNA replication; stimulates utilization by Mip1p DNA polymerase of RNA primers synthesized by Rpo41p	pS
YCR028C-A	RIM1	P32445	12	134	66.7	66.7	52.7	Low	0.852	Disordered	98	68.53	Exposed	ssDNA-binding protein essential for mitochondrial genome maintenance; involved in mitochondrial DNA replication; stimulates utilization by Mip1p DNA polymerase of RNA primers synthesized by Rpo41p	pS
YFL036W	RPO41	P13433	13	87	75	75	30.3	Very low	0.552	Disordered	97	67.83	Exposed	Mitochondrial RNA polymerase; single subunit enzyme similar to those of T3 and T7 bacteriophages; requires a specificity subunit encoded by MTF1 for promoter recognition; Mtf1p interacts with and stabilizes the Rpo41p-promoter complex, enhancing DNA bending and melting to facilitate pre-initiation open complex formation; Rpo41p also synthesizes RNA primers for mitochondrial DNA replication	pS
YFL036W	RPO41	P13433	13	270	75	100	30.4	Very low	0.773	Disordered	85	59.44	Exposed	Mitochondrial RNA polymerase; single subunit enzyme similar to those of T3 and T7 bacteriophages; requires a specificity subunit encoded by MTF1 for promoter recognition; Mtf1p interacts with and stabilizes the Rpo41p-promoter complex, enhancing DNA bending and melting to facilitate pre-initiation open complex formation; Rpo41p also synthesizes RNA primers for mitochondrial DNA replication	pS
YFL036W	RPO41	P13433	13	292	62.5	62.5	27.4	Very low	0.99	Disordered	95	66.43	Exposed	Mitochondrial RNA polymerase; single subunit enzyme similar to those of T3 and T7 bacteriophages; requires a specificity subunit encoded by MTF1 for promoter recognition; Mtf1p interacts with and stabilizes the Rpo41p-promoter complex, enhancing DNA bending and melting to facilitate pre-initiation open complex formation; Rpo41p also synthesizes RNA primers for mitochondrial DNA replication	pS
YFL036W	RPO41	P13433	13	301	37.5	37.5	28.5	Very low	0.948	Disordered	104	72.73	Exposed	Mitochondrial RNA polymerase; single subunit enzyme similar to those of T3 and T7 bacteriophages; requires a specificity subunit encoded by MTF1 for promoter recognition; Mtf1p interacts with and stabilizes the Rpo41p-promoter complex, enhancing DNA bending and melting to facilitate pre-initiation open complex formation; Rpo41p also synthesizes RNA primers for mitochondrial DNA replication	pS
YFL036W	RPO41	P13433	13	302	25	25	28.6	Very low	0.936	Disordered	98	68.53	Exposed	Mitochondrial RNA polymerase; single subunit enzyme similar to those of T3 and T7 bacteriophages; requires a specificity subunit encoded by MTF1 for promoter recognition; Mtf1p interacts with and stabilizes the Rpo41p-promoter complex, enhancing DNA bending and melting to facilitate pre-initiation open complex formation; Rpo41p also synthesizes RNA primers for mitochondrial DNA replication	pS
YFL036W	RPO41	P13433	13	304	75	75	30.6	Very low	0.889	Disordered	93	65.03	Exposed	Mitochondrial RNA polymerase; single subunit enzyme similar to those of T3 and T7 bacteriophages; requires a specificity subunit encoded by MTF1 for promoter recognition; Mtf1p interacts with and stabilizes the Rpo41p-promoter complex, enhancing DNA bending and melting to facilitate pre-initiation open complex formation; Rpo41p also synthesizes RNA primers for mitochondrial DNA replication	pS
YFL036W	RPO41	P13433	13	496	100	100	90	Confident	0.15	Ordered	16	6.27	Buried	Mitochondrial RNA polymerase; single subunit enzyme similar to those of T3 and T7 bacteriophages; requires a specificity subunit encoded by MTF1 for promoter recognition; Mtf1p interacts with and stabilizes the Rpo41p-promoter complex, enhancing DNA bending and melting to facilitate pre-initiation open complex formation; Rpo41p also synthesizes RNA primers for mitochondrial DNA replication	pY
YFL036W	RPO41	P13433	13	499	100	100	91.1	Very high	0.124	Ordered	60	23.53	Exposed	Mitochondrial RNA polymerase; single subunit enzyme similar to those of T3 and T7 bacteriophages; requires a specificity subunit encoded by MTF1 for promoter recognition; Mtf1p interacts with and stabilizes the Rpo41p-promoter complex, enhancing DNA bending and melting to facilitate pre-initiation open complex formation; Rpo41p also synthesizes RNA primers for mitochondrial DNA replication	pY
YFL036W	RPO41	P13433	13	501	87.5	87.5	88.3	Confident	0.107	Ordered	45	27.61	Exposed	Mitochondrial RNA polymerase; single subunit enzyme similar to those of T3 and T7 bacteriophages; requires a specificity subunit encoded by MTF1 for promoter recognition; Mtf1p interacts with and stabilizes the Rpo41p-promoter complex, enhancing DNA bending and melting to facilitate pre-initiation open complex formation; Rpo41p also synthesizes RNA primers for mitochondrial DNA replication	pT
YFL036W	RPO41	P13433	13	521	100	100	84.2	Confident	0.066	Ordered	32	22.38	Exposed	Mitochondrial RNA polymerase; single subunit enzyme similar to those of T3 and T7 bacteriophages; requires a specificity subunit encoded by MTF1 for promoter recognition; Mtf1p interacts with and stabilizes the Rpo41p-promoter complex, enhancing DNA bending and melting to facilitate pre-initiation open complex formation; Rpo41p also synthesizes RNA primers for mitochondrial DNA replication	pS
YFL036W	RPO41	P13433	13	588	100	100	59.2	Low	0.153	Ordered	45	31.47	Exposed	Mitochondrial RNA polymerase; single subunit enzyme similar to those of T3 and T7 bacteriophages; requires a specificity subunit encoded by MTF1 for promoter recognition; Mtf1p interacts with and stabilizes the Rpo41p-promoter complex, enhancing DNA bending and melting to facilitate pre-initiation open complex formation; Rpo41p also synthesizes RNA primers for mitochondrial DNA replication	pS
YFL036W	RPO41	P13433	13	732	100	100	97.7	Very high	0.044	Ordered	2	1.23	Buried	Mitochondrial RNA polymerase; single subunit enzyme similar to those of T3 and T7 bacteriophages; requires a specificity subunit encoded by MTF1 for promoter recognition; Mtf1p interacts with and stabilizes the Rpo41p-promoter complex, enhancing DNA bending and melting to facilitate pre-initiation open complex formation; Rpo41p also synthesizes RNA primers for mitochondrial DNA replication	pT
YFL036W	RPO41	P13433	13	1281	100	100	85.6	Confident	0.335	Ordered	16	11.19	Buried	Mitochondrial RNA polymerase; single subunit enzyme similar to those of T3 and T7 bacteriophages; requires a specificity subunit encoded by MTF1 for promoter recognition; Mtf1p interacts with and stabilizes the Rpo41p-promoter complex, enhancing DNA bending and melting to facilitate pre-initiation open complex formation; Rpo41p also synthesizes RNA primers for mitochondrial DNA replication	pS
YNL037C	IDH1	P28834	13	13	75	100	31.1	Very low	0.618	Disordered	115	70.55	Exposed	Subunit of mitochondrial NAD(+)-dependent isocitrate dehydrogenase; complex catalyzes the oxidation of isocitrate to alpha-ketoglutarate in the TCA cycle	pT
YNL037C	IDH1	P28834	13	103	100	100	75.4	Confident	0.061	Ordered	32	22.38	Exposed	Subunit of mitochondrial NAD(+)-dependent isocitrate dehydrogenase; complex catalyzes the oxidation of isocitrate to alpha-ketoglutarate in the TCA cycle	pS
YNL037C	IDH1	P28834	13	143	100	100	94	Very high	0.058	Ordered	5	3.07	Buried	Subunit of mitochondrial NAD(+)-dependent isocitrate dehydrogenase; complex catalyzes the oxidation of isocitrate to alpha-ketoglutarate in the TCA cycle	pT
YNL037C	IDH1	P28834	13	148	100	100	86.5	Confident	0.064	Ordered	11	7.69	Buried	Subunit of mitochondrial NAD(+)-dependent isocitrate dehydrogenase; complex catalyzes the oxidation of isocitrate to alpha-ketoglutarate in the TCA cycle	pS
YNL037C	IDH1	P28834	13	154	100	100	95.8	Very high	0.067	Ordered	57	39.86	Exposed	Subunit of mitochondrial NAD(+)-dependent isocitrate dehydrogenase; complex catalyzes the oxidation of isocitrate to alpha-ketoglutarate in the TCA cycle	pS
YNL037C	IDH1	P28834	13	188	25	25	98.4	Very high	0.021	Ordered	23	16.08	Buried	Subunit of mitochondrial NAD(+)-dependent isocitrate dehydrogenase; complex catalyzes the oxidation of isocitrate to alpha-ketoglutarate in the TCA cycle	pS
YNL037C	IDH1	P28834	13	190	75	75	98.8	Very high	0.026	Ordered	7	4.29	Buried	Subunit of mitochondrial NAD(+)-dependent isocitrate dehydrogenase; complex catalyzes the oxidation of isocitrate to alpha-ketoglutarate in the TCA cycle	pT
YNL037C	IDH1	P28834	13	210	100	100	98.5	Very high	0.02	Ordered	33	20.25	Exposed	Subunit of mitochondrial NAD(+)-dependent isocitrate dehydrogenase; complex catalyzes the oxidation of isocitrate to alpha-ketoglutarate in the TCA cycle	pT
YNL037C	IDH1	P28834	13	248	100	100	94.9	Very high	0.019	Ordered	1	0.7	Buried	Subunit of mitochondrial NAD(+)-dependent isocitrate dehydrogenase; complex catalyzes the oxidation of isocitrate to alpha-ketoglutarate in the TCA cycle	pS
YNL037C	IDH1	P28834	13	284	100	100	90.8	Very high	0.026	Ordered	6	4.2	Buried	Subunit of mitochondrial NAD(+)-dependent isocitrate dehydrogenase; complex catalyzes the oxidation of isocitrate to alpha-ketoglutarate in the TCA cycle	pS
YNL037C	IDH1	P28834	13	343	87.5	100	96.9	Very high	0.204	Ordered	116	81.12	Exposed	Subunit of mitochondrial NAD(+)-dependent isocitrate dehydrogenase; complex catalyzes the oxidation of isocitrate to alpha-ketoglutarate in the TCA cycle	pS
YNL037C	IDH1	P28834	13	344	75	75	97.9	Very high	0.195	Ordered	14	9.79	Buried	Subunit of mitochondrial NAD(+)-dependent isocitrate dehydrogenase; complex catalyzes the oxidation of isocitrate to alpha-ketoglutarate in the TCA cycle	pS
YNL037C	IDH1	P28834	13	345	100	100	98.3	Very high	0.19	Ordered	19	13.29	Buried	Subunit of mitochondrial NAD(+)-dependent isocitrate dehydrogenase; complex catalyzes the oxidation of isocitrate to alpha-ketoglutarate in the TCA cycle	pS
YJR144W	MGM101	P32787	14	26	0	62.5	29	Very low	0.973	Disordered	126	77.3	Exposed	Protein with a role in mitochondrial DNA recombinational repair; also involved in interstrand cross-link repair; binds to and catalyzes the annealing of single-stranded mtDNA; oligomerizes to form rings and filaments; related to Rad52-type recombination proteins, with limited overall similarity but sharing conserved functionally important residues; component of the mitochondrial nucleoid, required for the repair of oxidative mtDNA damage and mitochondrial genome maintenance	pT
YJR144W	MGM101	P32787	14	29	25	37.5	31.1	Very low	0.976	Disordered	93	65.03	Exposed	Protein with a role in mitochondrial DNA recombinational repair; also involved in interstrand cross-link repair; binds to and catalyzes the annealing of single-stranded mtDNA; oligomerizes to form rings and filaments; related to Rad52-type recombination proteins, with limited overall similarity but sharing conserved functionally important residues; component of the mitochondrial nucleoid, required for the repair of oxidative mtDNA damage and mitochondrial genome maintenance	pS
YJR144W	MGM101	P32787	14	40	62.5	75	32.3	Very low	0.959	Disordered	102	71.33	Exposed	Protein with a role in mitochondrial DNA recombinational repair; also involved in interstrand cross-link repair; binds to and catalyzes the annealing of single-stranded mtDNA; oligomerizes to form rings and filaments; related to Rad52-type recombination proteins, with limited overall similarity but sharing conserved functionally important residues; component of the mitochondrial nucleoid, required for the repair of oxidative mtDNA damage and mitochondrial genome maintenance	pS
YJR144W	MGM101	P32787	14	43	87.5	87.5	35.2	Very low	0.967	Disordered	88	61.54	Exposed	Protein with a role in mitochondrial DNA recombinational repair; also involved in interstrand cross-link repair; binds to and catalyzes the annealing of single-stranded mtDNA; oligomerizes to form rings and filaments; related to Rad52-type recombination proteins, with limited overall similarity but sharing conserved functionally important residues; component of the mitochondrial nucleoid, required for the repair of oxidative mtDNA damage and mitochondrial genome maintenance	pS
YJR144W	MGM101	P32787	14	54	37.5	37.5	27.4	Very low	0.975	Disordered	115	80.42	Exposed	Protein with a role in mitochondrial DNA recombinational repair; also involved in interstrand cross-link repair; binds to and catalyzes the annealing of single-stranded mtDNA; oligomerizes to form rings and filaments; related to Rad52-type recombination proteins, with limited overall similarity but sharing conserved functionally important residues; component of the mitochondrial nucleoid, required for the repair of oxidative mtDNA damage and mitochondrial genome maintenance	pS
YJR144W	MGM101	P32787	14	66	62.5	75	53.8	Low	0.935	Disordered	50	34.97	Exposed	Protein with a role in mitochondrial DNA recombinational repair; also involved in interstrand cross-link repair; binds to and catalyzes the annealing of single-stranded mtDNA; oligomerizes to form rings and filaments; related to Rad52-type recombination proteins, with limited overall similarity but sharing conserved functionally important residues; component of the mitochondrial nucleoid, required for the repair of oxidative mtDNA damage and mitochondrial genome maintenance	pS
YJR144W	MGM101	P32787	14	71	62.5	75	65.9	Low	0.904	Disordered	92	64.34	Exposed	Protein with a role in mitochondrial DNA recombinational repair; also involved in interstrand cross-link repair; binds to and catalyzes the annealing of single-stranded mtDNA; oligomerizes to form rings and filaments; related to Rad52-type recombination proteins, with limited overall similarity but sharing conserved functionally important residues; component of the mitochondrial nucleoid, required for the repair of oxidative mtDNA damage and mitochondrial genome maintenance	pS
YJR144W	MGM101	P32787	14	76	75	75	79.9	Confident	0.846	Disordered	99	60.74	Exposed	Protein with a role in mitochondrial DNA recombinational repair; also involved in interstrand cross-link repair; binds to and catalyzes the annealing of single-stranded mtDNA; oligomerizes to form rings and filaments; related to Rad52-type recombination proteins, with limited overall similarity but sharing conserved functionally important residues; component of the mitochondrial nucleoid, required for the repair of oxidative mtDNA damage and mitochondrial genome maintenance	pT
YJR144W	MGM101	P32787	14	80	37.5	62.5	60.5	Low	0.78	Disordered	120	73.62	Exposed	Protein with a role in mitochondrial DNA recombinational repair; also involved in interstrand cross-link repair; binds to and catalyzes the annealing of single-stranded mtDNA; oligomerizes to form rings and filaments; related to Rad52-type recombination proteins, with limited overall similarity but sharing conserved functionally important residues; component of the mitochondrial nucleoid, required for the repair of oxidative mtDNA damage and mitochondrial genome maintenance	pT
YJR144W	MGM101	P32787	14	82	62.5	62.5	45.5	Very low	0.729	Disordered	87	60.84	Exposed	Protein with a role in mitochondrial DNA recombinational repair; also involved in interstrand cross-link repair; binds to and catalyzes the annealing of single-stranded mtDNA; oligomerizes to form rings and filaments; related to Rad52-type recombination proteins, with limited overall similarity but sharing conserved functionally important residues; component of the mitochondrial nucleoid, required for the repair of oxidative mtDNA damage and mitochondrial genome maintenance	pS
YJR144W	MGM101	P32787	14	83	62.5	62.5	45	Very low	0.701	Disordered	148	90.8	Exposed	Protein with a role in mitochondrial DNA recombinational repair; also involved in interstrand cross-link repair; binds to and catalyzes the annealing of single-stranded mtDNA; oligomerizes to form rings and filaments; related to Rad52-type recombination proteins, with limited overall similarity but sharing conserved functionally important residues; component of the mitochondrial nucleoid, required for the repair of oxidative mtDNA damage and mitochondrial genome maintenance	pT
YJR144W	MGM101	P32787	14	87	25	75	41.7	Very low	0.6	Disordered	111	77.62	Exposed	Protein with a role in mitochondrial DNA recombinational repair; also involved in interstrand cross-link repair; binds to and catalyzes the annealing of single-stranded mtDNA; oligomerizes to form rings and filaments; related to Rad52-type recombination proteins, with limited overall similarity but sharing conserved functionally important residues; component of the mitochondrial nucleoid, required for the repair of oxidative mtDNA damage and mitochondrial genome maintenance	pS
YJR144W	MGM101	P32787	14	91	75	87.5	42.6	Very low	0.484	Ordered	107	74.83	Exposed	Protein with a role in mitochondrial DNA recombinational repair; also involved in interstrand cross-link repair; binds to and catalyzes the annealing of single-stranded mtDNA; oligomerizes to form rings and filaments; related to Rad52-type recombination proteins, with limited overall similarity but sharing conserved functionally important residues; component of the mitochondrial nucleoid, required for the repair of oxidative mtDNA damage and mitochondrial genome maintenance	pS
YJR144W	MGM101	P32787	14	170	87.5	87.5	91.6	Very high	0.03	Ordered	104	72.73	Exposed	Protein with a role in mitochondrial DNA recombinational repair; also involved in interstrand cross-link repair; binds to and catalyzes the annealing of single-stranded mtDNA; oligomerizes to form rings and filaments; related to Rad52-type recombination proteins, with limited overall similarity but sharing conserved functionally important residues; component of the mitochondrial nucleoid, required for the repair of oxidative mtDNA damage and mitochondrial genome maintenance	pS
YER069W	ARG5,6	Q01217	14	3	85.7	85.7	33.1	Very low	0.956	Disordered	120	83.92	Exposed	Acetylglutamate kinase and N-acetyl-gamma-glutamyl-phosphate reductase; N-acetyl-L-glutamate kinase (NAGK) catalyzes the 2nd and N-acetyl-gamma-glutamyl-phosphate reductase (NAGSA), the 3rd step in arginine biosynthesis; synthesized as a precursor which is processed in the mitochondrion to yield mature NAGK and NAGSA; enzymes form a metabolon complex with Arg2p; NAGK C-terminal domain stabilizes the enzymes, slows catalysis and is involved in feed-back inhibition by arginine	pS
YER069W	ARG5,6	Q01217	14	70	100	100	66.7	Low	0.416	Ordered	16	9.82	Buried	Acetylglutamate kinase and N-acetyl-gamma-glutamyl-phosphate reductase; N-acetyl-L-glutamate kinase (NAGK) catalyzes the 2nd and N-acetyl-gamma-glutamyl-phosphate reductase (NAGSA), the 3rd step in arginine biosynthesis; synthesized as a precursor which is processed in the mitochondrion to yield mature NAGK and NAGSA; enzymes form a metabolon complex with Arg2p; NAGK C-terminal domain stabilizes the enzymes, slows catalysis and is involved in feed-back inhibition by arginine	pT
YER069W	ARG5,6	Q01217	14	95	100	100	48.3	Very low	0.055	Ordered	105	73.43	Exposed	Acetylglutamate kinase and N-acetyl-gamma-glutamyl-phosphate reductase; N-acetyl-L-glutamate kinase (NAGK) catalyzes the 2nd and N-acetyl-gamma-glutamyl-phosphate reductase (NAGSA), the 3rd step in arginine biosynthesis; synthesized as a precursor which is processed in the mitochondrion to yield mature NAGK and NAGSA; enzymes form a metabolon complex with Arg2p; NAGK C-terminal domain stabilizes the enzymes, slows catalysis and is involved in feed-back inhibition by arginine	pS
YER069W	ARG5,6	Q01217	14	279	71.4	71.4	84.8	Confident	0.115	Ordered	86	60.14	Exposed	Acetylglutamate kinase and N-acetyl-gamma-glutamyl-phosphate reductase; N-acetyl-L-glutamate kinase (NAGK) catalyzes the 2nd and N-acetyl-gamma-glutamyl-phosphate reductase (NAGSA), the 3rd step in arginine biosynthesis; synthesized as a precursor which is processed in the mitochondrion to yield mature NAGK and NAGSA; enzymes form a metabolon complex with Arg2p; NAGK C-terminal domain stabilizes the enzymes, slows catalysis and is involved in feed-back inhibition by arginine	pS
YER069W	ARG5,6	Q01217	14	325	100	100	88.8	Confident	0.053	Ordered	10	6.99	Buried	Acetylglutamate kinase and N-acetyl-gamma-glutamyl-phosphate reductase; N-acetyl-L-glutamate kinase (NAGK) catalyzes the 2nd and N-acetyl-gamma-glutamyl-phosphate reductase (NAGSA), the 3rd step in arginine biosynthesis; synthesized as a precursor which is processed in the mitochondrion to yield mature NAGK and NAGSA; enzymes form a metabolon complex with Arg2p; NAGK C-terminal domain stabilizes the enzymes, slows catalysis and is involved in feed-back inhibition by arginine	pS
YER069W	ARG5,6	Q01217	14	358	100	100	92.4	Very high	0.093	Ordered	68	47.55	Exposed	Acetylglutamate kinase and N-acetyl-gamma-glutamyl-phosphate reductase; N-acetyl-L-glutamate kinase (NAGK) catalyzes the 2nd and N-acetyl-gamma-glutamyl-phosphate reductase (NAGSA), the 3rd step in arginine biosynthesis; synthesized as a precursor which is processed in the mitochondrion to yield mature NAGK and NAGSA; enzymes form a metabolon complex with Arg2p; NAGK C-terminal domain stabilizes the enzymes, slows catalysis and is involved in feed-back inhibition by arginine	pS
YER069W	ARG5,6	Q01217	14	359	100	100	90.6	Very high	0.089	Ordered	47	32.87	Exposed	Acetylglutamate kinase and N-acetyl-gamma-glutamyl-phosphate reductase; N-acetyl-L-glutamate kinase (NAGK) catalyzes the 2nd and N-acetyl-gamma-glutamyl-phosphate reductase (NAGSA), the 3rd step in arginine biosynthesis; synthesized as a precursor which is processed in the mitochondrion to yield mature NAGK and NAGSA; enzymes form a metabolon complex with Arg2p; NAGK C-terminal domain stabilizes the enzymes, slows catalysis and is involved in feed-back inhibition by arginine	pS
YER069W	ARG5,6	Q01217	14	365	100	100	84.8	Confident	0.075	Ordered	47	32.87	Exposed	Acetylglutamate kinase and N-acetyl-gamma-glutamyl-phosphate reductase; N-acetyl-L-glutamate kinase (NAGK) catalyzes the 2nd and N-acetyl-gamma-glutamyl-phosphate reductase (NAGSA), the 3rd step in arginine biosynthesis; synthesized as a precursor which is processed in the mitochondrion to yield mature NAGK and NAGSA; enzymes form a metabolon complex with Arg2p; NAGK C-terminal domain stabilizes the enzymes, slows catalysis and is involved in feed-back inhibition by arginine	pS
YER069W	ARG5,6	Q01217	14	385	100	100	84.8	Confident	0.106	Ordered	62	43.36	Exposed	Acetylglutamate kinase and N-acetyl-gamma-glutamyl-phosphate reductase; N-acetyl-L-glutamate kinase (NAGK) catalyzes the 2nd and N-acetyl-gamma-glutamyl-phosphate reductase (NAGSA), the 3rd step in arginine biosynthesis; synthesized as a precursor which is processed in the mitochondrion to yield mature NAGK and NAGSA; enzymes form a metabolon complex with Arg2p; NAGK C-terminal domain stabilizes the enzymes, slows catalysis and is involved in feed-back inhibition by arginine	pS
YER069W	ARG5,6	Q01217	14	416	57.1	57.1	85.3	Confident	0.052	Ordered	58	35.58	Exposed	Acetylglutamate kinase and N-acetyl-gamma-glutamyl-phosphate reductase; N-acetyl-L-glutamate kinase (NAGK) catalyzes the 2nd and N-acetyl-gamma-glutamyl-phosphate reductase (NAGSA), the 3rd step in arginine biosynthesis; synthesized as a precursor which is processed in the mitochondrion to yield mature NAGK and NAGSA; enzymes form a metabolon complex with Arg2p; NAGK C-terminal domain stabilizes the enzymes, slows catalysis and is involved in feed-back inhibition by arginine	pT
YER069W	ARG5,6	Q01217	14	512	57.1	71.4	29.6	Very low	0.751	Disordered	111	77.62	Exposed	Acetylglutamate kinase and N-acetyl-gamma-glutamyl-phosphate reductase; N-acetyl-L-glutamate kinase (NAGK) catalyzes the 2nd and N-acetyl-gamma-glutamyl-phosphate reductase (NAGSA), the 3rd step in arginine biosynthesis; synthesized as a precursor which is processed in the mitochondrion to yield mature NAGK and NAGSA; enzymes form a metabolon complex with Arg2p; NAGK C-terminal domain stabilizes the enzymes, slows catalysis and is involved in feed-back inhibition by arginine	pS
YER069W	ARG5,6	Q01217	14	513	42.9	42.9	28.9	Very low	0.794	Disordered	114	79.72	Exposed	Acetylglutamate kinase and N-acetyl-gamma-glutamyl-phosphate reductase; N-acetyl-L-glutamate kinase (NAGK) catalyzes the 2nd and N-acetyl-gamma-glutamyl-phosphate reductase (NAGSA), the 3rd step in arginine biosynthesis; synthesized as a precursor which is processed in the mitochondrion to yield mature NAGK and NAGSA; enzymes form a metabolon complex with Arg2p; NAGK C-terminal domain stabilizes the enzymes, slows catalysis and is involved in feed-back inhibition by arginine	pS
YER069W	ARG5,6	Q01217	14	529	71.4	100	79.2	Confident	0.761	Disordered	28	19.58	Buried	Acetylglutamate kinase and N-acetyl-gamma-glutamyl-phosphate reductase; N-acetyl-L-glutamate kinase (NAGK) catalyzes the 2nd and N-acetyl-gamma-glutamyl-phosphate reductase (NAGSA), the 3rd step in arginine biosynthesis; synthesized as a precursor which is processed in the mitochondrion to yield mature NAGK and NAGSA; enzymes form a metabolon complex with Arg2p; NAGK C-terminal domain stabilizes the enzymes, slows catalysis and is involved in feed-back inhibition by arginine	pS
YER069W	ARG5,6	Q01217	14	530	57.1	57.1	87.2	Confident	0.735	Disordered	105	64.42	Exposed	Acetylglutamate kinase and N-acetyl-gamma-glutamyl-phosphate reductase; N-acetyl-L-glutamate kinase (NAGK) catalyzes the 2nd and N-acetyl-gamma-glutamyl-phosphate reductase (NAGSA), the 3rd step in arginine biosynthesis; synthesized as a precursor which is processed in the mitochondrion to yield mature NAGK and NAGSA; enzymes form a metabolon complex with Arg2p; NAGK C-terminal domain stabilizes the enzymes, slows catalysis and is involved in feed-back inhibition by arginine	pT
YPR191W	QCR2	P07257	15	18	75	100	83.9	Confident	0.803	Disordered	81	49.69	Exposed	Subunit 2 of ubiquinol cytochrome-c reductase (Complex III); Complex III is a component of the mitochondrial inner membrane electron transport chain; phosphorylated; transcription is regulated by Hap1p, Hap2p/Hap3p, and heme	pT
YPR191W	QCR2	P07257	15	29	100	100	94.1	Very high	0.35	Ordered	0	0	Buried	Subunit 2 of ubiquinol cytochrome-c reductase (Complex III); Complex III is a component of the mitochondrial inner membrane electron transport chain; phosphorylated; transcription is regulated by Hap1p, Hap2p/Hap3p, and heme	pS
YPR191W	QCR2	P07257	15	59	100	100	94.5	Very high	0.052	Ordered	7	4.29	Buried	Subunit 2 of ubiquinol cytochrome-c reductase (Complex III); Complex III is a component of the mitochondrial inner membrane electron transport chain; phosphorylated; transcription is regulated by Hap1p, Hap2p/Hap3p, and heme	pT
YPR191W	QCR2	P07257	15	61	50	50	89.4	Confident	0.051	Ordered	65	39.88	Exposed	Subunit 2 of ubiquinol cytochrome-c reductase (Complex III); Complex III is a component of the mitochondrial inner membrane electron transport chain; phosphorylated; transcription is regulated by Hap1p, Hap2p/Hap3p, and heme	pT
YPR191W	QCR2	P07257	15	112	100	100	93.1	Very high	0.025	Ordered	12	7.36	Buried	Subunit 2 of ubiquinol cytochrome-c reductase (Complex III); Complex III is a component of the mitochondrial inner membrane electron transport chain; phosphorylated; transcription is regulated by Hap1p, Hap2p/Hap3p, and heme	pT
YPR191W	QCR2	P07257	15	141	62.5	62.5	96	Very high	0.041	Ordered	27	18.88	Buried	Subunit 2 of ubiquinol cytochrome-c reductase (Complex III); Complex III is a component of the mitochondrial inner membrane electron transport chain; phosphorylated; transcription is regulated by Hap1p, Hap2p/Hap3p, and heme	pS
YPR191W	QCR2	P07257	15	168	100	100	97.1	Very high	0.034	Ordered	54	37.76	Exposed	Subunit 2 of ubiquinol cytochrome-c reductase (Complex III); Complex III is a component of the mitochondrial inner membrane electron transport chain; phosphorylated; transcription is regulated by Hap1p, Hap2p/Hap3p, and heme	pS
YPR191W	QCR2	P07257	15	217	87.5	87.5	79.5	Confident	0.138	Ordered	29	20.28	Exposed	Subunit 2 of ubiquinol cytochrome-c reductase (Complex III); Complex III is a component of the mitochondrial inner membrane electron transport chain; phosphorylated; transcription is regulated by Hap1p, Hap2p/Hap3p, and heme	pS
YPR191W	QCR2	P07257	15	280	12.5	62.5	86.9	Confident	0.04	Ordered	35	21.47	Exposed	Subunit 2 of ubiquinol cytochrome-c reductase (Complex III); Complex III is a component of the mitochondrial inner membrane electron transport chain; phosphorylated; transcription is regulated by Hap1p, Hap2p/Hap3p, and heme	pT
YPR191W	QCR2	P07257	15	294	87.5	87.5	96	Very high	0.044	Ordered	10	6.99	Buried	Subunit 2 of ubiquinol cytochrome-c reductase (Complex III); Complex III is a component of the mitochondrial inner membrane electron transport chain; phosphorylated; transcription is regulated by Hap1p, Hap2p/Hap3p, and heme	pS
YPR191W	QCR2	P07257	15	315	75	87.5	91.1	Very high	0.085	Ordered	55	38.46	Exposed	Subunit 2 of ubiquinol cytochrome-c reductase (Complex III); Complex III is a component of the mitochondrial inner membrane electron transport chain; phosphorylated; transcription is regulated by Hap1p, Hap2p/Hap3p, and heme	pS
YPR191W	QCR2	P07257	15	321	62.5	75	90.9	Very high	0.122	Ordered	0	0	Buried	Subunit 2 of ubiquinol cytochrome-c reductase (Complex III); Complex III is a component of the mitochondrial inner membrane electron transport chain; phosphorylated; transcription is regulated by Hap1p, Hap2p/Hap3p, and heme	pT
YPR191W	QCR2	P07257	15	331	12.5	25	64.3	Low	0.11	Ordered	75	52.45	Exposed	Subunit 2 of ubiquinol cytochrome-c reductase (Complex III); Complex III is a component of the mitochondrial inner membrane electron transport chain; phosphorylated; transcription is regulated by Hap1p, Hap2p/Hap3p, and heme	pS
YPR191W	QCR2	P07257	15	333	50	50	55.7	Low	0.111	Ordered	37	25.87	Exposed	Subunit 2 of ubiquinol cytochrome-c reductase (Complex III); Complex III is a component of the mitochondrial inner membrane electron transport chain; phosphorylated; transcription is regulated by Hap1p, Hap2p/Hap3p, and heme	pS
YPR191W	QCR2	P07257	15	334	50	50	61.8	Low	0.11	Ordered	48	33.57	Exposed	Subunit 2 of ubiquinol cytochrome-c reductase (Complex III); Complex III is a component of the mitochondrial inner membrane electron transport chain; phosphorylated; transcription is regulated by Hap1p, Hap2p/Hap3p, and heme	pS
YOR142W	LSC1	P53598	17	21	62.5	62.5	84.2	Confident	0.515	Disordered	94	65.73	Exposed	Alpha subunit of succinyl-CoA ligase; succinyl-CoA ligase is a mitochondrial enzyme of the TCA cycle that catalyzes the nucleotide-dependent conversion of succinyl-CoA to succinate; phosphorylated	pS
YOR142W	LSC1	P53598	17	27	100	100	98.2	Very high	0.303	Ordered	0	0	Buried	Alpha subunit of succinyl-CoA ligase; succinyl-CoA ligase is a mitochondrial enzyme of the TCA cycle that catalyzes the nucleotide-dependent conversion of succinyl-CoA to succinate; phosphorylated	pT
YOR142W	LSC1	P53598	17	45	100	100	98.2	Very high	0.053	Ordered	23	14.11	Buried	Alpha subunit of succinyl-CoA ligase; succinyl-CoA ligase is a mitochondrial enzyme of the TCA cycle that catalyzes the nucleotide-dependent conversion of succinyl-CoA to succinate; phosphorylated	pT
YOR142W	LSC1	P53598	17	184	100	100	93.8	Very high	0.027	Ordered	11	7.69	Buried	Alpha subunit of succinyl-CoA ligase; succinyl-CoA ligase is a mitochondrial enzyme of the TCA cycle that catalyzes the nucleotide-dependent conversion of succinyl-CoA to succinate; phosphorylated	pS
YOR142W	LSC1	P53598	17	186	100	100	92.9	Very high	0.027	Ordered	99	60.74	Exposed	Alpha subunit of succinyl-CoA ligase; succinyl-CoA ligase is a mitochondrial enzyme of the TCA cycle that catalyzes the nucleotide-dependent conversion of succinyl-CoA to succinate; phosphorylated	pT
YOR142W	LSC1	P53598	17	188	100	100	97.1	Very high	0.03	Ordered	2	1.23	Buried	Alpha subunit of succinyl-CoA ligase; succinyl-CoA ligase is a mitochondrial enzyme of the TCA cycle that catalyzes the nucleotide-dependent conversion of succinyl-CoA to succinate; phosphorylated	pT
YOR142W	LSC1	P53598	17	198	87.5	100	94.3	Very high	0.044	Ordered	41	25.15	Exposed	Alpha subunit of succinyl-CoA ligase; succinyl-CoA ligase is a mitochondrial enzyme of the TCA cycle that catalyzes the nucleotide-dependent conversion of succinyl-CoA to succinate; phosphorylated	pT
YOR142W	LSC1	P53598	17	216	100	100	98	Very high	0.036	Ordered	0	0	Buried	Alpha subunit of succinyl-CoA ligase; succinyl-CoA ligase is a mitochondrial enzyme of the TCA cycle that catalyzes the nucleotide-dependent conversion of succinyl-CoA to succinate; phosphorylated	pT
YOR142W	LSC1	P53598	17	256	100	0	97.1	Very high	0.019	Ordered	0	0	Buried	Alpha subunit of succinyl-CoA ligase; succinyl-CoA ligase is a mitochondrial enzyme of the TCA cycle that catalyzes the nucleotide-dependent conversion of succinyl-CoA to succinate; phosphorylated	pN
YOR142W	LSC1	P53598	17	257	100	0	95.8	Very high	0.021	Ordered	43	18.86	Buried	Alpha subunit of succinyl-CoA ligase; succinyl-CoA ligase is a mitochondrial enzyme of the TCA cycle that catalyzes the nucleotide-dependent conversion of succinyl-CoA to succinate; phosphorylated	pF
YOR142W	LSC1	P53598	17	260	75	75	92.6	Very high	0.021	Ordered	135	94.41	Exposed	Alpha subunit of succinyl-CoA ligase; succinyl-CoA ligase is a mitochondrial enzyme of the TCA cycle that catalyzes the nucleotide-dependent conversion of succinyl-CoA to succinate; phosphorylated	pS
YOR142W	LSC1	P53598	17	285	100	100	77.2	Confident	0.078	Ordered	22	15.38	Buried	Alpha subunit of succinyl-CoA ligase; succinyl-CoA ligase is a mitochondrial enzyme of the TCA cycle that catalyzes the nucleotide-dependent conversion of succinyl-CoA to succinate; phosphorylated	pS
YOR142W	LSC1	P53598	17	292	100	100	68.5	Low	0.089	Ordered	118	82.52	Exposed	Alpha subunit of succinyl-CoA ligase; succinyl-CoA ligase is a mitochondrial enzyme of the TCA cycle that catalyzes the nucleotide-dependent conversion of succinyl-CoA to succinate; phosphorylated	pS
YOR142W	LSC1	P53598	17	294	100	100	80	Confident	0.092	Ordered	12	7.36	Buried	Alpha subunit of succinyl-CoA ligase; succinyl-CoA ligase is a mitochondrial enzyme of the TCA cycle that catalyzes the nucleotide-dependent conversion of succinyl-CoA to succinate; phosphorylated	pT
YOR142W	LSC1	P53598	17	298	100	100	92.2	Very high	0.09	Ordered	41	28.67	Exposed	Alpha subunit of succinyl-CoA ligase; succinyl-CoA ligase is a mitochondrial enzyme of the TCA cycle that catalyzes the nucleotide-dependent conversion of succinyl-CoA to succinate; phosphorylated	pS
YOR142W	LSC1	P53598	17	313	100	100	92.9	Very high	0.037	Ordered	51	35.66	Exposed	Alpha subunit of succinyl-CoA ligase; succinyl-CoA ligase is a mitochondrial enzyme of the TCA cycle that catalyzes the nucleotide-dependent conversion of succinyl-CoA to succinate; phosphorylated	pS
YBL045C	COR1	P07256	17	20	87.5	100	48.3	Very low	0.807	Disordered	132	80.98	Exposed	Core subunit of the ubiquinol-cytochrome c reductase complex; the ubiquinol-cytochrome c reductase complex (bc1 complex) is a component of the mitochondrial inner membrane electron transport chain	pT
YBL045C	COR1	P07256	17	24	12.5	25	70.6	Confident	0.72	Disordered	67	41.1	Exposed	Core subunit of the ubiquinol-cytochrome c reductase complex; the ubiquinol-cytochrome c reductase complex (bc1 complex) is a component of the mitochondrial inner membrane electron transport chain	pT
YBL045C	COR1	P07256	17	83	50	50	95.9	Very high	0.075	Ordered	42	29.37	Exposed	Core subunit of the ubiquinol-cytochrome c reductase complex; the ubiquinol-cytochrome c reductase complex (bc1 complex) is a component of the mitochondrial inner membrane electron transport chain	pS
YBL045C	COR1	P07256	17	94	75	75	97.9	Very high	0.08	Ordered	37	25.87	Exposed	Core subunit of the ubiquinol-cytochrome c reductase complex; the ubiquinol-cytochrome c reductase complex (bc1 complex) is a component of the mitochondrial inner membrane electron transport chain	pS
YBL045C	COR1	P07256	17	95	100	100	97.6	Very high	0.081	Ordered	16	11.19	Buried	Core subunit of the ubiquinol-cytochrome c reductase complex; the ubiquinol-cytochrome c reductase complex (bc1 complex) is a component of the mitochondrial inner membrane electron transport chain	pS
YBL045C	COR1	P07256	17	98	75	75	94.8	Very high	0.081	Ordered	25	17.48	Buried	Core subunit of the ubiquinol-cytochrome c reductase complex; the ubiquinol-cytochrome c reductase complex (bc1 complex) is a component of the mitochondrial inner membrane electron transport chain	pS
YBL045C	COR1	P07256	17	112	75	75	94.1	Very high	0.093	Ordered	42	29.37	Exposed	Core subunit of the ubiquinol-cytochrome c reductase complex; the ubiquinol-cytochrome c reductase complex (bc1 complex) is a component of the mitochondrial inner membrane electron transport chain	pS
YBL045C	COR1	P07256	17	116	100	100	96.6	Very high	0.097	Ordered	0	0	Buried	Core subunit of the ubiquinol-cytochrome c reductase complex; the ubiquinol-cytochrome c reductase complex (bc1 complex) is a component of the mitochondrial inner membrane electron transport chain	pS
YBL045C	COR1	P07256	17	133	87.5	87.5	90	Confident	0.127	Ordered	44	30.77	Exposed	Core subunit of the ubiquinol-cytochrome c reductase complex; the ubiquinol-cytochrome c reductase complex (bc1 complex) is a component of the mitochondrial inner membrane electron transport chain	pS
YBL045C	COR1	P07256	17	134	75	75	88	Confident	0.127	Ordered	92	64.34	Exposed	Core subunit of the ubiquinol-cytochrome c reductase complex; the ubiquinol-cytochrome c reductase complex (bc1 complex) is a component of the mitochondrial inner membrane electron transport chain	pS
YBL045C	COR1	P07256	17	135	75	75	91.8	Very high	0.123	Ordered	90	62.94	Exposed	Core subunit of the ubiquinol-cytochrome c reductase complex; the ubiquinol-cytochrome c reductase complex (bc1 complex) is a component of the mitochondrial inner membrane electron transport chain	pS
YBL045C	COR1	P07256	17	140	100	100	97	Very high	0.151	Ordered	11	6.75	Buried	Core subunit of the ubiquinol-cytochrome c reductase complex; the ubiquinol-cytochrome c reductase complex (bc1 complex) is a component of the mitochondrial inner membrane electron transport chain	pT
YBL045C	COR1	P07256	17	172	100	100	93.3	Very high	0.076	Ordered	7	4.29	Buried	Core subunit of the ubiquinol-cytochrome c reductase complex; the ubiquinol-cytochrome c reductase complex (bc1 complex) is a component of the mitochondrial inner membrane electron transport chain	pT
YBL045C	COR1	P07256	17	175	87.5	87.5	95.5	Very high	0.073	Ordered	16	11.19	Buried	Core subunit of the ubiquinol-cytochrome c reductase complex; the ubiquinol-cytochrome c reductase complex (bc1 complex) is a component of the mitochondrial inner membrane electron transport chain	pS
YBL045C	COR1	P07256	17	229	50	50	90.2	Very high	0.118	Ordered	58	40.56	Exposed	Core subunit of the ubiquinol-cytochrome c reductase complex; the ubiquinol-cytochrome c reductase complex (bc1 complex) is a component of the mitochondrial inner membrane electron transport chain	pS
YBL045C	COR1	P07256	17	247	100	100	97.6	Very high	0.08	Ordered	13	9.09	Buried	Core subunit of the ubiquinol-cytochrome c reductase complex; the ubiquinol-cytochrome c reductase complex (bc1 complex) is a component of the mitochondrial inner membrane electron transport chain	pS
YBL045C	COR1	P07256	17	287	100	100	92.4	Very high	0.023	Ordered	57	39.86	Exposed	Core subunit of the ubiquinol-cytochrome c reductase complex; the ubiquinol-cytochrome c reductase complex (bc1 complex) is a component of the mitochondrial inner membrane electron transport chain	pS
YJR121W	ATP2	P00830	18	27	62.5	75	33.1	Very low	0.932	Disordered	115	70.55	Exposed	Beta subunit of the F1 sector of mitochondrial F1F0 ATP synthase; which is a large, evolutionarily conserved enzyme complex required for ATP synthesis; F1 translationally regulates ATP6 and ATP8 expression to achieve a balanced output of ATP synthase genes encoded in nucleus and mitochondria; phosphorylated	pT
YJR121W	ATP2	P00830	18	28	75	75	34.2	Very low	0.916	Disordered	91	63.64	Exposed	Beta subunit of the F1 sector of mitochondrial F1F0 ATP synthase; which is a large, evolutionarily conserved enzyme complex required for ATP synthesis; F1 translationally regulates ATP6 and ATP8 expression to achieve a balanced output of ATP synthase genes encoded in nucleus and mitochondria; phosphorylated	pS
YJR121W	ATP2	P00830	18	35	87.5	100	33.9	Very low	0.807	Disordered	110	76.92	Exposed	Beta subunit of the F1 sector of mitochondrial F1F0 ATP synthase; which is a large, evolutionarily conserved enzyme complex required for ATP synthesis; F1 translationally regulates ATP6 and ATP8 expression to achieve a balanced output of ATP synthase genes encoded in nucleus and mitochondria; phosphorylated	pS
YJR121W	ATP2	P00830	18	39	62.5	75	50.2	Low	0.611	Disordered	121	84.62	Exposed	Beta subunit of the F1 sector of mitochondrial F1F0 ATP synthase; which is a large, evolutionarily conserved enzyme complex required for ATP synthesis; F1 translationally regulates ATP6 and ATP8 expression to achieve a balanced output of ATP synthase genes encoded in nucleus and mitochondria; phosphorylated	pS
YJR121W	ATP2	P00830	18	40	75	75	58.2	Low	0.565	Disordered	91	55.83	Exposed	Beta subunit of the F1 sector of mitochondrial F1F0 ATP synthase; which is a large, evolutionarily conserved enzyme complex required for ATP synthesis; F1 translationally regulates ATP6 and ATP8 expression to achieve a balanced output of ATP synthase genes encoded in nucleus and mitochondria; phosphorylated	pT
YJR121W	ATP2	P00830	18	43	62.5	87.5	90.6	Very high	0.433	Ordered	43	26.38	Exposed	Beta subunit of the F1 sector of mitochondrial F1F0 ATP synthase; which is a large, evolutionarily conserved enzyme complex required for ATP synthesis; F1 translationally regulates ATP6 and ATP8 expression to achieve a balanced output of ATP synthase genes encoded in nucleus and mitochondria; phosphorylated	pT
YJR121W	ATP2	P00830	18	112	100	100	92.2	Very high	0.066	Ordered	57	34.97	Exposed	Beta subunit of the F1 sector of mitochondrial F1F0 ATP synthase; which is a large, evolutionarily conserved enzyme complex required for ATP synthesis; F1 translationally regulates ATP6 and ATP8 expression to achieve a balanced output of ATP synthase genes encoded in nucleus and mitochondria; phosphorylated	pT
YJR121W	ATP2	P00830	18	117	100	100	94.9	Very high	0.059	Ordered	42	29.37	Exposed	Beta subunit of the F1 sector of mitochondrial F1F0 ATP synthase; which is a large, evolutionarily conserved enzyme complex required for ATP synthesis; F1 translationally regulates ATP6 and ATP8 expression to achieve a balanced output of ATP synthase genes encoded in nucleus and mitochondria; phosphorylated	pS
YJR121W	ATP2	P00830	18	124	100	100	92.9	Very high	0.062	Ordered	0	0	Buried	Beta subunit of the F1 sector of mitochondrial F1F0 ATP synthase; which is a large, evolutionarily conserved enzyme complex required for ATP synthesis; F1 translationally regulates ATP6 and ATP8 expression to achieve a balanced output of ATP synthase genes encoded in nucleus and mitochondria; phosphorylated	pT
YJR121W	ATP2	P00830	18	144	100	100	86	Confident	0.132	Ordered	27	18.88	Buried	Beta subunit of the F1 sector of mitochondrial F1F0 ATP synthase; which is a large, evolutionarily conserved enzyme complex required for ATP synthesis; F1 translationally regulates ATP6 and ATP8 expression to achieve a balanced output of ATP synthase genes encoded in nucleus and mitochondria; phosphorylated	pS
YJR121W	ATP2	P00830	18	163	75	75	78.4	Confident	0.111	Ordered	57	39.86	Exposed	Beta subunit of the F1 sector of mitochondrial F1F0 ATP synthase; which is a large, evolutionarily conserved enzyme complex required for ATP synthesis; F1 translationally regulates ATP6 and ATP8 expression to achieve a balanced output of ATP synthase genes encoded in nucleus and mitochondria; phosphorylated	pS
YJR121W	ATP2	P00830	18	237	100	100	75.1	Confident	0.042	Ordered	44	26.99	Exposed	Beta subunit of the F1 sector of mitochondrial F1F0 ATP synthase; which is a large, evolutionarily conserved enzyme complex required for ATP synthesis; F1 translationally regulates ATP6 and ATP8 expression to achieve a balanced output of ATP synthase genes encoded in nucleus and mitochondria; phosphorylated	pT
YJR121W	ATP2	P00830	18	246	100	100	86.2	Confident	0.033	Ordered	11	7.69	Buried	Beta subunit of the F1 sector of mitochondrial F1F0 ATP synthase; which is a large, evolutionarily conserved enzyme complex required for ATP synthesis; F1 translationally regulates ATP6 and ATP8 expression to achieve a balanced output of ATP synthase genes encoded in nucleus and mitochondria; phosphorylated	pS
YJR121W	ATP2	P00830	18	299	100	100	94.2	Very high	0.033	Ordered	22	15.38	Buried	Beta subunit of the F1 sector of mitochondrial F1F0 ATP synthase; which is a large, evolutionarily conserved enzyme complex required for ATP synthesis; F1 translationally regulates ATP6 and ATP8 expression to achieve a balanced output of ATP synthase genes encoded in nucleus and mitochondria; phosphorylated	pS
YJR121W	ATP2	P00830	18	302	100	100	94	Very high	0.038	Ordered	3	2.1	Buried	Beta subunit of the F1 sector of mitochondrial F1F0 ATP synthase; which is a large, evolutionarily conserved enzyme complex required for ATP synthesis; F1 translationally regulates ATP6 and ATP8 expression to achieve a balanced output of ATP synthase genes encoded in nucleus and mitochondria; phosphorylated	pS
YJR121W	ATP2	P00830	18	317	100	100	93.1	Very high	0.038	Ordered	35	21.47	Exposed	Beta subunit of the F1 sector of mitochondrial F1F0 ATP synthase; which is a large, evolutionarily conserved enzyme complex required for ATP synthesis; F1 translationally regulates ATP6 and ATP8 expression to achieve a balanced output of ATP synthase genes encoded in nucleus and mitochondria; phosphorylated	pT
YJR121W	ATP2	P00830	18	373	100	100	88.3	Confident	0.051	Ordered	18	12.59	Buried	Beta subunit of the F1 sector of mitochondrial F1F0 ATP synthase; which is a large, evolutionarily conserved enzyme complex required for ATP synthesis; F1 translationally regulates ATP6 and ATP8 expression to achieve a balanced output of ATP synthase genes encoded in nucleus and mitochondria; phosphorylated	pS
YJR121W	ATP2	P00830	18	470	100	100	93.6	Very high	0.019	Ordered	0	0	Buried	Beta subunit of the F1 sector of mitochondrial F1F0 ATP synthase; which is a large, evolutionarily conserved enzyme complex required for ATP synthesis; F1 translationally regulates ATP6 and ATP8 expression to achieve a balanced output of ATP synthase genes encoded in nucleus and mitochondria; phosphorylated	pT
YIL125W	KGD1	P20967	20	51	75	75	82.9	Confident	0.376	Ordered	103	63.19	Exposed	Subunit of the mitochondrial alpha-ketoglutarate dehydrogenase complex; catalyzes a key step in the tricarboxylic acid (TCA) cycle, the oxidative decarboxylation of alpha-ketoglutarate to form succinyl-CoA	pT
YIL125W	KGD1	P20967	20	79	75	75	75.9	Confident	0.203	Ordered	80	55.94	Exposed	Subunit of the mitochondrial alpha-ketoglutarate dehydrogenase complex; catalyzes a key step in the tricarboxylic acid (TCA) cycle, the oxidative decarboxylation of alpha-ketoglutarate to form succinyl-CoA	pS
YIL125W	KGD1	P20967	20	86	50	75	63.4	Low	0.238	Ordered	95	58.28	Exposed	Subunit of the mitochondrial alpha-ketoglutarate dehydrogenase complex; catalyzes a key step in the tricarboxylic acid (TCA) cycle, the oxidative decarboxylation of alpha-ketoglutarate to form succinyl-CoA	pT
YIL125W	KGD1	P20967	20	151	100	100	82	Confident	0.074	Ordered	31	21.68	Exposed	Subunit of the mitochondrial alpha-ketoglutarate dehydrogenase complex; catalyzes a key step in the tricarboxylic acid (TCA) cycle, the oxidative decarboxylation of alpha-ketoglutarate to form succinyl-CoA	pS
YIL125W	KGD1	P20967	20	313	100	100	92.6	Very high	0.064	Ordered	9	6.29	Buried	Subunit of the mitochondrial alpha-ketoglutarate dehydrogenase complex; catalyzes a key step in the tricarboxylic acid (TCA) cycle, the oxidative decarboxylation of alpha-ketoglutarate to form succinyl-CoA	pS
YIL125W	KGD1	P20967	20	322	100	100	85.8	Confident	0.098	Ordered	0	0	Buried	Subunit of the mitochondrial alpha-ketoglutarate dehydrogenase complex; catalyzes a key step in the tricarboxylic acid (TCA) cycle, the oxidative decarboxylation of alpha-ketoglutarate to form succinyl-CoA	pS
YIL125W	KGD1	P20967	20	325	100	100	85.5	Confident	0.121	Ordered	14	9.79	Buried	Subunit of the mitochondrial alpha-ketoglutarate dehydrogenase complex; catalyzes a key step in the tricarboxylic acid (TCA) cycle, the oxidative decarboxylation of alpha-ketoglutarate to form succinyl-CoA	pS
YIL125W	KGD1	P20967	20	331	75	75	40.4	Very low	0.143	Ordered	116	81.12	Exposed	Subunit of the mitochondrial alpha-ketoglutarate dehydrogenase complex; catalyzes a key step in the tricarboxylic acid (TCA) cycle, the oxidative decarboxylation of alpha-ketoglutarate to form succinyl-CoA	pS
YIL125W	KGD1	P20967	20	452	100	100	94.8	Very high	0.055	Ordered	135	94.41	Exposed	Subunit of the mitochondrial alpha-ketoglutarate dehydrogenase complex; catalyzes a key step in the tricarboxylic acid (TCA) cycle, the oxidative decarboxylation of alpha-ketoglutarate to form succinyl-CoA	pS
YIL125W	KGD1	P20967	20	453	100	100	93.8	Very high	0.054	Ordered	65	39.88	Exposed	Subunit of the mitochondrial alpha-ketoglutarate dehydrogenase complex; catalyzes a key step in the tricarboxylic acid (TCA) cycle, the oxidative decarboxylation of alpha-ketoglutarate to form succinyl-CoA	pT
YIL125W	KGD1	P20967	20	457	100	100	97.7	Very high	0.053	Ordered	0	0	Buried	Subunit of the mitochondrial alpha-ketoglutarate dehydrogenase complex; catalyzes a key step in the tricarboxylic acid (TCA) cycle, the oxidative decarboxylation of alpha-ketoglutarate to form succinyl-CoA	pS
YIL125W	KGD1	P20967	20	517	100	100	96.4	Very high	0.129	Ordered	67	41.1	Exposed	Subunit of the mitochondrial alpha-ketoglutarate dehydrogenase complex; catalyzes a key step in the tricarboxylic acid (TCA) cycle, the oxidative decarboxylation of alpha-ketoglutarate to form succinyl-CoA	pT
YIL125W	KGD1	P20967	20	530	100	100	95.8	Very high	0.038	Ordered	31	21.68	Exposed	Subunit of the mitochondrial alpha-ketoglutarate dehydrogenase complex; catalyzes a key step in the tricarboxylic acid (TCA) cycle, the oxidative decarboxylation of alpha-ketoglutarate to form succinyl-CoA	pS
YIL125W	KGD1	P20967	20	546	100	100	95.4	Very high	0.071	Ordered	53	37.06	Exposed	Subunit of the mitochondrial alpha-ketoglutarate dehydrogenase complex; catalyzes a key step in the tricarboxylic acid (TCA) cycle, the oxidative decarboxylation of alpha-ketoglutarate to form succinyl-CoA	pS
YIL125W	KGD1	P20967	20	850	100	100	97.6	Very high	0.086	Ordered	0	0	Buried	Subunit of the mitochondrial alpha-ketoglutarate dehydrogenase complex; catalyzes a key step in the tricarboxylic acid (TCA) cycle, the oxidative decarboxylation of alpha-ketoglutarate to form succinyl-CoA	pS
YIL125W	KGD1	P20967	20	901	100	100	97.4	Very high	0.083	Ordered	13	5.1	Buried	Subunit of the mitochondrial alpha-ketoglutarate dehydrogenase complex; catalyzes a key step in the tricarboxylic acid (TCA) cycle, the oxidative decarboxylation of alpha-ketoglutarate to form succinyl-CoA	pY
YIL125W	KGD1	P20967	20	910	12.5	50	95.9	Very high	0.091	Ordered	77	53.85	Exposed	Subunit of the mitochondrial alpha-ketoglutarate dehydrogenase complex; catalyzes a key step in the tricarboxylic acid (TCA) cycle, the oxidative decarboxylation of alpha-ketoglutarate to form succinyl-CoA	pS
YIL125W	KGD1	P20967	20	988	100	100	93.8	Very high	0.322	Ordered	46	32.17	Exposed	Subunit of the mitochondrial alpha-ketoglutarate dehydrogenase complex; catalyzes a key step in the tricarboxylic acid (TCA) cycle, the oxidative decarboxylation of alpha-ketoglutarate to form succinyl-CoA	pS
YIL125W	KGD1	P20967	20	995	75	75	93.6	Very high	0.398	Ordered	52	36.36	Exposed	Subunit of the mitochondrial alpha-ketoglutarate dehydrogenase complex; catalyzes a key step in the tricarboxylic acid (TCA) cycle, the oxidative decarboxylation of alpha-ketoglutarate to form succinyl-CoA	pS
YIL125W	KGD1	P20967	20	997	25	25	96.1	Very high	0.419	Ordered	91	63.64	Exposed	Subunit of the mitochondrial alpha-ketoglutarate dehydrogenase complex; catalyzes a key step in the tricarboxylic acid (TCA) cycle, the oxidative decarboxylation of alpha-ketoglutarate to form succinyl-CoA	pS
YER178W	PDA1	P16387	20	32	87.5	87.5	29.7	Very low	0.917	Disordered	122	74.85	Exposed	E1 alpha subunit of the pyruvate dehydrogenase (PDH) complex; catalyzes the direct oxidative decarboxylation of pyruvate to acetyl-CoA; phosphorylated; regulated by glucose; PDH complex is concentrated in spots within the mitochondrial matrix, often near the ERMES complex and near peroxisomes	pT
YER178W	PDA1	P16387	20	50	62.5	75	63.7	Low	0.428	Ordered	83	58.04	Exposed	E1 alpha subunit of the pyruvate dehydrogenase (PDH) complex; catalyzes the direct oxidative decarboxylation of pyruvate to acetyl-CoA; phosphorylated; regulated by glucose; PDH complex is concentrated in spots within the mitochondrial matrix, often near the ERMES complex and near peroxisomes	pS
YER178W	PDA1	P16387	20	102	100	100	98.2	Very high	0.0	Ordered	44	17.25	Buried	E1 alpha subunit of the pyruvate dehydrogenase (PDH) complex; catalyzes the direct oxidative decarboxylation of pyruvate to acetyl-CoA; phosphorylated; regulated by glucose; PDH complex is concentrated in spots within the mitochondrial matrix, often near the ERMES complex and near peroxisomes	pY
YER178W	PDA1	P16387	20	133	75	100	98.8	Very high	0.0	Ordered	2	1.4	Buried	E1 alpha subunit of the pyruvate dehydrogenase (PDH) complex; catalyzes the direct oxidative decarboxylation of pyruvate to acetyl-CoA; phosphorylated; regulated by glucose; PDH complex is concentrated in spots within the mitochondrial matrix, often near the ERMES complex and near peroxisomes	pS
YER178W	PDA1	P16387	20	137	100	100	98.5	Very high	0.0	Ordered	13	9.09	Buried	E1 alpha subunit of the pyruvate dehydrogenase (PDH) complex; catalyzes the direct oxidative decarboxylation of pyruvate to acetyl-CoA; phosphorylated; regulated by glucose; PDH complex is concentrated in spots within the mitochondrial matrix, often near the ERMES complex and near peroxisomes	pS
YER178W	PDA1	P16387	20	166	100	100	96.8	Very high	0.038	Ordered	23	16.08	Buried	E1 alpha subunit of the pyruvate dehydrogenase (PDH) complex; catalyzes the direct oxidative decarboxylation of pyruvate to acetyl-CoA; phosphorylated; regulated by glucose; PDH complex is concentrated in spots within the mitochondrial matrix, often near the ERMES complex and near peroxisomes	pS
YER178W	PDA1	P16387	20	251	100	100	98.1	Very high	0.061	Ordered	52	31.9	Exposed	E1 alpha subunit of the pyruvate dehydrogenase (PDH) complex; catalyzes the direct oxidative decarboxylation of pyruvate to acetyl-CoA; phosphorylated; regulated by glucose; PDH complex is concentrated in spots within the mitochondrial matrix, often near the ERMES complex and near peroxisomes	pT
YER178W	PDA1	P16387	20	254	50	50	96.8	Very high	0.062	Ordered	98	68.53	Exposed	E1 alpha subunit of the pyruvate dehydrogenase (PDH) complex; catalyzes the direct oxidative decarboxylation of pyruvate to acetyl-CoA; phosphorylated; regulated by glucose; PDH complex is concentrated in spots within the mitochondrial matrix, often near the ERMES complex and near peroxisomes	pS
YER178W	PDA1	P16387	20	256	100	100	97.9	Very high	0.066	Ordered	43	30.07	Exposed	E1 alpha subunit of the pyruvate dehydrogenase (PDH) complex; catalyzes the direct oxidative decarboxylation of pyruvate to acetyl-CoA; phosphorylated; regulated by glucose; PDH complex is concentrated in spots within the mitochondrial matrix, often near the ERMES complex and near peroxisomes	pS
YER178W	PDA1	P16387	20	309	100	100	97.2	Very high	0.062	Ordered	12	4.71	Buried	E1 alpha subunit of the pyruvate dehydrogenase (PDH) complex; catalyzes the direct oxidative decarboxylation of pyruvate to acetyl-CoA; phosphorylated; regulated by glucose; PDH complex is concentrated in spots within the mitochondrial matrix, often near the ERMES complex and near peroxisomes	pY
YER178W	PDA1	P16387	20	311	100	0	96.8	Very high	0.066	Ordered	11	11.34	Buried	E1 alpha subunit of the pyruvate dehydrogenase (PDH) complex; catalyzes the direct oxidative decarboxylation of pyruvate to acetyl-CoA; phosphorylated; regulated by glucose; PDH complex is concentrated in spots within the mitochondrial matrix, often near the ERMES complex and near peroxisomes	pG
YER178W	PDA1	P16387	20	313	100	100	96.9	Very high	0.07	Ordered	11	7.69	Buried	E1 alpha subunit of the pyruvate dehydrogenase (PDH) complex; catalyzes the direct oxidative decarboxylation of pyruvate to acetyl-CoA; phosphorylated; regulated by glucose; PDH complex is concentrated in spots within the mitochondrial matrix, often near the ERMES complex and near peroxisomes	pS
YER178W	PDA1	P16387	20	315	100	100	93.5	Very high	0.066	Ordered	92	64.34	Exposed	E1 alpha subunit of the pyruvate dehydrogenase (PDH) complex; catalyzes the direct oxidative decarboxylation of pyruvate to acetyl-CoA; phosphorylated; regulated by glucose; PDH complex is concentrated in spots within the mitochondrial matrix, often near the ERMES complex and near peroxisomes	pS
YER178W	PDA1	P16387	20	319	100	100	92.7	Very high	0.078	Ordered	69	42.33	Exposed	E1 alpha subunit of the pyruvate dehydrogenase (PDH) complex; catalyzes the direct oxidative decarboxylation of pyruvate to acetyl-CoA; phosphorylated; regulated by glucose; PDH complex is concentrated in spots within the mitochondrial matrix, often near the ERMES complex and near peroxisomes	pT
YER178W	PDA1	P16387	20	320	100	100	94.3	Very high	0.083	Ordered	124	76.07	Exposed	E1 alpha subunit of the pyruvate dehydrogenase (PDH) complex; catalyzes the direct oxidative decarboxylation of pyruvate to acetyl-CoA; phosphorylated; regulated by glucose; PDH complex is concentrated in spots within the mitochondrial matrix, often near the ERMES complex and near peroxisomes	pT
YER178W	PDA1	P16387	20	321	100	100	96.3	Very high	0.082	Ordered	39	15.29	Buried	E1 alpha subunit of the pyruvate dehydrogenase (PDH) complex; catalyzes the direct oxidative decarboxylation of pyruvate to acetyl-CoA; phosphorylated; regulated by glucose; PDH complex is concentrated in spots within the mitochondrial matrix, often near the ERMES complex and near peroxisomes	pY
YER178W	PDA1	P16387	20	332	100	100	96.2	Very high	0.049	Ordered	72	50.35	Exposed	E1 alpha subunit of the pyruvate dehydrogenase (PDH) complex; catalyzes the direct oxidative decarboxylation of pyruvate to acetyl-CoA; phosphorylated; regulated by glucose; PDH complex is concentrated in spots within the mitochondrial matrix, often near the ERMES complex and near peroxisomes	pS
YER178W	PDA1	P16387	20	361	62.5	62.5	97.8	Very high	0.08	Ordered	60	41.96	Exposed	E1 alpha subunit of the pyruvate dehydrogenase (PDH) complex; catalyzes the direct oxidative decarboxylation of pyruvate to acetyl-CoA; phosphorylated; regulated by glucose; PDH complex is concentrated in spots within the mitochondrial matrix, often near the ERMES complex and near peroxisomes	pS
YER178W	PDA1	P16387	20	395	100	100	94.7	Very high	0.103	Ordered	93	57.06	Exposed	E1 alpha subunit of the pyruvate dehydrogenase (PDH) complex; catalyzes the direct oxidative decarboxylation of pyruvate to acetyl-CoA; phosphorylated; regulated by glucose; PDH complex is concentrated in spots within the mitochondrial matrix, often near the ERMES complex and near peroxisomes	pT
YER178W	PDA1	P16387	20	397	100	100	93	Very high	0.113	Ordered	61	37.42	Exposed	E1 alpha subunit of the pyruvate dehydrogenase (PDH) complex; catalyzes the direct oxidative decarboxylation of pyruvate to acetyl-CoA; phosphorylated; regulated by glucose; PDH complex is concentrated in spots within the mitochondrial matrix, often near the ERMES complex and near peroxisomes	pT
YDR148C	KGD2	P19262	21	17	75	75	48.7	Very low	0.918	Disordered	43	30.07	Exposed	Dihydrolipoyl transsuccinylase; component of the mitochondrial alpha-ketoglutarate dehydrogenase complex, which catalyzes the oxidative decarboxylation of alpha-ketoglutarate to succinyl-CoA in the TCA cycle; phosphorylated	pS
YDR148C	KGD2	P19262	21	27	25	25	36.8	Very low	0.917	Disordered	87	60.84	Exposed	Dihydrolipoyl transsuccinylase; component of the mitochondrial alpha-ketoglutarate dehydrogenase complex, which catalyzes the oxidative decarboxylation of alpha-ketoglutarate to succinyl-CoA in the TCA cycle; phosphorylated	pS
YDR148C	KGD2	P19262	21	34	75	75	34.6	Very low	0.93	Disordered	111	77.62	Exposed	Dihydrolipoyl transsuccinylase; component of the mitochondrial alpha-ketoglutarate dehydrogenase complex, which catalyzes the oxidative decarboxylation of alpha-ketoglutarate to succinyl-CoA in the TCA cycle; phosphorylated	pS
YDR148C	KGD2	P19262	21	35	75	75	36.4	Very low	0.928	Disordered	143	87.73	Exposed	Dihydrolipoyl transsuccinylase; component of the mitochondrial alpha-ketoglutarate dehydrogenase complex, which catalyzes the oxidative decarboxylation of alpha-ketoglutarate to succinyl-CoA in the TCA cycle; phosphorylated	pT
YDR148C	KGD2	P19262	21	46	62.5	62.5	34.4	Very low	0.952	Disordered	112	78.32	Exposed	Dihydrolipoyl transsuccinylase; component of the mitochondrial alpha-ketoglutarate dehydrogenase complex, which catalyzes the oxidative decarboxylation of alpha-ketoglutarate to succinyl-CoA in the TCA cycle; phosphorylated	pS
YDR148C	KGD2	P19262	21	51	75	75	37.3	Very low	0.968	Disordered	213	83.53	Exposed	Dihydrolipoyl transsuccinylase; component of the mitochondrial alpha-ketoglutarate dehydrogenase complex, which catalyzes the oxidative decarboxylation of alpha-ketoglutarate to succinyl-CoA in the TCA cycle; phosphorylated	pY
YDR148C	KGD2	P19262	21	53	50	50	40	Very low	0.957	Disordered	113	79.02	Exposed	Dihydrolipoyl transsuccinylase; component of the mitochondrial alpha-ketoglutarate dehydrogenase complex, which catalyzes the oxidative decarboxylation of alpha-ketoglutarate to succinyl-CoA in the TCA cycle; phosphorylated	pS
YDR148C	KGD2	P19262	21	73	100	100	74.9	Confident	0.976	Disordered	56	39.16	Exposed	Dihydrolipoyl transsuccinylase; component of the mitochondrial alpha-ketoglutarate dehydrogenase complex, which catalyzes the oxidative decarboxylation of alpha-ketoglutarate to succinyl-CoA in the TCA cycle; phosphorylated	pS
YDR148C	KGD2	P19262	21	74	100	100	80.1	Confident	0.976	Disordered	46	28.22	Exposed	Dihydrolipoyl transsuccinylase; component of the mitochondrial alpha-ketoglutarate dehydrogenase complex, which catalyzes the oxidative decarboxylation of alpha-ketoglutarate to succinyl-CoA in the TCA cycle; phosphorylated	pT
YDR148C	KGD2	P19262	21	121	100	100	82	Confident	0.949	Disordered	1	0.7	Buried	Dihydrolipoyl transsuccinylase; component of the mitochondrial alpha-ketoglutarate dehydrogenase complex, which catalyzes the oxidative decarboxylation of alpha-ketoglutarate to succinyl-CoA in the TCA cycle; phosphorylated	pS
YDR148C	KGD2	P19262	21	180	12.5	12.5	37.6	Very low	0.985	Disordered	111	77.62	Exposed	Dihydrolipoyl transsuccinylase; component of the mitochondrial alpha-ketoglutarate dehydrogenase complex, which catalyzes the oxidative decarboxylation of alpha-ketoglutarate to succinyl-CoA in the TCA cycle; phosphorylated	pS
YDR148C	KGD2	P19262	21	181	0	0	39.9	Very low	0.981	Disordered	104	72.73	Exposed	Dihydrolipoyl transsuccinylase; component of the mitochondrial alpha-ketoglutarate dehydrogenase complex, which catalyzes the oxidative decarboxylation of alpha-ketoglutarate to succinyl-CoA in the TCA cycle; phosphorylated	pS
YDR148C	KGD2	P19262	21	186	0	0	41.2	Very low	0.987	Disordered	119	83.22	Exposed	Dihydrolipoyl transsuccinylase; component of the mitochondrial alpha-ketoglutarate dehydrogenase complex, which catalyzes the oxidative decarboxylation of alpha-ketoglutarate to succinyl-CoA in the TCA cycle; phosphorylated	pS
YDR148C	KGD2	P19262	21	203	12.5	25	50.4	Low	0.981	Disordered	140	85.89	Exposed	Dihydrolipoyl transsuccinylase; component of the mitochondrial alpha-ketoglutarate dehydrogenase complex, which catalyzes the oxidative decarboxylation of alpha-ketoglutarate to succinyl-CoA in the TCA cycle; phosphorylated	pT
YDR148C	KGD2	P19262	21	214	37.5	50	43.8	Very low	0.948	Disordered	139	85.28	Exposed	Dihydrolipoyl transsuccinylase; component of the mitochondrial alpha-ketoglutarate dehydrogenase complex, which catalyzes the oxidative decarboxylation of alpha-ketoglutarate to succinyl-CoA in the TCA cycle; phosphorylated	pT
YDR148C	KGD2	P19262	21	216	12.5	12.5	43.8	Very low	0.936	Disordered	112	78.32	Exposed	Dihydrolipoyl transsuccinylase; component of the mitochondrial alpha-ketoglutarate dehydrogenase complex, which catalyzes the oxidative decarboxylation of alpha-ketoglutarate to succinyl-CoA in the TCA cycle; phosphorylated	pS
YDR148C	KGD2	P19262	21	225	75	75	55.5	Low	0.777	Disordered	109	76.22	Exposed	Dihydrolipoyl transsuccinylase; component of the mitochondrial alpha-ketoglutarate dehydrogenase complex, which catalyzes the oxidative decarboxylation of alpha-ketoglutarate to succinyl-CoA in the TCA cycle; phosphorylated	pS
YDR148C	KGD2	P19262	21	227	100	100	57.3	Low	0.718	Disordered	99	69.23	Exposed	Dihydrolipoyl transsuccinylase; component of the mitochondrial alpha-ketoglutarate dehydrogenase complex, which catalyzes the oxidative decarboxylation of alpha-ketoglutarate to succinyl-CoA in the TCA cycle; phosphorylated	pS
YDR148C	KGD2	P19262	21	236	75	75	90.9	Very high	0.403	Ordered	126	77.3	Exposed	Dihydrolipoyl transsuccinylase; component of the mitochondrial alpha-ketoglutarate dehydrogenase complex, which catalyzes the oxidative decarboxylation of alpha-ketoglutarate to succinyl-CoA in the TCA cycle; phosphorylated	pT
YDR148C	KGD2	P19262	21	340	100	100	93.8	Very high	0.034	Ordered	28	17.18	Buried	Dihydrolipoyl transsuccinylase; component of the mitochondrial alpha-ketoglutarate dehydrogenase complex, which catalyzes the oxidative decarboxylation of alpha-ketoglutarate to succinyl-CoA in the TCA cycle; phosphorylated	pT
YDR148C	KGD2	P19262	21	449	100	100	97	Very high	0.034	Ordered	32	19.63	Buried	Dihydrolipoyl transsuccinylase; component of the mitochondrial alpha-ketoglutarate dehydrogenase complex, which catalyzes the oxidative decarboxylation of alpha-ketoglutarate to succinyl-CoA in the TCA cycle; phosphorylated	pT
YBL099W	ATP1	P07251	21	31	75	87.5	40.5	Very low	0.916	Disordered	96	67.13	Exposed	Alpha subunit of the F1 sector of mitochondrial F1F0 ATP synthase; which is a large, evolutionarily conserved enzyme complex required for ATP synthesis; F1 translationally regulates ATP6 and ATP8 expression to achieve a balanced output of ATP synthase genes encoded in nucleus and mitochondria; phosphorylated; N-terminally propionylated in viv	pS
YBL099W	ATP1	P07251	21	37	87.5	87.5	47	Very low	0.805	Disordered	56	39.16	Exposed	Alpha subunit of the F1 sector of mitochondrial F1F0 ATP synthase; which is a large, evolutionarily conserved enzyme complex required for ATP synthesis; F1 translationally regulates ATP6 and ATP8 expression to achieve a balanced output of ATP synthase genes encoded in nucleus and mitochondria; phosphorylated; N-terminally propionylated in viv	pS
YBL099W	ATP1	P07251	21	38	75	75	75.2	Confident	0.79	Disordered	153	93.87	Exposed	Alpha subunit of the F1 sector of mitochondrial F1F0 ATP synthase; which is a large, evolutionarily conserved enzyme complex required for ATP synthesis; F1 translationally regulates ATP6 and ATP8 expression to achieve a balanced output of ATP synthase genes encoded in nucleus and mitochondria; phosphorylated; N-terminally propionylated in viv	pT
YBL099W	ATP1	P07251	21	43	100	100	70.3	Confident	0.627	Disordered	19	11.66	Buried	Alpha subunit of the F1 sector of mitochondrial F1F0 ATP synthase; which is a large, evolutionarily conserved enzyme complex required for ATP synthesis; F1 translationally regulates ATP6 and ATP8 expression to achieve a balanced output of ATP synthase genes encoded in nucleus and mitochondria; phosphorylated; N-terminally propionylated in viv	pT
YBL099W	ATP1	P07251	21	46	100	100	81	Confident	0.558	Disordered	101	70.63	Exposed	Alpha subunit of the F1 sector of mitochondrial F1F0 ATP synthase; which is a large, evolutionarily conserved enzyme complex required for ATP synthesis; F1 translationally regulates ATP6 and ATP8 expression to achieve a balanced output of ATP synthase genes encoded in nucleus and mitochondria; phosphorylated; N-terminally propionylated in viv	pS
YBL099W	ATP1	P07251	21	47	100	100	80.9	Confident	0.526	Disordered	58	40.56	Exposed	Alpha subunit of the F1 sector of mitochondrial F1F0 ATP synthase; which is a large, evolutionarily conserved enzyme complex required for ATP synthesis; F1 translationally regulates ATP6 and ATP8 expression to achieve a balanced output of ATP synthase genes encoded in nucleus and mitochondria; phosphorylated; N-terminally propionylated in viv	pS
YBL099W	ATP1	P07251	21	57	100	100	61.3	Low	0.233	Ordered	91	63.64	Exposed	Alpha subunit of the F1 sector of mitochondrial F1F0 ATP synthase; which is a large, evolutionarily conserved enzyme complex required for ATP synthesis; F1 translationally regulates ATP6 and ATP8 expression to achieve a balanced output of ATP synthase genes encoded in nucleus and mitochondria; phosphorylated; N-terminally propionylated in viv	pS
YBL099W	ATP1	P07251	21	115	100	100	89	Confident	0.048	Ordered	62	43.36	Exposed	Alpha subunit of the F1 sector of mitochondrial F1F0 ATP synthase; which is a large, evolutionarily conserved enzyme complex required for ATP synthesis; F1 translationally regulates ATP6 and ATP8 expression to achieve a balanced output of ATP synthase genes encoded in nucleus and mitochondria; phosphorylated; N-terminally propionylated in viv	pS
YBL099W	ATP1	P07251	21	178	100	100	97.4	Very high	0.101	Ordered	85	59.44	Exposed	Alpha subunit of the F1 sector of mitochondrial F1F0 ATP synthase; which is a large, evolutionarily conserved enzyme complex required for ATP synthesis; F1 translationally regulates ATP6 and ATP8 expression to achieve a balanced output of ATP synthase genes encoded in nucleus and mitochondria; phosphorylated; N-terminally propionylated in viv	pS
YBL099W	ATP1	P07251	21	213	100	100	96.2	Very high	0.042	Ordered	47	28.83	Exposed	Alpha subunit of the F1 sector of mitochondrial F1F0 ATP synthase; which is a large, evolutionarily conserved enzyme complex required for ATP synthesis; F1 translationally regulates ATP6 and ATP8 expression to achieve a balanced output of ATP synthase genes encoded in nucleus and mitochondria; phosphorylated; N-terminally propionylated in viv	pT
YBL099W	ATP1	P07251	21	230	37.5	50	94.2	Very high	0.1	Ordered	118	82.52	Exposed	Alpha subunit of the F1 sector of mitochondrial F1F0 ATP synthase; which is a large, evolutionarily conserved enzyme complex required for ATP synthesis; F1 translationally regulates ATP6 and ATP8 expression to achieve a balanced output of ATP synthase genes encoded in nucleus and mitochondria; phosphorylated; N-terminally propionylated in viv	pS
YBL099W	ATP1	P07251	21	233	75	100	95.4	Very high	0.099	Ordered	68	47.55	Exposed	Alpha subunit of the F1 sector of mitochondrial F1F0 ATP synthase; which is a large, evolutionarily conserved enzyme complex required for ATP synthesis; F1 translationally regulates ATP6 and ATP8 expression to achieve a balanced output of ATP synthase genes encoded in nucleus and mitochondria; phosphorylated; N-terminally propionylated in viv	pS
YBL099W	ATP1	P07251	21	256	100	100	97.1	Very high	0.023	Ordered	10	6.13	Buried	Alpha subunit of the F1 sector of mitochondrial F1F0 ATP synthase; which is a large, evolutionarily conserved enzyme complex required for ATP synthesis; F1 translationally regulates ATP6 and ATP8 expression to achieve a balanced output of ATP synthase genes encoded in nucleus and mitochondria; phosphorylated; N-terminally propionylated in viv	pT
YBL099W	ATP1	P07251	21	309	100	100	96.9	Very high	0.024	Ordered	18	12.59	Buried	Alpha subunit of the F1 sector of mitochondrial F1F0 ATP synthase; which is a large, evolutionarily conserved enzyme complex required for ATP synthesis; F1 translationally regulates ATP6 and ATP8 expression to achieve a balanced output of ATP synthase genes encoded in nucleus and mitochondria; phosphorylated; N-terminally propionylated in viv	pS
YBL099W	ATP1	P07251	21	340	100	100	97.7	Very high	0.064	Ordered	24	16.78	Buried	Alpha subunit of the F1 sector of mitochondrial F1F0 ATP synthase; which is a large, evolutionarily conserved enzyme complex required for ATP synthesis; F1 translationally regulates ATP6 and ATP8 expression to achieve a balanced output of ATP synthase genes encoded in nucleus and mitochondria; phosphorylated; N-terminally propionylated in viv	pS
YBL099W	ATP1	P07251	21	350	87.5	87.5	97.6	Very high	0.101	Ordered	20	13.99	Buried	Alpha subunit of the F1 sector of mitochondrial F1F0 ATP synthase; which is a large, evolutionarily conserved enzyme complex required for ATP synthesis; F1 translationally regulates ATP6 and ATP8 expression to achieve a balanced output of ATP synthase genes encoded in nucleus and mitochondria; phosphorylated; N-terminally propionylated in viv	pS
YBL099W	ATP1	P07251	21	413	100	100	90.9	Very high	0.033	Ordered	58	40.56	Exposed	Alpha subunit of the F1 sector of mitochondrial F1F0 ATP synthase; which is a large, evolutionarily conserved enzyme complex required for ATP synthesis; F1 translationally regulates ATP6 and ATP8 expression to achieve a balanced output of ATP synthase genes encoded in nucleus and mitochondria; phosphorylated; N-terminally propionylated in viv	pS
YBL099W	ATP1	P07251	21	445	100	100	73	Confident	0.065	Ordered	116	81.12	Exposed	Alpha subunit of the F1 sector of mitochondrial F1F0 ATP synthase; which is a large, evolutionarily conserved enzyme complex required for ATP synthesis; F1 translationally regulates ATP6 and ATP8 expression to achieve a balanced output of ATP synthase genes encoded in nucleus and mitochondria; phosphorylated; N-terminally propionylated in viv	pS
YBL099W	ATP1	P07251	21	511	87.5	87.5	95.9	Very high	0.065	Ordered	98	68.53	Exposed	Alpha subunit of the F1 sector of mitochondrial F1F0 ATP synthase; which is a large, evolutionarily conserved enzyme complex required for ATP synthesis; F1 translationally regulates ATP6 and ATP8 expression to achieve a balanced output of ATP synthase genes encoded in nucleus and mitochondria; phosphorylated; N-terminally propionylated in viv	pS
YBL099W	ATP1	P07251	21	527	75	100	94.6	Very high	0.08	Ordered	44	30.77	Exposed	Alpha subunit of the F1 sector of mitochondrial F1F0 ATP synthase; which is a large, evolutionarily conserved enzyme complex required for ATP synthesis; F1 translationally regulates ATP6 and ATP8 expression to achieve a balanced output of ATP synthase genes encoded in nucleus and mitochondria; phosphorylated; N-terminally propionylated in viv	pS
YBL099W	ATP1	P07251	21	533	87.5	100	95	Very high	0.123	Ordered	64	44.76	Exposed	Alpha subunit of the F1 sector of mitochondrial F1F0 ATP synthase; which is a large, evolutionarily conserved enzyme complex required for ATP synthesis; F1 translationally regulates ATP6 and ATP8 expression to achieve a balanced output of ATP synthase genes encoded in nucleus and mitochondria; phosphorylated; N-terminally propionylated in viv	pS
YNL071W	LAT1	P12695	29	18	75	75	45.6	Very low	0.911	Disordered	117	71.78	Exposed	Dihydrolipoamide acetyltransferase component (E2) of the PDC; the pyruvate dehydrogenase complex (PDC) catalyzes the oxidative decarboxylation of pyruvate to acetyl-CoA	pT
YNL071W	LAT1	P12695	29	43	100	100	81	Confident	0.85	Disordered	29	20.28	Exposed	Dihydrolipoamide acetyltransferase component (E2) of the PDC; the pyruvate dehydrogenase complex (PDC) catalyzes the oxidative decarboxylation of pyruvate to acetyl-CoA	pS
YNL071W	LAT1	P12695	29	63	0	0	85.8	Confident	0.657	Disordered	45	31.47	Exposed	Dihydrolipoamide acetyltransferase component (E2) of the PDC; the pyruvate dehydrogenase complex (PDC) catalyzes the oxidative decarboxylation of pyruvate to acetyl-CoA	pS
YNL071W	LAT1	P12695	29	73	100	100	85.8	Confident	0.517	Disordered	20	12.27	Buried	Dihydrolipoamide acetyltransferase component (E2) of the PDC; the pyruvate dehydrogenase complex (PDC) catalyzes the oxidative decarboxylation of pyruvate to acetyl-CoA	pT
YNL071W	LAT1	P12695	29	75	100	0	78.7	Confident	0.453	Ordered	154	66.96	Exposed	Dihydrolipoamide acetyltransferase component (E2) of the PDC; the pyruvate dehydrogenase complex (PDC) catalyzes the oxidative decarboxylation of pyruvate to acetyl-CoA	pK
YNL071W	LAT1	P12695	29	97	100	100	83.5	Confident	0.41	Ordered	42	25.77	Exposed	Dihydrolipoamide acetyltransferase component (E2) of the PDC; the pyruvate dehydrogenase complex (PDC) catalyzes the oxidative decarboxylation of pyruvate to acetyl-CoA	pT
YNL071W	LAT1	P12695	29	109	100	100	88.7	Confident	0.557	Disordered	4	1.57	Buried	Dihydrolipoamide acetyltransferase component (E2) of the PDC; the pyruvate dehydrogenase complex (PDC) catalyzes the oxidative decarboxylation of pyruvate to acetyl-CoA	pY
YNL071W	LAT1	P12695	29	127	62.5	75	41.5	Very low	0.849	Disordered	50	34.97	Exposed	Dihydrolipoamide acetyltransferase component (E2) of the PDC; the pyruvate dehydrogenase complex (PDC) catalyzes the oxidative decarboxylation of pyruvate to acetyl-CoA	pS
YNL071W	LAT1	P12695	29	129	75	75	28.1	Very low	0.875	Disordered	106	74.13	Exposed	Dihydrolipoamide acetyltransferase component (E2) of the PDC; the pyruvate dehydrogenase complex (PDC) catalyzes the oxidative decarboxylation of pyruvate to acetyl-CoA	pS
YNL071W	LAT1	P12695	29	131	12.5	25	30	Very low	0.898	Disordered	125	87.41	Exposed	Dihydrolipoamide acetyltransferase component (E2) of the PDC; the pyruvate dehydrogenase complex (PDC) catalyzes the oxidative decarboxylation of pyruvate to acetyl-CoA	pS
YNL071W	LAT1	P12695	29	133	50	62.5	28.7	Very low	0.922	Disordered	133	81.6	Exposed	Dihydrolipoamide acetyltransferase component (E2) of the PDC; the pyruvate dehydrogenase complex (PDC) catalyzes the oxidative decarboxylation of pyruvate to acetyl-CoA	pT
YNL071W	LAT1	P12695	29	134	50	62.5	35.3	Very low	0.932	Disordered	117	81.82	Exposed	Dihydrolipoamide acetyltransferase component (E2) of the PDC; the pyruvate dehydrogenase complex (PDC) catalyzes the oxidative decarboxylation of pyruvate to acetyl-CoA	pS
YNL071W	LAT1	P12695	29	135	62.5	62.5	30.5	Very low	0.944	Disordered	127	77.91	Exposed	Dihydrolipoamide acetyltransferase component (E2) of the PDC; the pyruvate dehydrogenase complex (PDC) catalyzes the oxidative decarboxylation of pyruvate to acetyl-CoA	pT
YNL071W	LAT1	P12695	29	157	62.5	75	37.5	Very low	0.963	Disordered	132	80.98	Exposed	Dihydrolipoamide acetyltransferase component (E2) of the PDC; the pyruvate dehydrogenase complex (PDC) catalyzes the oxidative decarboxylation of pyruvate to acetyl-CoA	pT
YNL071W	LAT1	P12695	29	158	37.5	37.5	43.7	Very low	0.948	Disordered	109	76.22	Exposed	Dihydrolipoamide acetyltransferase component (E2) of the PDC; the pyruvate dehydrogenase complex (PDC) catalyzes the oxidative decarboxylation of pyruvate to acetyl-CoA	pS
YNL071W	LAT1	P12695	29	165	37.5	87.5	42.2	Very low	0.839	Disordered	120	83.92	Exposed	Dihydrolipoamide acetyltransferase component (E2) of the PDC; the pyruvate dehydrogenase complex (PDC) catalyzes the oxidative decarboxylation of pyruvate to acetyl-CoA	pS
YNL071W	LAT1	P12695	29	177	100	100	86.9	Confident	0.48	Ordered	23	16.08	Buried	Dihydrolipoamide acetyltransferase component (E2) of the PDC; the pyruvate dehydrogenase complex (PDC) catalyzes the oxidative decarboxylation of pyruvate to acetyl-CoA	pS
YNL071W	LAT1	P12695	29	190	50	62.5	86.7	Confident	0.363	Ordered	72	50.35	Exposed	Dihydrolipoamide acetyltransferase component (E2) of the PDC; the pyruvate dehydrogenase complex (PDC) catalyzes the oxidative decarboxylation of pyruvate to acetyl-CoA	pS
YNL071W	LAT1	P12695	29	197	100	100	85.5	Confident	0.364	Ordered	116	71.17	Exposed	Dihydrolipoamide acetyltransferase component (E2) of the PDC; the pyruvate dehydrogenase complex (PDC) catalyzes the oxidative decarboxylation of pyruvate to acetyl-CoA	pT
YNL071W	LAT1	P12695	29	210	62.5	62.5	87	Confident	0.526	Disordered	45	31.47	Exposed	Dihydrolipoamide acetyltransferase component (E2) of the PDC; the pyruvate dehydrogenase complex (PDC) catalyzes the oxidative decarboxylation of pyruvate to acetyl-CoA	pS
YNL071W	LAT1	P12695	29	215	75	75	73.2	Confident	0.641	Disordered	55	38.46	Exposed	Dihydrolipoamide acetyltransferase component (E2) of the PDC; the pyruvate dehydrogenase complex (PDC) catalyzes the oxidative decarboxylation of pyruvate to acetyl-CoA	pS
YNL071W	LAT1	P12695	29	216	62.5	62.5	63	Low	0.665	Disordered	74	51.75	Exposed	Dihydrolipoamide acetyltransferase component (E2) of the PDC; the pyruvate dehydrogenase complex (PDC) catalyzes the oxidative decarboxylation of pyruvate to acetyl-CoA	pS
YNL071W	LAT1	P12695	29	270	100	100	92.8	Very high	0.144	Ordered	3	2.1	Buried	Dihydrolipoamide acetyltransferase component (E2) of the PDC; the pyruvate dehydrogenase complex (PDC) catalyzes the oxidative decarboxylation of pyruvate to acetyl-CoA	pS
YNL071W	LAT1	P12695	29	276	100	100	93.8	Very high	0.092	Ordered	65	45.45	Exposed	Dihydrolipoamide acetyltransferase component (E2) of the PDC; the pyruvate dehydrogenase complex (PDC) catalyzes the oxidative decarboxylation of pyruvate to acetyl-CoA	pS
YNL071W	LAT1	P12695	29	280	100	100	95.9	Very high	0.076	Ordered	55	38.46	Exposed	Dihydrolipoamide acetyltransferase component (E2) of the PDC; the pyruvate dehydrogenase complex (PDC) catalyzes the oxidative decarboxylation of pyruvate to acetyl-CoA	pS
YNL071W	LAT1	P12695	29	281	100	100	95	Very high	0.071	Ordered	26	18.18	Buried	Dihydrolipoamide acetyltransferase component (E2) of the PDC; the pyruvate dehydrogenase complex (PDC) catalyzes the oxidative decarboxylation of pyruvate to acetyl-CoA	pS
YNL071W	LAT1	P12695	29	286	100	100	93.4	Very high	0.066	Ordered	20	13.99	Buried	Dihydrolipoamide acetyltransferase component (E2) of the PDC; the pyruvate dehydrogenase complex (PDC) catalyzes the oxidative decarboxylation of pyruvate to acetyl-CoA	pS
YNL071W	LAT1	P12695	29	294	100	100	92.6	Very high	0.077	Ordered	69	48.25	Exposed	Dihydrolipoamide acetyltransferase component (E2) of the PDC; the pyruvate dehydrogenase complex (PDC) catalyzes the oxidative decarboxylation of pyruvate to acetyl-CoA	pS
YNL071W	LAT1	P12695	29	368	37.5	50	91.4	Very high	0.058	Ordered	50	34.97	Exposed	Dihydrolipoamide acetyltransferase component (E2) of the PDC; the pyruvate dehydrogenase complex (PDC) catalyzes the oxidative decarboxylation of pyruvate to acetyl-CoA	pS
YOR374W	ALD4	P46367	29	5	75	100	37.7	Very low	0.904	Disordered	115	80.42	Exposed	Mitochondrial aldehyde dehydrogenase; required for growth on ethanol and conversion of acetaldehyde to acetate; phosphorylated; activity is K+ dependent; utilizes NADP+ or NAD+ equally as coenzymes; expression is glucose repressed; can substitute for cytosolic NADP-dependent aldehyde dehydrogenase when directed to the cytosol; human homolog ALDH2 can complement yeast ald4 mutant	pS
YOR374W	ALD4	P46367	29	14	50	50	33	Very low	0.899	Disordered	109	76.22	Exposed	Mitochondrial aldehyde dehydrogenase; required for growth on ethanol and conversion of acetaldehyde to acetate; phosphorylated; activity is K+ dependent; utilizes NADP+ or NAD+ equally as coenzymes; expression is glucose repressed; can substitute for cytosolic NADP-dependent aldehyde dehydrogenase when directed to the cytosol; human homolog ALDH2 can complement yeast ald4 mutant	pS
YOR374W	ALD4	P46367	29	25	100	100	57.2	Low	0.758	Disordered	106	74.13	Exposed	Mitochondrial aldehyde dehydrogenase; required for growth on ethanol and conversion of acetaldehyde to acetate; phosphorylated; activity is K+ dependent; utilizes NADP+ or NAD+ equally as coenzymes; expression is glucose repressed; can substitute for cytosolic NADP-dependent aldehyde dehydrogenase when directed to the cytosol; human homolog ALDH2 can complement yeast ald4 mutant	pS
YOR374W	ALD4	P46367	29	96	62.5	75	98.2	Very high	0.078	Ordered	84	58.74	Exposed	Mitochondrial aldehyde dehydrogenase; required for growth on ethanol and conversion of acetaldehyde to acetate; phosphorylated; activity is K+ dependent; utilizes NADP+ or NAD+ equally as coenzymes; expression is glucose repressed; can substitute for cytosolic NADP-dependent aldehyde dehydrogenase when directed to the cytosol; human homolog ALDH2 can complement yeast ald4 mutant	pS
YOR374W	ALD4	P46367	29	99	100	100	96.8	Very high	0.073	Ordered	44	30.77	Exposed	Mitochondrial aldehyde dehydrogenase; required for growth on ethanol and conversion of acetaldehyde to acetate; phosphorylated; activity is K+ dependent; utilizes NADP+ or NAD+ equally as coenzymes; expression is glucose repressed; can substitute for cytosolic NADP-dependent aldehyde dehydrogenase when directed to the cytosol; human homolog ALDH2 can complement yeast ald4 mutant	pS
YOR374W	ALD4	P46367	29	139	62.5	75	98	Very high	0.035	Ordered	56	39.16	Exposed	Mitochondrial aldehyde dehydrogenase; required for growth on ethanol and conversion of acetaldehyde to acetate; phosphorylated; activity is K+ dependent; utilizes NADP+ or NAD+ equally as coenzymes; expression is glucose repressed; can substitute for cytosolic NADP-dependent aldehyde dehydrogenase when directed to the cytosol; human homolog ALDH2 can complement yeast ald4 mutant	pS
YOR374W	ALD4	P46367	29	154	100	100	97.9	Very high	0.026	Ordered	27	18.88	Buried	Mitochondrial aldehyde dehydrogenase; required for growth on ethanol and conversion of acetaldehyde to acetate; phosphorylated; activity is K+ dependent; utilizes NADP+ or NAD+ equally as coenzymes; expression is glucose repressed; can substitute for cytosolic NADP-dependent aldehyde dehydrogenase when directed to the cytosol; human homolog ALDH2 can complement yeast ald4 mutant	pS
YOR374W	ALD4	P46367	29	155	100	100	98	Very high	0.024	Ordered	4	2.8	Buried	Mitochondrial aldehyde dehydrogenase; required for growth on ethanol and conversion of acetaldehyde to acetate; phosphorylated; activity is K+ dependent; utilizes NADP+ or NAD+ equally as coenzymes; expression is glucose repressed; can substitute for cytosolic NADP-dependent aldehyde dehydrogenase when directed to the cytosol; human homolog ALDH2 can complement yeast ald4 mutant	pS
YOR374W	ALD4	P46367	29	172	75	75	95.8	Very high	0.024	Ordered	72	44.17	Exposed	Mitochondrial aldehyde dehydrogenase; required for growth on ethanol and conversion of acetaldehyde to acetate; phosphorylated; activity is K+ dependent; utilizes NADP+ or NAD+ equally as coenzymes; expression is glucose repressed; can substitute for cytosolic NADP-dependent aldehyde dehydrogenase when directed to the cytosol; human homolog ALDH2 can complement yeast ald4 mutant	pT
YOR374W	ALD4	P46367	29	175	75	75	98.2	Very high	0.021	Ordered	8	5.59	Buried	Mitochondrial aldehyde dehydrogenase; required for growth on ethanol and conversion of acetaldehyde to acetate; phosphorylated; activity is K+ dependent; utilizes NADP+ or NAD+ equally as coenzymes; expression is glucose repressed; can substitute for cytosolic NADP-dependent aldehyde dehydrogenase when directed to the cytosol; human homolog ALDH2 can complement yeast ald4 mutant	pS
YOR374W	ALD4	P46367	29	177	75	75	98.4	Very high	0.024	Ordered	15	9.2	Buried	Mitochondrial aldehyde dehydrogenase; required for growth on ethanol and conversion of acetaldehyde to acetate; phosphorylated; activity is K+ dependent; utilizes NADP+ or NAD+ equally as coenzymes; expression is glucose repressed; can substitute for cytosolic NADP-dependent aldehyde dehydrogenase when directed to the cytosol; human homolog ALDH2 can complement yeast ald4 mutant	pT
YOR374W	ALD4	P46367	29	211	100	100	98.9	Very high	0.01	Ordered	0	0	Buried	Mitochondrial aldehyde dehydrogenase; required for growth on ethanol and conversion of acetaldehyde to acetate; phosphorylated; activity is K+ dependent; utilizes NADP+ or NAD+ equally as coenzymes; expression is glucose repressed; can substitute for cytosolic NADP-dependent aldehyde dehydrogenase when directed to the cytosol; human homolog ALDH2 can complement yeast ald4 mutant	pT
YOR374W	ALD4	P46367	29	216	100	100	98.8	Very high	0.016	Ordered	0	0	Buried	Mitochondrial aldehyde dehydrogenase; required for growth on ethanol and conversion of acetaldehyde to acetate; phosphorylated; activity is K+ dependent; utilizes NADP+ or NAD+ equally as coenzymes; expression is glucose repressed; can substitute for cytosolic NADP-dependent aldehyde dehydrogenase when directed to the cytosol; human homolog ALDH2 can complement yeast ald4 mutant	pT
YOR374W	ALD4	P46367	29	219	100	100	97.9	Very high	0.015	Ordered	30	20.98	Exposed	Mitochondrial aldehyde dehydrogenase; required for growth on ethanol and conversion of acetaldehyde to acetate; phosphorylated; activity is K+ dependent; utilizes NADP+ or NAD+ equally as coenzymes; expression is glucose repressed; can substitute for cytosolic NADP-dependent aldehyde dehydrogenase when directed to the cytosol; human homolog ALDH2 can complement yeast ald4 mutant	pS
YOR374W	ALD4	P46367	29	220	100	100	98.8	Very high	0.014	Ordered	0	0	Buried	Mitochondrial aldehyde dehydrogenase; required for growth on ethanol and conversion of acetaldehyde to acetate; phosphorylated; activity is K+ dependent; utilizes NADP+ or NAD+ equally as coenzymes; expression is glucose repressed; can substitute for cytosolic NADP-dependent aldehyde dehydrogenase when directed to the cytosol; human homolog ALDH2 can complement yeast ald4 mutant	pT
YOR374W	ALD4	P46367	29	223	100	100	98.8	Very high	0.018	Ordered	0	0	Buried	Mitochondrial aldehyde dehydrogenase; required for growth on ethanol and conversion of acetaldehyde to acetate; phosphorylated; activity is K+ dependent; utilizes NADP+ or NAD+ equally as coenzymes; expression is glucose repressed; can substitute for cytosolic NADP-dependent aldehyde dehydrogenase when directed to the cytosol; human homolog ALDH2 can complement yeast ald4 mutant	pS
YOR374W	ALD4	P46367	29	226	100	100	98.9	Very high	0.021	Ordered	7	2.75	Buried	Mitochondrial aldehyde dehydrogenase; required for growth on ethanol and conversion of acetaldehyde to acetate; phosphorylated; activity is K+ dependent; utilizes NADP+ or NAD+ equally as coenzymes; expression is glucose repressed; can substitute for cytosolic NADP-dependent aldehyde dehydrogenase when directed to the cytosol; human homolog ALDH2 can complement yeast ald4 mutant	pY
YOR374W	ALD4	P46367	29	228	100	100	98.6	Very high	0.024	Ordered	0	0	Buried	Mitochondrial aldehyde dehydrogenase; required for growth on ethanol and conversion of acetaldehyde to acetate; phosphorylated; activity is K+ dependent; utilizes NADP+ or NAD+ equally as coenzymes; expression is glucose repressed; can substitute for cytosolic NADP-dependent aldehyde dehydrogenase when directed to the cytosol; human homolog ALDH2 can complement yeast ald4 mutant	pS
YOR374W	ALD4	P46367	29	267	100	100	98.8	Very high	0.033	Ordered	10	6.13	Buried	Mitochondrial aldehyde dehydrogenase; required for growth on ethanol and conversion of acetaldehyde to acetate; phosphorylated; activity is K+ dependent; utilizes NADP+ or NAD+ equally as coenzymes; expression is glucose repressed; can substitute for cytosolic NADP-dependent aldehyde dehydrogenase when directed to the cytosol; human homolog ALDH2 can complement yeast ald4 mutant	pT
YOR374W	ALD4	P46367	29	269	100	100	97.8	Very high	0.032	Ordered	53	37.06	Exposed	Mitochondrial aldehyde dehydrogenase; required for growth on ethanol and conversion of acetaldehyde to acetate; phosphorylated; activity is K+ dependent; utilizes NADP+ or NAD+ equally as coenzymes; expression is glucose repressed; can substitute for cytosolic NADP-dependent aldehyde dehydrogenase when directed to the cytosol; human homolog ALDH2 can complement yeast ald4 mutant	pS
YOR374W	ALD4	P46367	29	270	100	100	98.2	Very high	0.031	Ordered	7	4.29	Buried	Mitochondrial aldehyde dehydrogenase; required for growth on ethanol and conversion of acetaldehyde to acetate; phosphorylated; activity is K+ dependent; utilizes NADP+ or NAD+ equally as coenzymes; expression is glucose repressed; can substitute for cytosolic NADP-dependent aldehyde dehydrogenase when directed to the cytosol; human homolog ALDH2 can complement yeast ald4 mutant	pT
YOR374W	ALD4	P46367	29	272	100	100	98.4	Very high	0.03	Ordered	62	38.04	Exposed	Mitochondrial aldehyde dehydrogenase; required for growth on ethanol and conversion of acetaldehyde to acetate; phosphorylated; activity is K+ dependent; utilizes NADP+ or NAD+ equally as coenzymes; expression is glucose repressed; can substitute for cytosolic NADP-dependent aldehyde dehydrogenase when directed to the cytosol; human homolog ALDH2 can complement yeast ald4 mutant	pT
YOR374W	ALD4	P46367	29	348	100	100	98.7	Very high	0.05	Ordered	2	1.4	Buried	Mitochondrial aldehyde dehydrogenase; required for growth on ethanol and conversion of acetaldehyde to acetate; phosphorylated; activity is K+ dependent; utilizes NADP+ or NAD+ equally as coenzymes; expression is glucose repressed; can substitute for cytosolic NADP-dependent aldehyde dehydrogenase when directed to the cytosol; human homolog ALDH2 can complement yeast ald4 mutant	pS
YOR374W	ALD4	P46367	29	350	75	75	98.2	Very high	0.058	Ordered	92	64.34	Exposed	Mitochondrial aldehyde dehydrogenase; required for growth on ethanol and conversion of acetaldehyde to acetate; phosphorylated; activity is K+ dependent; utilizes NADP+ or NAD+ equally as coenzymes; expression is glucose repressed; can substitute for cytosolic NADP-dependent aldehyde dehydrogenase when directed to the cytosol; human homolog ALDH2 can complement yeast ald4 mutant	pS
YOR374W	ALD4	P46367	29	360	75	75	97.9	Very high	0.09	Ordered	69	48.25	Exposed	Mitochondrial aldehyde dehydrogenase; required for growth on ethanol and conversion of acetaldehyde to acetate; phosphorylated; activity is K+ dependent; utilizes NADP+ or NAD+ equally as coenzymes; expression is glucose repressed; can substitute for cytosolic NADP-dependent aldehyde dehydrogenase when directed to the cytosol; human homolog ALDH2 can complement yeast ald4 mutant	pS
YOR374W	ALD4	P46367	29	367	100	100	98.4	Very high	0.081	Ordered	7	4.29	Buried	Mitochondrial aldehyde dehydrogenase; required for growth on ethanol and conversion of acetaldehyde to acetate; phosphorylated; activity is K+ dependent; utilizes NADP+ or NAD+ equally as coenzymes; expression is glucose repressed; can substitute for cytosolic NADP-dependent aldehyde dehydrogenase when directed to the cytosol; human homolog ALDH2 can complement yeast ald4 mutant	pT
YOR374W	ALD4	P46367	29	368	100	100	98.1	Very high	0.079	Ordered	38	26.57	Exposed	Mitochondrial aldehyde dehydrogenase; required for growth on ethanol and conversion of acetaldehyde to acetate; phosphorylated; activity is K+ dependent; utilizes NADP+ or NAD+ equally as coenzymes; expression is glucose repressed; can substitute for cytosolic NADP-dependent aldehyde dehydrogenase when directed to the cytosol; human homolog ALDH2 can complement yeast ald4 mutant	pS
YOR374W	ALD4	P46367	29	398	75	75	94.8	Very high	0.092	Ordered	112	78.32	Exposed	Mitochondrial aldehyde dehydrogenase; required for growth on ethanol and conversion of acetaldehyde to acetate; phosphorylated; activity is K+ dependent; utilizes NADP+ or NAD+ equally as coenzymes; expression is glucose repressed; can substitute for cytosolic NADP-dependent aldehyde dehydrogenase when directed to the cytosol; human homolog ALDH2 can complement yeast ald4 mutant	pS
YOR374W	ALD4	P46367	29	500	100	100	95.2	Very high	0.043	Ordered	16	11.19	Buried	Mitochondrial aldehyde dehydrogenase; required for growth on ethanol and conversion of acetaldehyde to acetate; phosphorylated; activity is K+ dependent; utilizes NADP+ or NAD+ equally as coenzymes; expression is glucose repressed; can substitute for cytosolic NADP-dependent aldehyde dehydrogenase when directed to the cytosol; human homolog ALDH2 can complement yeast ald4 mutant	pS
YLR304C	ACO1	P19414	35	18	87.5	100	55.2	Low	0.809	Disordered	132	80.98	Exposed	Aconitase; required for the tricarboxylic acid (TCA) cycle and also independently required for mitochondrial genome maintenance; component of the mitochondrial nucleoid; mutation leads to glutamate auxotrophy; human homolog ACO2 can complement yeast null mutant	pT
YLR304C	ACO1	P19414	35	20	100	100	72.2	Confident	0.768	Disordered	46	32.17	Exposed	Aconitase; required for the tricarboxylic acid (TCA) cycle and also independently required for mitochondrial genome maintenance; component of the mitochondrial nucleoid; mutation leads to glutamate auxotrophy; human homolog ACO2 can complement yeast null mutant	pS
YLR304C	ACO1	P19414	35	37	100	100	92.9	Very high	0.22	Ordered	7	4.9	Buried	Aconitase; required for the tricarboxylic acid (TCA) cycle and also independently required for mitochondrial genome maintenance; component of the mitochondrial nucleoid; mutation leads to glutamate auxotrophy; human homolog ACO2 can complement yeast null mutant	pS
YLR304C	ACO1	P19414	35	83	100	100	95.7	Very high	0.017	Ordered	6	4.2	Buried	Aconitase; required for the tricarboxylic acid (TCA) cycle and also independently required for mitochondrial genome maintenance; component of the mitochondrial nucleoid; mutation leads to glutamate auxotrophy; human homolog ACO2 can complement yeast null mutant	pS
YLR304C	ACO1	P19414	35	87	100	0	98.6	Very high	0.009	Ordered	0	0	Buried	Aconitase; required for the tricarboxylic acid (TCA) cycle and also independently required for mitochondrial genome maintenance; component of the mitochondrial nucleoid; mutation leads to glutamate auxotrophy; human homolog ACO2 can complement yeast null mutant	pL
YLR304C	ACO1	P19414	35	174	100	0	98.4	Very high	0.002	Ordered	2	1.05	Buried	Aconitase; required for the tricarboxylic acid (TCA) cycle and also independently required for mitochondrial genome maintenance; component of the mitochondrial nucleoid; mutation leads to glutamate auxotrophy; human homolog ACO2 can complement yeast null mutant	pL
YLR304C	ACO1	P19414	35	202	100	0	98.8	Very high	0.022	Ordered	0	0	Buried	Aconitase; required for the tricarboxylic acid (TCA) cycle and also independently required for mitochondrial genome maintenance; component of the mitochondrial nucleoid; mutation leads to glutamate auxotrophy; human homolog ACO2 can complement yeast null mutant	pI
YLR304C	ACO1	P19414	35	254	100	100	90.2	Very high	0.019	Ordered	85	36.96	Exposed	Aconitase; required for the tricarboxylic acid (TCA) cycle and also independently required for mitochondrial genome maintenance; component of the mitochondrial nucleoid; mutation leads to glutamate auxotrophy; human homolog ACO2 can complement yeast null mutant	pK
YLR304C	ACO1	P19414	35	231	100	100	98.7	Very high	0.02	Ordered	35	21.47	Exposed	Aconitase; required for the tricarboxylic acid (TCA) cycle and also independently required for mitochondrial genome maintenance; component of the mitochondrial nucleoid; mutation leads to glutamate auxotrophy; human homolog ACO2 can complement yeast null mutant	pT
YLR304C	ACO1	P19414	35	238	100	100	97.9	Very high	0.017	Ordered	8	4.91	Buried	Aconitase; required for the tricarboxylic acid (TCA) cycle and also independently required for mitochondrial genome maintenance; component of the mitochondrial nucleoid; mutation leads to glutamate auxotrophy; human homolog ACO2 can complement yeast null mutant	pT
YLR304C	ACO1	P19414	35	239	100	100	97.8	Very high	0.018	Ordered	3	2.1	Buried	Aconitase; required for the tricarboxylic acid (TCA) cycle and also independently required for mitochondrial genome maintenance; component of the mitochondrial nucleoid; mutation leads to glutamate auxotrophy; human homolog ACO2 can complement yeast null mutant	pS
YLR304C	ACO1	P19414	35	252	100	0	96.2	Very high	0.018	Ordered	61	37.42	Exposed	Aconitase; required for the tricarboxylic acid (TCA) cycle and also independently required for mitochondrial genome maintenance; component of the mitochondrial nucleoid; mutation leads to glutamate auxotrophy; human homolog ACO2 can complement yeast null mutant	pT
YLR304C	ACO1	P19414	35	257	100	100	94.8	Very high	0.019	Ordered	54	33.13	Exposed	Aconitase; required for the tricarboxylic acid (TCA) cycle and also independently required for mitochondrial genome maintenance; component of the mitochondrial nucleoid; mutation leads to glutamate auxotrophy; human homolog ACO2 can complement yeast null mutant	pT
YLR304C	ACO1	P19414	35	298	100	100	97.9	Very high	0.009	Ordered	17	11.89	Buried	Aconitase; required for the tricarboxylic acid (TCA) cycle and also independently required for mitochondrial genome maintenance; component of the mitochondrial nucleoid; mutation leads to glutamate auxotrophy; human homolog ACO2 can complement yeast null mutant	pS
YLR304C	ACO1	P19414	35	311	100	0	98.2	Very high	0.009	Ordered	6	3.08	Buried	Aconitase; required for the tricarboxylic acid (TCA) cycle and also independently required for mitochondrial genome maintenance; component of the mitochondrial nucleoid; mutation leads to glutamate auxotrophy; human homolog ACO2 can complement yeast null mutant	pI
YLR304C	ACO1	P19414	35	319	62.5	0	97.2	Very high	0.009	Ordered	73	33.8	Exposed	Aconitase; required for the tricarboxylic acid (TCA) cycle and also independently required for mitochondrial genome maintenance; component of the mitochondrial nucleoid; mutation leads to glutamate auxotrophy; human homolog ACO2 can complement yeast null mutant	pH
YLR304C	ACO1	P19414	35	351	100	100	94.9	Very high	0.02	Ordered	30	18.4	Buried	Aconitase; required for the tricarboxylic acid (TCA) cycle and also independently required for mitochondrial genome maintenance; component of the mitochondrial nucleoid; mutation leads to glutamate auxotrophy; human homolog ACO2 can complement yeast null mutant	pT
YLR304C	ACO1	P19414	35	383	100	100	94.8	Very high	0.036	Ordered	3	1.84	Buried	Aconitase; required for the tricarboxylic acid (TCA) cycle and also independently required for mitochondrial genome maintenance; component of the mitochondrial nucleoid; mutation leads to glutamate auxotrophy; human homolog ACO2 can complement yeast null mutant	pT
YLR304C	ACO1	P19414	35	385	100	100	95.8	Very high	0.033	Ordered	1	0.7	Buried	Aconitase; required for the tricarboxylic acid (TCA) cycle and also independently required for mitochondrial genome maintenance; component of the mitochondrial nucleoid; mutation leads to glutamate auxotrophy; human homolog ACO2 can complement yeast null mutant	pS
YLR304C	ACO1	P19414	35	386	100	100	97.3	Very high	0.034	Ordered	3	2.1	Buried	Aconitase; required for the tricarboxylic acid (TCA) cycle and also independently required for mitochondrial genome maintenance; component of the mitochondrial nucleoid; mutation leads to glutamate auxotrophy; human homolog ACO2 can complement yeast null mutant	pS
YLR304C	ACO1	P19414	35	387	100	100	98.3	Very high	0.038	Ordered	14	5.49	Buried	Aconitase; required for the tricarboxylic acid (TCA) cycle and also independently required for mitochondrial genome maintenance; component of the mitochondrial nucleoid; mutation leads to glutamate auxotrophy; human homolog ACO2 can complement yeast null mutant	pY
YLR304C	ACO1	P19414	35	391	100	100	98	Very high	0.036	Ordered	10	6.99	Buried	Aconitase; required for the tricarboxylic acid (TCA) cycle and also independently required for mitochondrial genome maintenance; component of the mitochondrial nucleoid; mutation leads to glutamate auxotrophy; human homolog ACO2 can complement yeast null mutant	pS
YLR304C	ACO1	P19414	35	395	100	100	98.3	Very high	0.035	Ordered	10	6.99	Buried	Aconitase; required for the tricarboxylic acid (TCA) cycle and also independently required for mitochondrial genome maintenance; component of the mitochondrial nucleoid; mutation leads to glutamate auxotrophy; human homolog ACO2 can complement yeast null mutant	pS
YLR304C	ACO1	P19414	35	409	75	100	96.9	Very high	0.021	Ordered	17	10.43	Buried	Aconitase; required for the tricarboxylic acid (TCA) cycle and also independently required for mitochondrial genome maintenance; component of the mitochondrial nucleoid; mutation leads to glutamate auxotrophy; human homolog ACO2 can complement yeast null mutant	pT
YLR304C	ACO1	P19414	35	417	100	100	98.4	Very high	0.02	Ordered	1	0.7	Buried	Aconitase; required for the tricarboxylic acid (TCA) cycle and also independently required for mitochondrial genome maintenance; component of the mitochondrial nucleoid; mutation leads to glutamate auxotrophy; human homolog ACO2 can complement yeast null mutant	pS
YLR304C	ACO1	P19414	35	467	100	100	98.8	Very high	0.053	Ordered	0	0	Buried	Aconitase; required for the tricarboxylic acid (TCA) cycle and also independently required for mitochondrial genome maintenance; component of the mitochondrial nucleoid; mutation leads to glutamate auxotrophy; human homolog ACO2 can complement yeast null mutant	pS
YLR304C	ACO1	P19414	35	468	100	100	98.7	Very high	0.056	Ordered	0	0	Buried	Aconitase; required for the tricarboxylic acid (TCA) cycle and also independently required for mitochondrial genome maintenance; component of the mitochondrial nucleoid; mutation leads to glutamate auxotrophy; human homolog ACO2 can complement yeast null mutant	pS
YLR304C	ACO1	P19414	35	508	100	100	97.4	Very high	0.052	Ordered	85	52.15	Exposed	Aconitase; required for the tricarboxylic acid (TCA) cycle and also independently required for mitochondrial genome maintenance; component of the mitochondrial nucleoid; mutation leads to glutamate auxotrophy; human homolog ACO2 can complement yeast null mutant	pT
YLR304C	ACO1	P19414	35	549	87.5	87.5	91.8	Very high	0.132	Ordered	89	62.24	Exposed	Aconitase; required for the tricarboxylic acid (TCA) cycle and also independently required for mitochondrial genome maintenance; component of the mitochondrial nucleoid; mutation leads to glutamate auxotrophy; human homolog ACO2 can complement yeast null mutant	pS
YLR304C	ACO1	P19414	35	550	75	75	91.5	Very high	0.135	Ordered	116	71.17	Exposed	Aconitase; required for the tricarboxylic acid (TCA) cycle and also independently required for mitochondrial genome maintenance; component of the mitochondrial nucleoid; mutation leads to glutamate auxotrophy; human homolog ACO2 can complement yeast null mutant	pT
YLR304C	ACO1	P19414	35	556	75	75	94.9	Very high	0.11	Ordered	52	36.36	Exposed	Aconitase; required for the tricarboxylic acid (TCA) cycle and also independently required for mitochondrial genome maintenance; component of the mitochondrial nucleoid; mutation leads to glutamate auxotrophy; human homolog ACO2 can complement yeast null mutant	pS
YLR304C	ACO1	P19414	35	591	100	100	95.2	Very high	0.029	Ordered	2	1.23	Buried	Aconitase; required for the tricarboxylic acid (TCA) cycle and also independently required for mitochondrial genome maintenance; component of the mitochondrial nucleoid; mutation leads to glutamate auxotrophy; human homolog ACO2 can complement yeast null mutant	pT
YLR304C	ACO1	P19414	35	595	100	100	96.9	Very high	0.027	Ordered	0	0	Buried	Aconitase; required for the tricarboxylic acid (TCA) cycle and also independently required for mitochondrial genome maintenance; component of the mitochondrial nucleoid; mutation leads to glutamate auxotrophy; human homolog ACO2 can complement yeast null mutant	pS
YLR304C	ACO1	P19414	35	736	87.5	87.5	98.7	Very high	0.037	Ordered	52	31.9	Exposed	Aconitase; required for the tricarboxylic acid (TCA) cycle and also independently required for mitochondrial genome maintenance; component of the mitochondrial nucleoid; mutation leads to glutamate auxotrophy; human homolog ACO2 can complement yeast null mutant	pT
YLR304C	ACO1	P19414	35	767	100	100	96.1	Very high	0.18	Ordered	3	2.1	Buried	Aconitase; required for the tricarboxylic acid (TCA) cycle and also independently required for mitochondrial genome maintenance; component of the mitochondrial nucleoid; mutation leads to glutamate auxotrophy; human homolog ACO2 can complement yeast null mutant	pS
YLR259C	HSP60	P19882	35	4	75	87.5	36.2	Very low	0.945	Disordered	104	72.73	Exposed	Tetradecameric mitochondrial chaperonin; required for ATP-dependent folding of precursor polypeptides and complex assembly; prevents aggregation and mediates protein refolding after heat shock; role in mtDNA transmission; phosphorylated	pS
YLR259C	HSP60	P19882	35	5	75	75	38.6	Very low	0.921	Disordered	117	81.82	Exposed	Tetradecameric mitochondrial chaperonin; required for ATP-dependent folding of precursor polypeptides and complex assembly; prevents aggregation and mediates protein refolding after heat shock; role in mtDNA transmission; phosphorylated	pS
YLR259C	HSP60	P19882	35	22	100	100	64.2	Low	0.779	Disordered	21	14.69	Buried	Tetradecameric mitochondrial chaperonin; required for ATP-dependent folding of precursor polypeptides and complex assembly; prevents aggregation and mediates protein refolding after heat shock; role in mtDNA transmission; phosphorylated	pS
YLR259C	HSP60	P19882	35	23	62.5	100	78.8	Confident	0.709	Disordered	108	75.52	Exposed	Tetradecameric mitochondrial chaperonin; required for ATP-dependent folding of precursor polypeptides and complex assembly; prevents aggregation and mediates protein refolding after heat shock; role in mtDNA transmission; phosphorylated	pS
YLR259C	HSP60	P19882	35	43	100	100	97.4	Very high	0.122	Ordered	56	34.36	Exposed	Tetradecameric mitochondrial chaperonin; required for ATP-dependent folding of precursor polypeptides and complex assembly; prevents aggregation and mediates protein refolding after heat shock; role in mtDNA transmission; phosphorylated	pT
YLR259C	HSP60	P19882	35	80	87.5	87.5	92.9	Very high	0.045	Ordered	53	37.06	Exposed	Tetradecameric mitochondrial chaperonin; required for ATP-dependent folding of precursor polypeptides and complex assembly; prevents aggregation and mediates protein refolding after heat shock; role in mtDNA transmission; phosphorylated	pS
YLR259C	HSP60	P19882	35	100	100	100	92.1	Very high	0.134	Ordered	25	17.48	Buried	Tetradecameric mitochondrial chaperonin; required for ATP-dependent folding of precursor polypeptides and complex assembly; prevents aggregation and mediates protein refolding after heat shock; role in mtDNA transmission; phosphorylated	pS
YLR259C	HSP60	P19882	35	102	100	100	90.9	Very high	0.14	Ordered	0	0	Buried	Tetradecameric mitochondrial chaperonin; required for ATP-dependent folding of precursor polypeptides and complex assembly; prevents aggregation and mediates protein refolding after heat shock; role in mtDNA transmission; phosphorylated	pT
YLR259C	HSP60	P19882	35	122	100	100	96.3	Very high	0.076	Ordered	20	12.27	Buried	Tetradecameric mitochondrial chaperonin; required for ATP-dependent folding of precursor polypeptides and complex assembly; prevents aggregation and mediates protein refolding after heat shock; role in mtDNA transmission; phosphorylated	pT
YLR259C	HSP60	P19882	35	124	100	100	95.2	Very high	0.067	Ordered	3	2.1	Buried	Tetradecameric mitochondrial chaperonin; required for ATP-dependent folding of precursor polypeptides and complex assembly; prevents aggregation and mediates protein refolding after heat shock; role in mtDNA transmission; phosphorylated	pS
YLR259C	HSP60	P19882	35	141	75	100	96.8	Very high	0.048	Ordered	1	0.7	Buried	Tetradecameric mitochondrial chaperonin; required for ATP-dependent folding of precursor polypeptides and complex assembly; prevents aggregation and mediates protein refolding after heat shock; role in mtDNA transmission; phosphorylated	pS
YLR259C	HSP60	P19882	35	153	50	100	97	Very high	0.056	Ordered	53	37.06	Exposed	Tetradecameric mitochondrial chaperonin; required for ATP-dependent folding of precursor polypeptides and complex assembly; prevents aggregation and mediates protein refolding after heat shock; role in mtDNA transmission; phosphorylated	pS
YLR259C	HSP60	P19882	35	177	62.5	62.5	90.4	Very high	0.05	Ordered	62	43.36	Exposed	Tetradecameric mitochondrial chaperonin; required for ATP-dependent folding of precursor polypeptides and complex assembly; prevents aggregation and mediates protein refolding after heat shock; role in mtDNA transmission; phosphorylated	pS
YLR259C	HSP60	P19882	35	185	100	100	91.8	Very high	0.052	Ordered	49	34.27	Exposed	Tetradecameric mitochondrial chaperonin; required for ATP-dependent folding of precursor polypeptides and complex assembly; prevents aggregation and mediates protein refolding after heat shock; role in mtDNA transmission; phosphorylated	pS
YLR259C	HSP60	P19882	35	197	100	100	84.8	Confident	0.061	Ordered	13	7.98	Buried	Tetradecameric mitochondrial chaperonin; required for ATP-dependent folding of precursor polypeptides and complex assembly; prevents aggregation and mediates protein refolding after heat shock; role in mtDNA transmission; phosphorylated	pT
YLR259C	HSP60	P19882	35	203	100	100	90.8	Very high	0.063	Ordered	52	31.9	Exposed	Tetradecameric mitochondrial chaperonin; required for ATP-dependent folding of precursor polypeptides and complex assembly; prevents aggregation and mediates protein refolding after heat shock; role in mtDNA transmission; phosphorylated	pT
YLR259C	HSP60	P19882	35	231	100	100	75.9	Confident	0.058	Ordered	27	18.88	Buried	Tetradecameric mitochondrial chaperonin; required for ATP-dependent folding of precursor polypeptides and complex assembly; prevents aggregation and mediates protein refolding after heat shock; role in mtDNA transmission; phosphorylated	pS
YLR259C	HSP60	P19882	35	232	75	75	85.1	Confident	0.061	Ordered	36	25.17	Exposed	Tetradecameric mitochondrial chaperonin; required for ATP-dependent folding of precursor polypeptides and complex assembly; prevents aggregation and mediates protein refolding after heat shock; role in mtDNA transmission; phosphorylated	pS
YLR259C	HSP60	P19882	35	249	100	100	96.1	Very high	0.039	Ordered	48	33.57	Exposed	Tetradecameric mitochondrial chaperonin; required for ATP-dependent folding of precursor polypeptides and complex assembly; prevents aggregation and mediates protein refolding after heat shock; role in mtDNA transmission; phosphorylated	pS
YLR259C	HSP60	P19882	35	250	100	100	95.2	Very high	0.036	Ordered	36	25.17	Exposed	Tetradecameric mitochondrial chaperonin; required for ATP-dependent folding of precursor polypeptides and complex assembly; prevents aggregation and mediates protein refolding after heat shock; role in mtDNA transmission; phosphorylated	pS
YLR259C	HSP60	P19882	35	351	100	100	94.5	Very high	0.098	Ordered	0	0	Buried	Tetradecameric mitochondrial chaperonin; required for ATP-dependent folding of precursor polypeptides and complex assembly; prevents aggregation and mediates protein refolding after heat shock; role in mtDNA transmission; phosphorylated	pT
YLR259C	HSP60	P19882	35	357	75	75	93.9	Very high	0.091	Ordered	67	46.85	Exposed	Tetradecameric mitochondrial chaperonin; required for ATP-dependent folding of precursor polypeptides and complex assembly; prevents aggregation and mediates protein refolding after heat shock; role in mtDNA transmission; phosphorylated	pS
YLR259C	HSP60	P19882	35	373	100	100	88.6	Confident	0.145	Ordered	46	32.17	Exposed	Tetradecameric mitochondrial chaperonin; required for ATP-dependent folding of precursor polypeptides and complex assembly; prevents aggregation and mediates protein refolding after heat shock; role in mtDNA transmission; phosphorylated	pS
YLR259C	HSP60	P19882	35	377	87.5	100	75.4	Confident	0.135	Ordered	138	84.66	Exposed	Tetradecameric mitochondrial chaperonin; required for ATP-dependent folding of precursor polypeptides and complex assembly; prevents aggregation and mediates protein refolding after heat shock; role in mtDNA transmission; phosphorylated	pT
YLR259C	HSP60	P19882	35	378	87.5	100	84.1	Confident	0.136	Ordered	128	78.53	Exposed	Tetradecameric mitochondrial chaperonin; required for ATP-dependent folding of precursor polypeptides and complex assembly; prevents aggregation and mediates protein refolding after heat shock; role in mtDNA transmission; phosphorylated	pT
YLR259C	HSP60	P19882	35	379	100	100	78.8	Confident	0.138	Ordered	17	10.43	Buried	Tetradecameric mitochondrial chaperonin; required for ATP-dependent folding of precursor polypeptides and complex assembly; prevents aggregation and mediates protein refolding after heat shock; role in mtDNA transmission; phosphorylated	pT
YLR259C	HSP60	P19882	35	381	100	100	79.5	Confident	0.138	Ordered	102	71.33	Exposed	Tetradecameric mitochondrial chaperonin; required for ATP-dependent folding of precursor polypeptides and complex assembly; prevents aggregation and mediates protein refolding after heat shock; role in mtDNA transmission; phosphorylated	pS
YLR259C	HSP60	P19882	35	382	100	100	81.9	Confident	0.139	Ordered	116	45.49	Exposed	Tetradecameric mitochondrial chaperonin; required for ATP-dependent folding of precursor polypeptides and complex assembly; prevents aggregation and mediates protein refolding after heat shock; role in mtDNA transmission; phosphorylated	pY
YLR259C	HSP60	P19882	35	395	100	100	75.7	Confident	0.112	Ordered	72	50.35	Exposed	Tetradecameric mitochondrial chaperonin; required for ATP-dependent folding of precursor polypeptides and complex assembly; prevents aggregation and mediates protein refolding after heat shock; role in mtDNA transmission; phosphorylated	pS
YLR259C	HSP60	P19882	35	407	100	100	88.9	Confident	0.133	Ordered	58	40.56	Exposed	Tetradecameric mitochondrial chaperonin; required for ATP-dependent folding of precursor polypeptides and complex assembly; prevents aggregation and mediates protein refolding after heat shock; role in mtDNA transmission; phosphorylated	pS
YLR259C	HSP60	P19882	35	439	100	100	96.8	Very high	0.104	Ordered	3	1.84	Buried	Tetradecameric mitochondrial chaperonin; required for ATP-dependent folding of precursor polypeptides and complex assembly; prevents aggregation and mediates protein refolding after heat shock; role in mtDNA transmission; phosphorylated	pT
YLR259C	HSP60	P19882	35	470	100	100	97.2	Very high	0.047	Ordered	22	13.5	Buried	Tetradecameric mitochondrial chaperonin; required for ATP-dependent folding of precursor polypeptides and complex assembly; prevents aggregation and mediates protein refolding after heat shock; role in mtDNA transmission; phosphorylated	pT
YLR259C	HSP60	P19882	35	485	100	100	94.9	Very high	0.06	Ordered	62	43.36	Exposed	Tetradecameric mitochondrial chaperonin; required for ATP-dependent folding of precursor polypeptides and complex assembly; prevents aggregation and mediates protein refolding after heat shock; role in mtDNA transmission; phosphorylated	pS
YLR259C	HSP60	P19882	35	495	87.5	87.5	90.5	Very high	0.082	Ordered	61	23.92	Exposed	Tetradecameric mitochondrial chaperonin; required for ATP-dependent folding of precursor polypeptides and complex assembly; prevents aggregation and mediates protein refolding after heat shock; role in mtDNA transmission; phosphorylated	pY
YLR259C	HSP60	P19882	35	506	25	25	92	Very high	0.072	Ordered	58	40.56	Exposed	Tetradecameric mitochondrial chaperonin; required for ATP-dependent folding of precursor polypeptides and complex assembly; prevents aggregation and mediates protein refolding after heat shock; role in mtDNA transmission; phosphorylated	pS
YLR355C	ILV5	P06168	39	21	100	100	37.8	Very low	0.892	Disordered	136	83.44	Exposed	Acetohydroxyacid reductoisomerase and mtDNA binding protein; involved in branched-chain amino acid biosynthesis and maintenance of wild-type mitochondrial DNA; found in mitochondrial nucleoids	pT
YLR355C	ILV5	P06168	39	44	25	25	41	Very low	0.37	Ordered	83	50.92	Exposed	Acetohydroxyacid reductoisomerase and mtDNA binding protein; involved in branched-chain amino acid biosynthesis and maintenance of wild-type mitochondrial DNA; found in mitochondrial nucleoids	pT
YLR355C	ILV5	P06168	39	56	100	100	93.9	Very high	0.113	Ordered	84	51.53	Exposed	Acetohydroxyacid reductoisomerase and mtDNA binding protein; involved in branched-chain amino acid biosynthesis and maintenance of wild-type mitochondrial DNA; found in mitochondrial nucleoids	pT
YLR355C	ILV5	P06168	39	59	100	100	92.8	Very high	0.071	Ordered	51	31.29	Exposed	Acetohydroxyacid reductoisomerase and mtDNA binding protein; involved in branched-chain amino acid biosynthesis and maintenance of wild-type mitochondrial DNA; found in mitochondrial nucleoids	pT
YLR355C	ILV5	P06168	39	74	100	100	98.1	Very high	0.017	Ordered	60	23.53	Exposed	Acetohydroxyacid reductoisomerase and mtDNA binding protein; involved in branched-chain amino acid biosynthesis and maintenance of wild-type mitochondrial DNA; found in mitochondrial nucleoids	pY
YLR355C	ILV5	P06168	39	75	100	0	98.2	Very high	0.017	Ordered	4	1.75	Buried	Acetohydroxyacid reductoisomerase and mtDNA binding protein; involved in branched-chain amino acid biosynthesis and maintenance of wild-type mitochondrial DNA; found in mitochondrial nucleoids	pF
YLR355C	ILV5	P06168	39	85	100	100	98.2	Very high	0.037	Ordered	11	4.31	Buried	Acetohydroxyacid reductoisomerase and mtDNA binding protein; involved in branched-chain amino acid biosynthesis and maintenance of wild-type mitochondrial DNA; found in mitochondrial nucleoids	pY
YLR355C	ILV5	P06168	39	87	100	100	95.1	Very high	0.042	Ordered	65	45.45	Exposed	Acetohydroxyacid reductoisomerase and mtDNA binding protein; involved in branched-chain amino acid biosynthesis and maintenance of wild-type mitochondrial DNA; found in mitochondrial nucleoids	pS
YLR355C	ILV5	P06168	39	113	100	100	97	Very high	0.026	Ordered	48	33.57	Exposed	Acetohydroxyacid reductoisomerase and mtDNA binding protein; involved in branched-chain amino acid biosynthesis and maintenance of wild-type mitochondrial DNA; found in mitochondrial nucleoids	pS
YLR355C	ILV5	P06168	39	130	50	75	98.2	Very high	0.021	Ordered	36	22.09	Exposed	Acetohydroxyacid reductoisomerase and mtDNA binding protein; involved in branched-chain amino acid biosynthesis and maintenance of wild-type mitochondrial DNA; found in mitochondrial nucleoids	pT
YLR355C	ILV5	P06168	39	139	25	62.5	98.5	Very high	0.027	Ordered	25	17.48	Buried	Acetohydroxyacid reductoisomerase and mtDNA binding protein; involved in branched-chain amino acid biosynthesis and maintenance of wild-type mitochondrial DNA; found in mitochondrial nucleoids	pS
YLR355C	ILV5	P06168	39	153	100	100	95.6	Very high	0.035	Ordered	37	22.7	Exposed	Acetohydroxyacid reductoisomerase and mtDNA binding protein; involved in branched-chain amino acid biosynthesis and maintenance of wild-type mitochondrial DNA; found in mitochondrial nucleoids	pT
YLR355C	ILV5	P06168	39	166	100	100	98.8	Very high	0.038	Ordered	2	1.23	Buried	Acetohydroxyacid reductoisomerase and mtDNA binding protein; involved in branched-chain amino acid biosynthesis and maintenance of wild-type mitochondrial DNA; found in mitochondrial nucleoids	pT
YLR355C	ILV5	P06168	39	168	100	100	98.7	Very high	0.04	Ordered	0	0	Buried	Acetohydroxyacid reductoisomerase and mtDNA binding protein; involved in branched-chain amino acid biosynthesis and maintenance of wild-type mitochondrial DNA; found in mitochondrial nucleoids	pY
YLR355C	ILV5	P06168	39	170	100	100	98.1	Very high	0.042	Ordered	17	11.89	Buried	Acetohydroxyacid reductoisomerase and mtDNA binding protein; involved in branched-chain amino acid biosynthesis and maintenance of wild-type mitochondrial DNA; found in mitochondrial nucleoids	pS
YLR355C	ILV5	P06168	39	174	100	100	97.5	Very high	0.044	Ordered	0	0	Buried	Acetohydroxyacid reductoisomerase and mtDNA binding protein; involved in branched-chain amino acid biosynthesis and maintenance of wild-type mitochondrial DNA; found in mitochondrial nucleoids	pS
YLR355C	ILV5	P06168	39	199	100	100	92.6	Very high	0.054	Ordered	52	36.36	Exposed	Acetohydroxyacid reductoisomerase and mtDNA binding protein; involved in branched-chain amino acid biosynthesis and maintenance of wild-type mitochondrial DNA; found in mitochondrial nucleoids	pS
YLR355C	ILV5	P06168	39	202	100	100	94.1	Very high	0.054	Ordered	51	31.29	Exposed	Acetohydroxyacid reductoisomerase and mtDNA binding protein; involved in branched-chain amino acid biosynthesis and maintenance of wild-type mitochondrial DNA; found in mitochondrial nucleoids	pT
YLR355C	ILV5	P06168	39	205	100	100	96.5	Very high	0.06	Ordered	45	31.47	Exposed	Acetohydroxyacid reductoisomerase and mtDNA binding protein; involved in branched-chain amino acid biosynthesis and maintenance of wild-type mitochondrial DNA; found in mitochondrial nucleoids	pS
YLR355C	ILV5	P06168	39	215	100	100	97.7	Very high	0.042	Ordered	0	0	Buried	Acetohydroxyacid reductoisomerase and mtDNA binding protein; involved in branched-chain amino acid biosynthesis and maintenance of wild-type mitochondrial DNA; found in mitochondrial nucleoids	pS
YLR355C	ILV5	P06168	39	216	100	100	97.8	Very high	0.039	Ordered	0	0	Buried	Acetohydroxyacid reductoisomerase and mtDNA binding protein; involved in branched-chain amino acid biosynthesis and maintenance of wild-type mitochondrial DNA; found in mitochondrial nucleoids	pS
YLR355C	ILV5	P06168	39	217	100	100	98.4	Very high	0.039	Ordered	3	1.18	Buried	Acetohydroxyacid reductoisomerase and mtDNA binding protein; involved in branched-chain amino acid biosynthesis and maintenance of wild-type mitochondrial DNA; found in mitochondrial nucleoids	pY
YLR355C	ILV5	P06168	39	254	100	100	97.4	Very high	0.028	Ordered	55	38.46	Exposed	Acetohydroxyacid reductoisomerase and mtDNA binding protein; involved in branched-chain amino acid biosynthesis and maintenance of wild-type mitochondrial DNA; found in mitochondrial nucleoids	pS
YLR355C	ILV5	P06168	39	257	100	100	97.6	Very high	0.03	Ordered	69	27.06	Exposed	Acetohydroxyacid reductoisomerase and mtDNA binding protein; involved in branched-chain amino acid biosynthesis and maintenance of wild-type mitochondrial DNA; found in mitochondrial nucleoids	pY
YLR355C	ILV5	P06168	39	284	100	100	98.4	Very high	0.063	Ordered	37	25.87	Exposed	Acetohydroxyacid reductoisomerase and mtDNA binding protein; involved in branched-chain amino acid biosynthesis and maintenance of wild-type mitochondrial DNA; found in mitochondrial nucleoids	pS
YLR355C	ILV5	P06168	39	286	100	100	97.9	Very high	0.073	Ordered	59	41.26	Exposed	Acetohydroxyacid reductoisomerase and mtDNA binding protein; involved in branched-chain amino acid biosynthesis and maintenance of wild-type mitochondrial DNA; found in mitochondrial nucleoids	pS
YLR355C	ILV5	P06168	39	292	100	100	98.1	Very high	0.072	Ordered	4	2.45	Buried	Acetohydroxyacid reductoisomerase and mtDNA binding protein; involved in branched-chain amino acid biosynthesis and maintenance of wild-type mitochondrial DNA; found in mitochondrial nucleoids	pT
YLR355C	ILV5	P06168	39	311	100	100	96.9	Very high	0.021	Ordered	102	40	Exposed	Acetohydroxyacid reductoisomerase and mtDNA binding protein; involved in branched-chain amino acid biosynthesis and maintenance of wild-type mitochondrial DNA; found in mitochondrial nucleoids	pY
YLR355C	ILV5	P06168	39	317	100	100	96	Very high	0.023	Ordered	73	51.05	Exposed	Acetohydroxyacid reductoisomerase and mtDNA binding protein; involved in branched-chain amino acid biosynthesis and maintenance of wild-type mitochondrial DNA; found in mitochondrial nucleoids	pS
YLR355C	ILV5	P06168	39	318	100	100	96.3	Very high	0.025	Ordered	119	73.01	Exposed	Acetohydroxyacid reductoisomerase and mtDNA binding protein; involved in branched-chain amino acid biosynthesis and maintenance of wild-type mitochondrial DNA; found in mitochondrial nucleoids	pT
YLR355C	ILV5	P06168	39	319	100	100	96.2	Very high	0.026	Ordered	119	73.01	Exposed	Acetohydroxyacid reductoisomerase and mtDNA binding protein; involved in branched-chain amino acid biosynthesis and maintenance of wild-type mitochondrial DNA; found in mitochondrial nucleoids	pT
YLR355C	ILV5	P06168	39	328	100	100	97.2	Very high	0.025	Ordered	118	46.27	Exposed	Acetohydroxyacid reductoisomerase and mtDNA binding protein; involved in branched-chain amino acid biosynthesis and maintenance of wild-type mitochondrial DNA; found in mitochondrial nucleoids	pY
YLR355C	ILV5	P06168	39	343	100	100	98.3	Very high	0.125	Ordered	102	40	Exposed	Acetohydroxyacid reductoisomerase and mtDNA binding protein; involved in branched-chain amino acid biosynthesis and maintenance of wild-type mitochondrial DNA; found in mitochondrial nucleoids	pY
YLR355C	ILV5	P06168	39	345	100	100	97.9	Very high	0.132	Ordered	20	13.99	Buried	Acetohydroxyacid reductoisomerase and mtDNA binding protein; involved in branched-chain amino acid biosynthesis and maintenance of wild-type mitochondrial DNA; found in mitochondrial nucleoids	pS
YLR355C	ILV5	P06168	39	346	100	100	97.5	Very high	0.14	Ordered	0	0	Buried	Acetohydroxyacid reductoisomerase and mtDNA binding protein; involved in branched-chain amino acid biosynthesis and maintenance of wild-type mitochondrial DNA; found in mitochondrial nucleoids	pT
YLR355C	ILV5	P06168	39	350	75	100	97.6	Very high	0.158	Ordered	77	47.24	Exposed	Acetohydroxyacid reductoisomerase and mtDNA binding protein; involved in branched-chain amino acid biosynthesis and maintenance of wild-type mitochondrial DNA; found in mitochondrial nucleoids	pT
YLR355C	ILV5	P06168	39	355	100	100	94.9	Very high	0.186	Ordered	23	16.08	Buried	Acetohydroxyacid reductoisomerase and mtDNA binding protein; involved in branched-chain amino acid biosynthesis and maintenance of wild-type mitochondrial DNA; found in mitochondrial nucleoids	pS
YLR355C	ILV5	P06168	39	360	100	100	91.5	Very high	0.156	Ordered	73	51.05	Exposed	Acetohydroxyacid reductoisomerase and mtDNA binding protein; involved in branched-chain amino acid biosynthesis and maintenance of wild-type mitochondrial DNA; found in mitochondrial nucleoids	pS
YLR355C	ILV5	P06168	39	374	100	100	96.9	Very high	0.073	Ordered	90	55.21	Exposed	Acetohydroxyacid reductoisomerase and mtDNA binding protein; involved in branched-chain amino acid biosynthesis and maintenance of wild-type mitochondrial DNA; found in mitochondrial nucleoids	pT
YJR045C	SSC1	P0CS90	45	11	87.5	87.5	33.4	Very low	0.896	Disordered	108	75.52	Exposed	Hsp70 family ATPase; constituent of the import motor component of the Translocase of the Inner Mitochondrial membrane (TIM23 complex); involved in protein translocation and folding; subunit of SceI endonuclease; SSC1 has a paralog, ECM10, that arose from the whole genome duplication	pS
YJR045C	SSC1	P0CS90	45	12	50	50	32.1	Very low	0.886	Disordered	109	76.22	Exposed	Hsp70 family ATPase; constituent of the import motor component of the Translocase of the Inner Mitochondrial membrane (TIM23 complex); involved in protein translocation and folding; subunit of SceI endonuclease; SSC1 has a paralog, ECM10, that arose from the whole genome duplication	pS
YJR045C	SSC1	P0CS90	45	14	50	50	30.9	Very low	0.912	Disordered	114	79.72	Exposed	Hsp70 family ATPase; constituent of the import motor component of the Translocase of the Inner Mitochondrial membrane (TIM23 complex); involved in protein translocation and folding; subunit of SceI endonuclease; SSC1 has a paralog, ECM10, that arose from the whole genome duplication	pS
YJR045C	SSC1	P0CS90	45	15	37.5	37.5	33.5	Very low	0.9	Disordered	88	61.54	Exposed	Hsp70 family ATPase; constituent of the import motor component of the Translocase of the Inner Mitochondrial membrane (TIM23 complex); involved in protein translocation and folding; subunit of SceI endonuclease; SSC1 has a paralog, ECM10, that arose from the whole genome duplication	pS
YJR045C	SSC1	P0CS90	45	16	62.5	62.5	34.8	Very low	0.888	Disordered	101	70.63	Exposed	Hsp70 family ATPase; constituent of the import motor component of the Translocase of the Inner Mitochondrial membrane (TIM23 complex); involved in protein translocation and folding; subunit of SceI endonuclease; SSC1 has a paralog, ECM10, that arose from the whole genome duplication	pS
YJR045C	SSC1	P0CS90	45	21	50	50	31.2	Very low	0.839	Disordered	99	60.74	Exposed	Hsp70 family ATPase; constituent of the import motor component of the Translocase of the Inner Mitochondrial membrane (TIM23 complex); involved in protein translocation and folding; subunit of SceI endonuclease; SSC1 has a paralog, ECM10, that arose from the whole genome duplication	pT
YJR045C	SSC1	P0CS90	45	31	62.5	62.5	85.6	Confident	0.586	Disordered	36	25.17	Exposed	Hsp70 family ATPase; constituent of the import motor component of the Translocase of the Inner Mitochondrial membrane (TIM23 complex); involved in protein translocation and folding; subunit of SceI endonuclease; SSC1 has a paralog, ECM10, that arose from the whole genome duplication	pS
YJR045C	SSC1	P0CS90	45	61	62.5	62.5	96.8	Very high	0.085	Ordered	38	26.57	Exposed	Hsp70 family ATPase; constituent of the import motor component of the Translocase of the Inner Mitochondrial membrane (TIM23 complex); involved in protein translocation and folding; subunit of SceI endonuclease; SSC1 has a paralog, ECM10, that arose from the whole genome duplication	pS
YJR045C	SSC1	P0CS90	45	63	100	100	98.1	Very high	0.08	Ordered	32	19.63	Buried	Hsp70 family ATPase; constituent of the import motor component of the Translocase of the Inner Mitochondrial membrane (TIM23 complex); involved in protein translocation and folding; subunit of SceI endonuclease; SSC1 has a paralog, ECM10, that arose from the whole genome duplication	pT
YJR045C	SSC1	P0CS90	45	64	100	100	98.5	Very high	0.081	Ordered	3	1.84	Buried	Hsp70 family ATPase; constituent of the import motor component of the Translocase of the Inner Mitochondrial membrane (TIM23 complex); involved in protein translocation and folding; subunit of SceI endonuclease; SSC1 has a paralog, ECM10, that arose from the whole genome duplication	pT
YJR045C	SSC1	P0CS90	45	66	100	100	98.5	Very high	0.084	Ordered	7	4.9	Buried	Hsp70 family ATPase; constituent of the import motor component of the Translocase of the Inner Mitochondrial membrane (TIM23 complex); involved in protein translocation and folding; subunit of SceI endonuclease; SSC1 has a paralog, ECM10, that arose from the whole genome duplication	pS
YJR045C	SSC1	P0CS90	45	71	100	100	92.7	Very high	0.07	Ordered	17	10.43	Buried	Hsp70 family ATPase; constituent of the import motor component of the Translocase of the Inner Mitochondrial membrane (TIM23 complex); involved in protein translocation and folding; subunit of SceI endonuclease; SSC1 has a paralog, ECM10, that arose from the whole genome duplication	pT
YJR045C	SSC1	P0CS90	45	97	87.5	87.5	96.9	Very high	0.058	Ordered	11	6.75	Buried	Hsp70 family ATPase; constituent of the import motor component of the Translocase of the Inner Mitochondrial membrane (TIM23 complex); involved in protein translocation and folding; subunit of SceI endonuclease; SSC1 has a paralog, ECM10, that arose from the whole genome duplication	pT
YJR045C	SSC1	P0CS90	45	125	75	75	91.9	Very high	0.046	Ordered	109	76.22	Exposed	Hsp70 family ATPase; constituent of the import motor component of the Translocase of the Inner Mitochondrial membrane (TIM23 complex); involved in protein translocation and folding; subunit of SceI endonuclease; SSC1 has a paralog, ECM10, that arose from the whole genome duplication	pS
YJR045C	SSC1	P0CS90	45	138	75	87.5	96.9	Very high	0.041	Ordered	23	9.02	Buried	Hsp70 family ATPase; constituent of the import motor component of the Translocase of the Inner Mitochondrial membrane (TIM23 complex); involved in protein translocation and folding; subunit of SceI endonuclease; SSC1 has a paralog, ECM10, that arose from the whole genome duplication	pY
YJR045C	SSC1	P0CS90	45	137	87.5	87.5	96.6	Very high	0.042	Ordered	70	42.94	Exposed	Hsp70 family ATPase; constituent of the import motor component of the Translocase of the Inner Mitochondrial membrane (TIM23 complex); involved in protein translocation and folding; subunit of SceI endonuclease; SSC1 has a paralog, ECM10, that arose from the whole genome duplication	pT
YJR045C	SSC1	P0CS90	45	139	87.5	100	96.6	Very high	0.041	Ordered	3	2.1	Buried	Hsp70 family ATPase; constituent of the import motor component of the Translocase of the Inner Mitochondrial membrane (TIM23 complex); involved in protein translocation and folding; subunit of SceI endonuclease; SSC1 has a paralog, ECM10, that arose from the whole genome duplication	pS
YJR045C	SSC1	P0CS90	45	169	100	100	96.9	Very high	0.048	Ordered	0	0	Buried	Hsp70 family ATPase; constituent of the import motor component of the Translocase of the Inner Mitochondrial membrane (TIM23 complex); involved in protein translocation and folding; subunit of SceI endonuclease; SSC1 has a paralog, ECM10, that arose from the whole genome duplication	pT
YJR045C	SSC1	P0CS90	45	177	100	100	80.6	Confident	0.066	Ordered	9	6.29	Buried	Hsp70 family ATPase; constituent of the import motor component of the Translocase of the Inner Mitochondrial membrane (TIM23 complex); involved in protein translocation and folding; subunit of SceI endonuclease; SSC1 has a paralog, ECM10, that arose from the whole genome duplication	pS
YJR045C	SSC1	P0CS90	45	201	100	100	94.9	Very high	0.023	Ordered	1	0.61	Buried	Hsp70 family ATPase; constituent of the import motor component of the Translocase of the Inner Mitochondrial membrane (TIM23 complex); involved in protein translocation and folding; subunit of SceI endonuclease; SSC1 has a paralog, ECM10, that arose from the whole genome duplication	pT
YJR045C	SSC1	P0CS90	45	269	50	62.5	96.1	Very high	0.043	Ordered	116	71.17	Exposed	Hsp70 family ATPase; constituent of the import motor component of the Translocase of the Inner Mitochondrial membrane (TIM23 complex); involved in protein translocation and folding; subunit of SceI endonuclease; SSC1 has a paralog, ECM10, that arose from the whole genome duplication	pT
YJR045C	SSC1	P0CS90	45	311	87.5	0	92.7	Very high	0.077	Ordered	67	55.37	Exposed	Hsp70 family ATPase; constituent of the import motor component of the Translocase of the Inner Mitochondrial membrane (TIM23 complex); involved in protein translocation and folding; subunit of SceI endonuclease; SSC1 has a paralog, ECM10, that arose from the whole genome duplication	pA
YJR045C	SSC1	P0CS90	45	319	87.5	0	97.1	Very high	0.061	Ordered	1	0.51	Buried	Hsp70 family ATPase; constituent of the import motor component of the Translocase of the Inner Mitochondrial membrane (TIM23 complex); involved in protein translocation and folding; subunit of SceI endonuclease; SSC1 has a paralog, ECM10, that arose from the whole genome duplication	pI
YJR045C	SSC1	P0CS90	45	330	87.5	87.5	98.1	Very high	0.052	Ordered	109	66.87	Exposed	Hsp70 family ATPase; constituent of the import motor component of the Translocase of the Inner Mitochondrial membrane (TIM23 complex); involved in protein translocation and folding; subunit of SceI endonuclease; SSC1 has a paralog, ECM10, that arose from the whole genome duplication	pT
YJR045C	SSC1	P0CS90	45	332	87.5	87.5	98.1	Very high	0.051	Ordered	0	0	Buried	Hsp70 family ATPase; constituent of the import motor component of the Translocase of the Inner Mitochondrial membrane (TIM23 complex); involved in protein translocation and folding; subunit of SceI endonuclease; SSC1 has a paralog, ECM10, that arose from the whole genome duplication	pT
YJR045C	SSC1	P0CS90	45	353	37.5	37.5	96.8	Very high	0.069	Ordered	48	33.57	Exposed	Hsp70 family ATPase; constituent of the import motor component of the Translocase of the Inner Mitochondrial membrane (TIM23 complex); involved in protein translocation and folding; subunit of SceI endonuclease; SSC1 has a paralog, ECM10, that arose from the whole genome duplication	pS
YJR045C	SSC1	P0CS90	45	354	87.5	87.5	96.7	Very high	0.071	Ordered	55	33.74	Exposed	Hsp70 family ATPase; constituent of the import motor component of the Translocase of the Inner Mitochondrial membrane (TIM23 complex); involved in protein translocation and folding; subunit of SceI endonuclease; SSC1 has a paralog, ECM10, that arose from the whole genome duplication	pT
YJR045C	SSC1	P0CS90	45	355	100	100	95.9	Very high	0.072	Ordered	94	65.73	Exposed	Hsp70 family ATPase; constituent of the import motor component of the Translocase of the Inner Mitochondrial membrane (TIM23 complex); involved in protein translocation and folding; subunit of SceI endonuclease; SSC1 has a paralog, ECM10, that arose from the whole genome duplication	pS
YJR045C	SSC1	P0CS90	45	367	87.5	100	97.5	Very high	0.048	Ordered	3	2.1	Buried	Hsp70 family ATPase; constituent of the import motor component of the Translocase of the Inner Mitochondrial membrane (TIM23 complex); involved in protein translocation and folding; subunit of SceI endonuclease; SSC1 has a paralog, ECM10, that arose from the whole genome duplication	pS
YJR045C	SSC1	P0CS90	45	378	62.5	62.5	97.3	Very high	0.077	Ordered	90	62.94	Exposed	Hsp70 family ATPase; constituent of the import motor component of the Translocase of the Inner Mitochondrial membrane (TIM23 complex); involved in protein translocation and folding; subunit of SceI endonuclease; SSC1 has a paralog, ECM10, that arose from the whole genome duplication	pS
YJR045C	SSC1	P0CS90	45	385	87.5	87.5	94.2	Very high	0.076	Ordered	28	19.58	Buried	Hsp70 family ATPase; constituent of the import motor component of the Translocase of the Inner Mitochondrial membrane (TIM23 complex); involved in protein translocation and folding; subunit of SceI endonuclease; SSC1 has a paralog, ECM10, that arose from the whole genome duplication	pS
YJR045C	SSC1	P0CS90	45	440	100	100	93.2	Very high	0.1	Ordered	53	32.52	Exposed	Hsp70 family ATPase; constituent of the import motor component of the Translocase of the Inner Mitochondrial membrane (TIM23 complex); involved in protein translocation and folding; subunit of SceI endonuclease; SSC1 has a paralog, ECM10, that arose from the whole genome duplication	pT
YJR045C	SSC1	P0CS90	45	450	100	100	87.8	Confident	0.106	Ordered	41	28.67	Exposed	Hsp70 family ATPase; constituent of the import motor component of the Translocase of the Inner Mitochondrial membrane (TIM23 complex); involved in protein translocation and folding; subunit of SceI endonuclease; SSC1 has a paralog, ECM10, that arose from the whole genome duplication	pS
YJR045C	SSC1	P0CS90	45	457	87.5	87.5	87.4	Confident	0.071	Ordered	70	42.94	Exposed	Hsp70 family ATPase; constituent of the import motor component of the Translocase of the Inner Mitochondrial membrane (TIM23 complex); involved in protein translocation and folding; subunit of SceI endonuclease; SSC1 has a paralog, ECM10, that arose from the whole genome duplication	pT
YJR045C	SSC1	P0CS90	45	458	87.5	87.5	87.6	Confident	0.07	Ordered	49	34.27	Exposed	Hsp70 family ATPase; constituent of the import motor component of the Translocase of the Inner Mitochondrial membrane (TIM23 complex); involved in protein translocation and folding; subunit of SceI endonuclease; SSC1 has a paralog, ECM10, that arose from the whole genome duplication	pS
YJR045C	SSC1	P0CS90	45	481	62.5	62.5	88	Confident	0.079	Ordered	75	46.01	Exposed	Hsp70 family ATPase; constituent of the import motor component of the Translocase of the Inner Mitochondrial membrane (TIM23 complex); involved in protein translocation and folding; subunit of SceI endonuclease; SSC1 has a paralog, ECM10, that arose from the whole genome duplication	pT
YJR045C	SSC1	P0CS90	45	516	100	100	88.4	Confident	0.519	Disordered	48	29.45	Exposed	Hsp70 family ATPase; constituent of the import motor component of the Translocase of the Inner Mitochondrial membrane (TIM23 complex); involved in protein translocation and folding; subunit of SceI endonuclease; SSC1 has a paralog, ECM10, that arose from the whole genome duplication	pT
YJR045C	SSC1	P0CS90	45	528	87.5	87.5	65	Low	0.639	Disordered	13	9.09	Buried	Hsp70 family ATPase; constituent of the import motor component of the Translocase of the Inner Mitochondrial membrane (TIM23 complex); involved in protein translocation and folding; subunit of SceI endonuclease; SSC1 has a paralog, ECM10, that arose from the whole genome duplication	pS
YJR045C	SSC1	P0CS90	45	572	100	100	88.4	Confident	0.339	Ordered	38	26.57	Exposed	Hsp70 family ATPase; constituent of the import motor component of the Translocase of the Inner Mitochondrial membrane (TIM23 complex); involved in protein translocation and folding; subunit of SceI endonuclease; SSC1 has a paralog, ECM10, that arose from the whole genome duplication	pS
YJR045C	SSC1	P0CS90	45	594	62.5	75	93.4	Very high	0.252	Ordered	41	28.67	Exposed	Hsp70 family ATPase; constituent of the import motor component of the Translocase of the Inner Mitochondrial membrane (TIM23 complex); involved in protein translocation and folding; subunit of SceI endonuclease; SSC1 has a paralog, ECM10, that arose from the whole genome duplication	pS
YJR045C	SSC1	P0CS90	45	617	87.5	87.5	91.1	Very high	0.469	Ordered	22	13.5	Buried	Hsp70 family ATPase; constituent of the import motor component of the Translocase of the Inner Mitochondrial membrane (TIM23 complex); involved in protein translocation and folding; subunit of SceI endonuclease; SSC1 has a paralog, ECM10, that arose from the whole genome duplication	pT
YJR045C	SSC1	P0CS90	45	623	87.5	87.5	91.9	Very high	0.516	Disordered	21	14.69	Buried	Hsp70 family ATPase; constituent of the import motor component of the Translocase of the Inner Mitochondrial membrane (TIM23 complex); involved in protein translocation and folding; subunit of SceI endonuclease; SSC1 has a paralog, ECM10, that arose from the whole genome duplication	pS
YJR045C	SSC1	P0CS90	45	624	87.5	87.5	88.8	Confident	0.532	Disordered	10	6.99	Buried	Hsp70 family ATPase; constituent of the import motor component of the Translocase of the Inner Mitochondrial membrane (TIM23 complex); involved in protein translocation and folding; subunit of SceI endonuclease; SSC1 has a paralog, ECM10, that arose from the whole genome duplication	pS
YJR045C	SSC1	P0CS90	45	636	87.5	87.5	53.6	Low	0.796	Disordered	75	52.45	Exposed	Hsp70 family ATPase; constituent of the import motor component of the Translocase of the Inner Mitochondrial membrane (TIM23 complex); involved in protein translocation and folding; subunit of SceI endonuclease; SSC1 has a paralog, ECM10, that arose from the whole genome duplication	pS
YJR045C	SSC1	P0CS90	45	649	50	50	42.6	Very low	0.942	Disordered	130	90.91	Exposed	Hsp70 family ATPase; constituent of the import motor component of the Translocase of the Inner Mitochondrial membrane (TIM23 complex); involved in protein translocation and folding; subunit of SceI endonuclease; SSC1 has a paralog, ECM10, that arose from the whole genome duplication	pS
